/*
 * This file was automatically generated using the 'generate_bin_blob' tool
 * Modification of this file is not recommanded - please re-generate it
 * as needed and embed in the code library.
 */

#ifndef __cariboulite_fpga_firmware_h__
#define __cariboulite_fpga_firmware_h__

#ifdef __cplusplus
extern "C" {
#endif

#include <stdio.h>
#include <stdint.h>
#include <time.h>

/*
 * Time tagging of the module through the 'struct tm' structure 
 *     Date: 2026-03-23
 *     Time: 19:35:33
 */
struct tm cariboulite_firmware_date_time = {
   .tm_sec = 33,
   .tm_min = 35,
   .tm_hour = 19,
   .tm_mday = 23,
   .tm_mon = 2,   /* +1    */
   .tm_year = 126,  /* +1900 */
};

/*
 * Data blob of variable cariboulite_firmware:
 *     Size: 32220 bytes
 *     Original filename: ./top.bin
 */
uint8_t cariboulite_firmware[] = {
	0xFF, 0x00, 0x00, 0xFF, 0x7E, 0xAA, 0x99, 0x7E, 0x51, 0x00, 0x01, 0x05, 0x92, 0x00, 0x20, 0x62, 
	0x01, 0x4B, 0x72, 0x00, 0x90, 0x82, 0x00, 0x00, 0x11, 0x00, 0x01, 0x01, 0x00, 0x00, 0x00, 0x00, 
	0x00, 0x00, 0x00, 0x00, 0x00, 0x00, 0x00, 0x00, 0x00, 0x00, 0x00, 0x00, 0x00, 0x00, 0x00, 0x00, 
	0x00, 0x00, 0x00, 0x00, 0x00, 0x00, 0x00, 0x00, 0x10, 0x00, 0x60, 0x00, 0x00, 0x00, 0x00, 0x40, 
	0x0F, 0x00, 0x00, 0x00, 0x00, 0x00, 0x00, 0x00, 0x00, 0x00, 0x00, 0x00, 0x00, 0x00, 0x00, 0x00, 
	0x00, 0x00, 0x00, 0x00, 0x00, 0x00, 0x00, 0x00, 0x00, 0x00, 0x00, 0x00, 0x00, 0x00, 0x00, 0x00, 
	0x00, 0x00, 0x00, 0x00, 0x00, 0x00, 0x00, 0x00, 0x00, 0x00, 0x98, 0x00, 0x00, 0x00, 0x00, 0x00, 
	0x00, 0x00, 0x00, 0x00, 0x00, 0x00, 0x00, 0x00, 0x00, 0x00, 0x00, 0x00, 0x00, 0x00, 0x00, 0x00, 
	0x00, 0x00, 0x00, 0x00, 0x00, 0x00, 0x30, 0x00, 0x00, 0x00, 0x00, 0x10, 0x00, 0x20, 0x00, 0x00, 
	0x00, 0x00, 0x40, 0x00, 0x00, 0x00, 0x00, 0x00, 0x00, 0x00, 0x00, 0x00, 0x00, 0x00, 0x00, 0x00, 
	0x00, 0x00, 0x00, 0x00, 0x00, 0x00, 0x00, 0x00, 0x00, 0x00, 0x00, 0x00, 0x00, 0x00, 0x00, 0x00, 
	0x00, 0x00, 0x00, 0x00, 0x00, 0x00, 0x1E, 0x00, 0x00, 0x00, 0x00, 0x00, 0x00, 0x38, 0x00, 0x00, 
	0x00, 0x00, 0x00, 0x00, 0x00, 0x00, 0x00, 0x00, 0x00, 0x00, 0x00, 0x00, 0x00, 0x00, 0x00, 0x00, 
	0x00, 0x00, 0x00, 0x00, 0x00, 0x00, 0x00, 0x00, 0x00, 0x00, 0x00, 0x04, 0x00, 0x00, 0x20, 0x00, 
	0x00, 0x03, 0xB0, 0x00, 0x00, 0x80, 0x00, 0x00, 0x0F, 0xC0, 0x00, 0x00, 0x00, 0x00, 0x00, 0x00, 
	0x00, 0x00, 0x00, 0x00, 0x00, 0x00, 0x00, 0x00, 0x00, 0x00, 0x00, 0x00, 0x00, 0x00, 0x00, 0x00, 
	0x00, 0x00, 0x00, 0x00, 0x00, 0x80, 0x00, 0x00, 0x00, 0x1C, 0x00, 0x3F, 0x00, 0x00, 0x00, 0x00, 
	0x00, 0x00, 0xFC, 0x00, 0x00, 0x00, 0x00, 0x00, 0x00, 0x00, 0x04, 0x00, 0x00, 0x00, 0x00, 0x00, 
	0x00, 0x10, 0x00, 0x00, 0x00, 0x00, 0x00, 0x00, 0x40, 0x00, 0x00, 0x00, 0x00, 0x00, 0x00, 0x00, 
	0x00, 0x00, 0x00, 0x00, 0x00, 0x00, 0x00, 0x00, 0x00, 0x00, 0x00, 0x00, 0x00, 0x00, 0x00, 0x00, 
	0x00, 0x00, 0x00, 0x00, 0x00, 0x00, 0x00, 0x00, 0x00, 0x00, 0x00, 0x00, 0x00, 0x00, 0x00, 0x00, 
	0x00, 0x00, 0x00, 0x00, 0x00, 0x07, 0x00, 0x00, 0x00, 0x00, 0x00, 0x00, 0x00, 0x00, 0x00, 0x00, 
	0x00, 0x00, 0x00, 0x00, 0x00, 0x00, 0x00, 0x00, 0x00, 0x00, 0x00, 0x00, 0x00, 0x04, 0x00, 0x00, 
	0x00, 0x00, 0x00, 0x00, 0x10, 0x00, 0x00, 0x00, 0x00, 0x00, 0x00, 0x40, 0x00, 0x00, 0x00, 0x00, 
	0x30, 0x00, 0x00, 0x00, 0x00, 0x00, 0x00, 0x80, 0x00, 0x00, 0x00, 0x00, 0x0F, 0x02, 0x00, 0x00, 
	0x00, 0x00, 0x00, 0x00, 0x00, 0x00, 0x00, 0x00, 0x00, 0x00, 0x00, 0x00, 0x00, 0x00, 0x00, 0x00, 
	0x00, 0x00, 0x00, 0x00, 0x00, 0x00, 0x00, 0x00, 0x00, 0x00, 0x00, 0x00, 0x00, 0x00, 0x00, 0x00, 
	0x00, 0x00, 0x00, 0x00, 0x00, 0x00, 0x78, 0x00, 0x00, 0x00, 0x00, 0x00, 0x00, 0x00, 0x00, 0x00, 
	0x00, 0x00, 0x00, 0x00, 0x00, 0x00, 0x00, 0x00, 0x00, 0x00, 0x00, 0x00, 0x00, 0x00, 0x00, 0x00, 
	0x00, 0x00, 0x00, 0x00, 0x50, 0x00, 0x00, 0x00, 0x00, 0x00, 0x01, 0x40, 0x00, 0x00, 0x00, 0x00, 
	0x00, 0x0F, 0x00, 0x00, 0x00, 0x00, 0x00, 0x00, 0x00, 0x00, 0x00, 0x00, 0x00, 0x00, 0x00, 0x00, 
	0x00, 0x00, 0x00, 0x00, 0x00, 0x00, 0x00, 0x00, 0x00, 0x00, 0x40, 0x00, 0x00, 0x0E, 0x00, 0x00, 
	0x01, 0x00, 0x06, 0x00, 0x20, 0x00, 0x00, 0x04, 0x00, 0x00, 0x00, 0x90, 0x00, 0x00, 0x00, 0x00, 
	0x00, 0x00, 0x00, 0x00, 0x00, 0x00, 0x00, 0x00, 0x00, 0x00, 0x00, 0x00, 0x00, 0x00, 0x00, 0x00, 
	0x00, 0x00, 0x00, 0x00, 0x00, 0x80, 0x00, 0x00, 0x00, 0x00, 0x00, 0x00, 0x00, 0x00, 0x00, 0x00, 
	0x00, 0x00, 0x00, 0x00, 0x00, 0x00, 0x00, 0x00, 0x00, 0x00, 0x00, 0x00, 0x00, 0x00, 0x00, 0x00, 
	0x00, 0x00, 0x00, 0x00, 0x00, 0x00, 0x00, 0x00, 0x00, 0x00, 0x00, 0x00, 0x00, 0x40, 0x0F, 0x00, 
	0x00, 0x00, 0x00, 0x01, 0x00, 0x00, 0x00, 0x00, 0x00, 0x00, 0x04, 0x00, 0x00, 0x00, 0x10, 0x00, 
	0x00, 0x00, 0x00, 0x00, 0x00, 0x00, 0x00, 0x00, 0x00, 0x00, 0x00, 0x00, 0x00, 0x00, 0x00, 0x00, 
	0x00, 0x00, 0x00, 0x00, 0x00, 0x00, 0x00, 0x00, 0x00, 0x00, 0x00, 0x00, 0x00, 0x00, 0x03, 0xC0, 
	0x40, 0x00, 0x00, 0x00, 0x00, 0x00, 0x05, 0x00, 0x00, 0x00, 0x00, 0x00, 0x00, 0x00, 0x00, 0x00, 
	0x00, 0x00, 0x00, 0x00, 0x00, 0x00, 0x00, 0x00, 0x00, 0x00, 0x00, 0x00, 0x00, 0x00, 0x00, 0x00, 
	0x80, 0x00, 0x00, 0x00, 0x00, 0x00, 0x02, 0x00, 0x20, 0x00, 0x00, 0x00, 0x00, 0x08, 0x00, 0x00, 
	0x00, 0x18, 0x00, 0x00, 0x00, 0x00, 0x00, 0x00, 0x00, 0x00, 0x04, 0x02, 0x00, 0x00, 0x00, 0x00, 
	0x00, 0x00, 0x00, 0x00, 0x00, 0x08, 0x0F, 0x00, 0x00, 0x00, 0x02, 0x00, 0x01, 0xC1, 0x04, 0x00, 
	0x00, 0x09, 0x98, 0x02, 0x84, 0x10, 0x00, 0x00, 0x8E, 0x60, 0x40, 0x00, 0x40, 0x00, 0x00, 0x00, 
	0x00, 0x00, 0x00, 0x02, 0x40, 0x00, 0x80, 0x00, 0x00, 0x00, 0x00, 0x00, 0x00, 0x00, 0x00, 0x71, 
	0xB9, 0x30, 0x00, 0x00, 0x1C, 0x38, 0x10, 0x00, 0x11, 0x00, 0x00, 0xF0, 0xA0, 0x00, 0x00, 0x00, 
	0x00, 0x04, 0x00, 0x00, 0x00, 0x40, 0x00, 0x00, 0x00, 0x28, 0x00, 0x00, 0x17, 0xE0, 0xCF, 0x00, 
	0x08, 0x14, 0x00, 0x00, 0x00, 0x00, 0x02, 0x80, 0x00, 0x0F, 0xF0, 0x00, 0x20, 0x00, 0x00, 0x00, 
	0x00, 0x00, 0x00, 0x80, 0x00, 0x00, 0x02, 0x04, 0x10, 0x0A, 0x00, 0x00, 0x00, 0x00, 0x02, 0x40, 
	0x00, 0x00, 0x02, 0x00, 0x00, 0x08, 0x0F, 0x33, 0x10, 0x00, 0x40, 0x80, 0x00, 0x00, 0x00, 0x00, 
	0x20, 0x00, 0x01, 0xB9, 0x2A, 0x02, 0x00, 0x00, 0x00, 0x00, 0x00, 0x00, 0x08, 0x00, 0x00, 0x00, 
	0x40, 0x00, 0x00, 0x20, 0x03, 0x40, 0x00, 0x90, 0x00, 0x00, 0x00, 0x00, 0x30, 0x00, 0x01, 0x95, 
	0x24, 0xCF, 0x00, 0x00, 0x00, 0x00, 0x00, 0x00, 0x00, 0x03, 0x00, 0x08, 0x00, 0x80, 0x00, 0x40, 
	0x00, 0x00, 0x00, 0x10, 0x26, 0x00, 0x00, 0x00, 0x00, 0x06, 0x84, 0x10, 0x00, 0x01, 0x46, 0x01, 
	0xC0, 0x00, 0x40, 0x00, 0x00, 0x03, 0x00, 0x00, 0x08, 0x0B, 0xF3, 0x10, 0x00, 0x00, 0x00, 0x00, 
	0x00, 0x00, 0x00, 0x10, 0x00, 0xD0, 0x09, 0x00, 0x04, 0x00, 0x00, 0x00, 0x0D, 0x00, 0x00, 0x40, 
	0x00, 0x50, 0x00, 0x00, 0x00, 0x00, 0x00, 0x0A, 0x42, 0x80, 0x00, 0x40, 0x00, 0x00, 0x00, 0x00, 
	0x00, 0x00, 0x05, 0x24, 0xCD, 0x00, 0x00, 0x00, 0x00, 0x00, 0x00, 0x00, 0x00, 0x00, 0x08, 0x1E, 
	0x00, 0x00, 0x00, 0x00, 0x00, 0x00, 0x00, 0x00, 0x00, 0x00, 0x09, 0x80, 0x03, 0x04, 0x10, 0x00, 
	0x00, 0x00, 0x38, 0x00, 0x02, 0x40, 0x00, 0x00, 0x00, 0x00, 0x00, 0x00, 0x0B, 0x73, 0x10, 0x00, 
	0x00, 0x00, 0x00, 0x00, 0x00, 0x00, 0x00, 0x00, 0xD1, 0x09, 0x00, 0x00, 0x00, 0x00, 0x00, 0x00, 
	0x00, 0x00, 0x00, 0x00, 0x10, 0x00, 0x00, 0x00, 0x00, 0x00, 0x00, 0x00, 0x00, 0xB0, 0x00, 0x00, 
	0x00, 0x00, 0x00, 0x10, 0x18, 0x0D, 0x30, 0x20, 0x00, 0x00, 0x00, 0x00, 0x00, 0x00, 0x00, 0x00, 
	0x00, 0x00, 0x08, 0x80, 0x00, 0x00, 0x10, 0x00, 0x40, 0x00, 0x26, 0x04, 0x00, 0x08, 0x01, 0x02, 
	0x04, 0x10, 0x00, 0x00, 0x36, 0x03, 0xEE, 0x00, 0x21, 0x00, 0x00, 0x00, 0x00, 0x00, 0x00, 0x9A, 
	0xC0, 0x00, 0x00, 0x00, 0x00, 0x00, 0x00, 0x00, 0x00, 0x00, 0x00, 0x11, 0xDD, 0x00, 0x00, 0x00, 
	0x00, 0x28, 0x0D, 0x00, 0x00, 0x00, 0x00, 0x90, 0xA0, 0x40, 0x00, 0x00, 0x00, 0x01, 0xC2, 0x85, 
	0x05, 0x00, 0x10, 0x00, 0x00, 0x00, 0x00, 0x01, 0xC0, 0x00, 0x00, 0x00, 0x00, 0x00, 0x00, 0x00, 
	0x00, 0x00, 0x00, 0x00, 0x00, 0x00, 0xB8, 0x00, 0x0A, 0x00, 0x06, 0xC1, 0xC1, 0x00, 0x00, 0x00, 
	0x00, 0x00, 0x00, 0x00, 0x90, 0x00, 0x00, 0x40, 0x01, 0x7E, 0x4A, 0x00, 0x00, 0x00, 0x00, 0x00, 
	0x09, 0x10, 0x00, 0x00, 0x00, 0x00, 0x00, 0x00, 0x00, 0x00, 0x00, 0x00, 0x00, 0x00, 0x90, 0x85, 
	0x82, 0x00, 0x40, 0x0C, 0x28, 0x00, 0x00, 0x00, 0x00, 0x00, 0x00, 0x00, 0x20, 0x00, 0x00, 0x00, 
	0x00, 0x00, 0x0F, 0xAA, 0x10, 0x04, 0x00, 0x00, 0x00, 0x00, 0x01, 0xC0, 0x04, 0xF1, 0x00, 0x00, 
	0x00, 0x00, 0x00, 0x00, 0x00, 0x00, 0x00, 0x01, 0x00, 0x00, 0x00, 0x00, 0x00, 0x00, 0x00, 0x00, 
	0x00, 0x00, 0x01, 0x80, 0x00, 0x80, 0x00, 0x10, 0x00, 0x00, 0x20, 0x04, 0x00, 0x00, 0x00, 0x00, 
	0x00, 0x00, 0x00, 0x00, 0x00, 0x02, 0x4F, 0x10, 0x00, 0x00, 0x40, 0x00, 0x00, 0x00, 0x00, 0x00, 
	0x00, 0x08, 0x01, 0x00, 0x00, 0x00, 0x00, 0x00, 0x00, 0x00, 0x00, 0x00, 0x00, 0x00, 0x05, 0x00, 
	0x20, 0x00, 0x00, 0x00, 0x42, 0xAC, 0x00, 0x80, 0x00, 0x00, 0x00, 0x30, 0x00, 0x01, 0xC0, 0x00, 
	0x00, 0x00, 0x00, 0x00, 0x00, 0x00, 0x00, 0x00, 0x03, 0x20, 0x00, 0x00, 0x00, 0x00, 0x00, 0x00, 
	0x00, 0x01, 0xC1, 0x00, 0x00, 0x00, 0x00, 0x00, 0x03, 0x04, 0x10, 0x00, 0x86, 0x20, 0x20, 0x0A, 
	0x10, 0x40, 0x00, 0x00, 0x01, 0x00, 0x00, 0x10, 0x00, 0x00, 0x00, 0x00, 0x00, 0x00, 0x00, 0x00, 
	0x00, 0x00, 0x11, 0x00, 0x00, 0x0B, 0x00, 0x00, 0x00, 0x00, 0x00, 0x00, 0x00, 0x00, 0x00, 0x00, 
	0x00, 0x00, 0x40, 0x00, 0x00, 0x04, 0x01, 0x40, 0x00, 0x00, 0x00, 0x10, 0x00, 0x00, 0x00, 0x08, 
	0x70, 0x03, 0x6C, 0x08, 0x00, 0x00, 0x00, 0x00, 0x60, 0x00, 0x06, 0x00, 0x04, 0x00, 0x01, 0x00, 
	0x40, 0x00, 0x08, 0x00, 0x20, 0x00, 0x04, 0x00, 0x00, 0x07, 0x00, 0x00, 0x00, 0x10, 0x00, 0x02, 
	0x96, 0x04, 0x00, 0x00, 0x00, 0x00, 0x00, 0x00, 0x00, 0x00, 0x89, 0x07, 0x40, 0x80, 0x10, 0x00, 
	0x1C, 0x3B, 0x40, 0x08, 0x40, 0x00, 0x00, 0x10, 0xF5, 0x20, 0x00, 0x01, 0x54, 0x3E, 0xC0, 0x08, 
	0x40, 0x00, 0x00, 0x58, 0x01, 0x00, 0x20, 0x00, 0x00, 0x04, 0x02, 0x80, 0x00, 0x00, 0x00, 0x00, 
	0x00, 0x28, 0x00, 0x00, 0x05, 0x30, 0x60, 0x00, 0x20, 0x00, 0x00, 0x00, 0x00, 0x00, 0x02, 0x84, 
	0x08, 0x1C, 0xF0, 0x01, 0xA0, 0x16, 0x00, 0x20, 0x08, 0x10, 0x04, 0x80, 0x20, 0x00, 0x58, 0x00, 
	0x08, 0x02, 0x00, 0x06, 0x04, 0x00, 0x02, 0x40, 0x00, 0x00, 0x02, 0x00, 0x00, 0x00, 0x1F, 0xC2, 
	0x00, 0x02, 0x00, 0x00, 0x00, 0x00, 0x00, 0x00, 0x08, 0x04, 0xF1, 0x03, 0x3C, 0x0A, 0x00, 0x9C, 
	0x03, 0x4C, 0x42, 0x11, 0x2A, 0x81, 0x00, 0x03, 0x81, 0x68, 0x02, 0xA0, 0x00, 0x02, 0x00, 0xB0, 
	0x04, 0x00, 0x00, 0x00, 0x10, 0x00, 0x01, 0x87, 0x01, 0x69, 0x01, 0x40, 0x00, 0x00, 0x00, 0x00, 
	0x00, 0x03, 0x00, 0x07, 0x80, 0x80, 0x00, 0x42, 0x03, 0x40, 0x40, 0x00, 0x00, 0x00, 0x00, 0x07, 
	0x00, 0x7E, 0xF9, 0x40, 0x00, 0x00, 0x1E, 0x04, 0x58, 0xA5, 0x40, 0x00, 0x00, 0x01, 0x00, 0x00, 
	0x00, 0xDB, 0x70, 0xDA, 0x04, 0x00, 0x00, 0x00, 0x00, 0x00, 0x00, 0x30, 0x00, 0xF8, 0x0B, 0x00, 
	0x04, 0x42, 0x06, 0x3C, 0x00, 0x00, 0x00, 0x00, 0x00, 0x00, 0x0B, 0xBF, 0xA8, 0x00, 0x00, 0x00, 
	0x23, 0xE4, 0x0F, 0xAF, 0x00, 0x00, 0x02, 0x00, 0x00, 0x00, 0x10, 0x00, 0x01, 0xA1, 0x00, 0x00, 
	0x47, 0x00, 0x10, 0x26, 0x00, 0x02, 0x80, 0x00, 0x00, 0x00, 0x00, 0x03, 0xE0, 0x04, 0x00, 0x04, 
	0x00, 0x00, 0x00, 0x0E, 0x00, 0x00, 0x90, 0x00, 0x8D, 0x06, 0x64, 0x00, 0x00, 0x00, 0x00, 0x00, 
	0x00, 0x00, 0x05, 0x08, 0x30, 0x02, 0x12, 0x00, 0x00, 0x02, 0x40, 0x0C, 0x00, 0x40, 0x00, 0x00, 
	0x00, 0x95, 0x00, 0x00, 0x02, 0x3E, 0x3C, 0x00, 0x04, 0x41, 0x00, 0x08, 0xD1, 0x00, 0x20, 0x00, 
	0x00, 0x00, 0x00, 0x03, 0x40, 0x00, 0x00, 0x00, 0x00, 0x00, 0x00, 0x00, 0x18, 0x05, 0xB8, 0x84, 
	0x00, 0x00, 0x00, 0x00, 0x00, 0x00, 0x00, 0x00, 0x00, 0x00, 0x00, 0x00, 0x00, 0x00, 0x03, 0x60, 
	0x0D, 0xAA, 0x02, 0x00, 0x00, 0x0D, 0x81, 0x00, 0x00, 0x10, 0x00, 0x00, 0x00, 0x07, 0x6E, 0x5A, 
	0x61, 0x00, 0x00, 0x20, 0x00, 0x00, 0x0F, 0xB6, 0xC4, 0x00, 0x00, 0x00, 0x00, 0x00, 0x00, 0x00, 
	0x00, 0x00, 0x00, 0xF0, 0xF9, 0x00, 0x00, 0x08, 0x3C, 0x00, 0x00, 0xA0, 0x28, 0x00, 0x08, 0x10, 
	0xA3, 0x00, 0x20, 0x00, 0x00, 0x00, 0x02, 0x3E, 0x00, 0xA0, 0x00, 0x00, 0x00, 0x00, 0x00, 0x00, 
	0x1D, 0x33, 0x94, 0x01, 0x00, 0x00, 0xE0, 0x00, 0x00, 0x00, 0x00, 0x00, 0x09, 0x00, 0x90, 0x00, 
	0x00, 0x00, 0x00, 0x0C, 0xA4, 0x00, 0x00, 0x00, 0x00, 0x00, 0x00, 0x00, 0x00, 0x00, 0x0A, 0x00, 
	0x00, 0x7B, 0x74, 0x40, 0x00, 0x00, 0x00, 0x00, 0x0F, 0x0D, 0x7E, 0x16, 0x80, 0x00, 0x00, 0x02, 
	0x00, 0x00, 0x00, 0x00, 0x00, 0x00, 0x30, 0xFD, 0x02, 0x00, 0x00, 0x00, 0x29, 0x4B, 0x00, 0x00, 
	0x00, 0x80, 0x00, 0x00, 0x00, 0x00, 0x00, 0x00, 0x00, 0x00, 0x06, 0xFA, 0x05, 0x04, 0x00, 0x00, 
	0x00, 0x00, 0x00, 0x17, 0x68, 0x08, 0x00, 0x00, 0x08, 0x00, 0x00, 0x00, 0x00, 0x00, 0x00, 0x01, 
	0x09, 0x00, 0x00, 0x00, 0x00, 0x40, 0x0C, 0x18, 0x10, 0x08, 0x00, 0x00, 0x18, 0x00, 0x00, 0x00, 
	0x00, 0x00, 0x20, 0x02, 0x5F, 0x47, 0x40, 0x00, 0x00, 0x00, 0x00, 0x00, 0x08, 0x0A, 0xC0, 0x80, 
	0x00, 0x00, 0x00, 0x00, 0x00, 0x00, 0x00, 0x00, 0x00, 0x01, 0xEB, 0x00, 0x00, 0x00, 0x00, 0x00, 
	0x08, 0x81, 0x00, 0x00, 0x00, 0x00, 0x00, 0x00, 0x00, 0x00, 0x00, 0x80, 0xC0, 0x35, 0x94, 0x25, 
	0x00, 0x00, 0x00, 0x30, 0x80, 0x80, 0x03, 0x86, 0x04, 0x00, 0x40, 0x00, 0x00, 0x00, 0x00, 0x00, 
	0x03, 0x00, 0x00, 0x00, 0x80, 0x00, 0x40, 0x00, 0x00, 0x00, 0x00, 0x00, 0x00, 0x0A, 0x00, 0x1B, 
	0x70, 0x00, 0x10, 0x0C, 0xA0, 0x04, 0x38, 0xDB, 0xD1, 0x60, 0x00, 0x00, 0x01, 0x10, 0x01, 0x00, 
	0x0A, 0xE0, 0x42, 0x0C, 0x00, 0x00, 0x00, 0x00, 0x00, 0x00, 0x10, 0x00, 0x00, 0x09, 0x00, 0x0C, 
	0x00, 0x00, 0x00, 0x00, 0x00, 0x00, 0x00, 0x00, 0x00, 0xA0, 0x80, 0x10, 0x00, 0xC6, 0x00, 0x22, 
	0xC7, 0xFA, 0x04, 0x00, 0x00, 0x00, 0x00, 0x00, 0x50, 0x00, 0x04, 0x02, 0x00, 0x00, 0x10, 0x06, 
	0xA7, 0xA8, 0x10, 0x01, 0x00, 0x40, 0x1A, 0x00, 0x40, 0x02, 0x00, 0x00, 0x3E, 0x00, 0x00, 0x04, 
	0x00, 0x08, 0x01, 0x00, 0x40, 0x9C, 0x08, 0x00, 0x1E, 0x3E, 0x5A, 0xA0, 0x00, 0x00, 0x00, 0x00, 
	0x00, 0x00, 0x80, 0x03, 0x80, 0x00, 0x80, 0x00, 0x00, 0x41, 0x5E, 0x50, 0x00, 0x08, 0x01, 0x01, 
	0xF9, 0x24, 0x00, 0x00, 0x00, 0x01, 0x6A, 0x42, 0x19, 0x00, 0x00, 0x70, 0x80, 0x2C, 0x00, 0x40, 
	0x00, 0x00, 0x22, 0xE7, 0xC9, 0x00, 0x00, 0x00, 0x00, 0x28, 0x04, 0xD0, 0x05, 0x78, 0xCF, 0x00, 
	0x22, 0x17, 0x63, 0x80, 0x00, 0x04, 0x00, 0x80, 0x58, 0x01, 0x30, 0x40, 0xA0, 0x02, 0x00, 0x00, 
	0x10, 0x24, 0x00, 0x80, 0x05, 0x0A, 0x00, 0x40, 0x92, 0x0A, 0x00, 0x06, 0x00, 0x00, 0x66, 0x00, 
	0x00, 0x00, 0x02, 0x00, 0x21, 0x00, 0x03, 0x33, 0x30, 0x0A, 0x4A, 0xAC, 0x40, 0xC0, 0x08, 0x40, 
	0x28, 0x02, 0xB0, 0xF9, 0x38, 0x0A, 0x00, 0x1C, 0x00, 0x0F, 0x00, 0x40, 0x08, 0x10, 0x59, 0x00, 
	0x24, 0x00, 0x41, 0xA0, 0x01, 0xC3, 0x84, 0xC9, 0x90, 0x0C, 0x00, 0x00, 0x30, 0x00, 0x50, 0xA9, 
	0x20, 0x4B, 0x00, 0x50, 0x05, 0xE7, 0x84, 0x00, 0x04, 0x01, 0x00, 0x01, 0x1E, 0x80, 0x00, 0xC0, 
	0x02, 0x60, 0x0E, 0x00, 0x04, 0x01, 0x00, 0x05, 0x00, 0x00, 0x00, 0x80, 0x0C, 0x24, 0x3E, 0x7C, 
	0x00, 0x02, 0x40, 0x00, 0x00, 0x03, 0x00, 0x00, 0x8A, 0x13, 0x61, 0x10, 0x0C, 0x00, 0x02, 0x40, 
	0x20, 0x04, 0x40, 0x38, 0x00, 0x08, 0x07, 0x00, 0x0C, 0x04, 0x2E, 0x00, 0x00, 0x04, 0x40, 0x10, 
	0x10, 0x00, 0x00, 0x28, 0x00, 0x00, 0x44, 0x02, 0x47, 0x80, 0xA0, 0x04, 0x00, 0x00, 0x02, 0x00, 
	0x00, 0x00, 0x05, 0x20, 0xCD, 0x00, 0x00, 0x01, 0xE6, 0xC0, 0x00, 0x00, 0x00, 0x00, 0x07, 0x00, 
	0x00, 0x00, 0x00, 0x05, 0x40, 0x00, 0x00, 0x04, 0x00, 0x03, 0x40, 0x0A, 0x80, 0x00, 0x10, 0x00, 
	0x00, 0x3C, 0x77, 0xFA, 0xDF, 0x00, 0x00, 0x00, 0x00, 0x03, 0x80, 0x00, 0x03, 0x73, 0x30, 0x00, 
	0x06, 0x02, 0x28, 0x00, 0x00, 0x00, 0x08, 0x00, 0x00, 0x0B, 0x00, 0x00, 0x00, 0x80, 0x02, 0xC0, 
	0x08, 0x40, 0x00, 0x02, 0x00, 0x81, 0x00, 0x20, 0x24, 0x00, 0x03, 0xC7, 0xF7, 0xE6, 0xE0, 0x00, 
	0x00, 0x00, 0x00, 0x00, 0x99, 0x9B, 0x30, 0x20, 0x00, 0x00, 0x00, 0x40, 0x01, 0x81, 0x04, 0x00, 
	0x00, 0x00, 0x1C, 0x80, 0x00, 0x00, 0x01, 0x66, 0x80, 0xA1, 0x04, 0x00, 0x00, 0x20, 0x00, 0x78, 
	0x20, 0x40, 0x00, 0x40, 0x0E, 0x04, 0x00, 0x00, 0x00, 0x00, 0x00, 0x20, 0x00, 0x05, 0x08, 0x77, 
	0x40, 0x00, 0x30, 0x00, 0x02, 0x20, 0x10, 0x00, 0x40, 0x08, 0x00, 0x50, 0xB3, 0x00, 0x00, 0x00, 
	0x00, 0x00, 0x00, 0x00, 0x40, 0x00, 0x00, 0x00, 0x00, 0xAA, 0x04, 0x00, 0x0A, 0xA1, 0x43, 0x80, 
	0x00, 0x00, 0x00, 0x00, 0x00, 0x00, 0x00, 0x01, 0xA0, 0x04, 0x09, 0x06, 0x00, 0x08, 0x00, 0x00, 
	0x00, 0x00, 0x00, 0x00, 0x08, 0x08, 0x30, 0x00, 0x00, 0x00, 0x40, 0x01, 0xE1, 0x04, 0x00, 0x10, 
	0x20, 0x00, 0x06, 0x04, 0x10, 0x40, 0x00, 0x00, 0x00, 0x00, 0x02, 0x40, 0x00, 0x00, 0x00, 0x00, 
	0x01, 0x00, 0x02, 0x00, 0x18, 0x70, 0x07, 0x00, 0x00, 0x00, 0x00, 0x00, 0x08, 0x00, 0xB0, 0x07, 
	0x80, 0x00, 0x00, 0x00, 0x00, 0x00, 0x00, 0x40, 0x00, 0x05, 0x00, 0x00, 0x00, 0x00, 0x44, 0x00, 
	0x00, 0x00, 0x00, 0xB0, 0x04, 0x00, 0x00, 0x00, 0x00, 0x00, 0x01, 0xC5, 0x03, 0x9D, 0x00, 0x00, 
	0x01, 0x60, 0x00, 0x00, 0x04, 0x00, 0x00, 0x08, 0x00, 0x80, 0x00, 0x00, 0x01, 0xE3, 0x00, 0xC1, 
	0x04, 0x00, 0x02, 0x00, 0x00, 0x58, 0x00, 0x10, 0x00, 0x00, 0x0E, 0x01, 0x6A, 0x0C, 0x00, 0x00, 
	0x00, 0x00, 0x00, 0x00, 0x00, 0xDB, 0x30, 0xD0, 0x40, 0x00, 0x40, 0x26, 0xC0, 0x08, 0x41, 0x08, 
	0x20, 0x30, 0x05, 0x00, 0x00, 0x00, 0x82, 0x00, 0x00, 0x00, 0x40, 0x00, 0x00, 0x00, 0x00, 0x80, 
	0x10, 0xC0, 0x00, 0x01, 0x60, 0x34, 0x90, 0xF0, 0x00, 0x00, 0x00, 0x32, 0x00, 0x78, 0x01, 0xAF, 
	0x8D, 0x01, 0x40, 0x05, 0x60, 0x37, 0xE8, 0x00, 0x01, 0x00, 0x03, 0x80, 0x80, 0x00, 0x40, 0x01, 
	0x60, 0x40, 0x00, 0x00, 0x00, 0x00, 0x00, 0x01, 0x00, 0x00, 0x00, 0x04, 0x00, 0x00, 0x72, 0xDB, 
	0xA1, 0x00, 0x00, 0x00, 0x01, 0x00, 0x00, 0x80, 0xD7, 0x75, 0xD0, 0x04, 0x00, 0x00, 0x00, 0x6F, 
	0xC1, 0x00, 0x18, 0x00, 0x70, 0x0B, 0x00, 0x04, 0x00, 0x00, 0x28, 0x00, 0x00, 0x00, 0x00, 0x00, 
	0x00, 0x80, 0x00, 0x00, 0x00, 0x40, 0x00, 0x04, 0x04, 0xB2, 0x00, 0x00, 0x00, 0x80, 0x10, 0x00, 
	0x18, 0x00, 0x04, 0x02, 0x00, 0x40, 0x09, 0x40, 0x00, 0x00, 0x00, 0x00, 0x05, 0x80, 0x00, 0x00, 
	0x40, 0x4A, 0x04, 0x02, 0x81, 0xA1, 0x04, 0x01, 0x00, 0x01, 0x80, 0x80, 0x00, 0x10, 0x04, 0x00, 
	0x20, 0x04, 0xCE, 0x80, 0x08, 0x00, 0x08, 0x00, 0x80, 0x00, 0x00, 0x02, 0x80, 0x00, 0x82, 0x02, 
	0x00, 0x28, 0x00, 0x00, 0x00, 0x00, 0x24, 0x00, 0xF3, 0x2C, 0x02, 0x0E, 0x1C, 0x00, 0x10, 0x00, 
	0x40, 0x08, 0x00, 0x00, 0x0B, 0x00, 0x20, 0x00, 0x20, 0x09, 0xC3, 0x86, 0xD0, 0x00, 0x00, 0x00, 
	0x80, 0x28, 0x00, 0x38, 0x05, 0x04, 0x2A, 0xE3, 0xA0, 0x00, 0x00, 0x04, 0x00, 0x04, 0x06, 0x84, 
	0x08, 0x1E, 0x38, 0x48, 0x22, 0x01, 0x40, 0x20, 0x00, 0x06, 0x02, 0x80, 0x08, 0x00, 0x06, 0x04, 
	0x10, 0x0A, 0x00, 0x00, 0x78, 0x0E, 0x10, 0x41, 0x00, 0x08, 0x02, 0x00, 0x00, 0x80, 0x02, 0x01, 
	0x4E, 0x52, 0x00, 0x14, 0x00, 0x20, 0x04, 0x40, 0x20, 0x32, 0x30, 0x05, 0xAC, 0x02, 0x0A, 0x24, 
	0x28, 0x40, 0x08, 0x40, 0x28, 0x00, 0x10, 0x00, 0x00, 0x00, 0x00, 0x80, 0x00, 0x00, 0x01, 0x00, 
	0x04, 0x04, 0x00, 0x80, 0x00, 0x00, 0x18, 0x81, 0x20, 0xCF, 0x01, 0xC0, 0x01, 0x60, 0x00, 0x00, 
	0x04, 0x05, 0x00, 0x4F, 0x01, 0x00, 0x00, 0x40, 0x08, 0x07, 0x80, 0x81, 0x04, 0x08, 0x00, 0x60, 
	0x00, 0x00, 0x00, 0x00, 0x00, 0x00, 0x80, 0x69, 0x58, 0xDE, 0x20, 0x00, 0x08, 0x00, 0x80, 0x00, 
	0x00, 0x03, 0x73, 0x3C, 0x06, 0x00, 0x00, 0x01, 0x40, 0x08, 0x40, 0x10, 0x38, 0x70, 0xFB, 0x00, 
	0x0E, 0x07, 0x40, 0x28, 0x10, 0x00, 0x40, 0x08, 0x01, 0x00, 0x00, 0x00, 0x00, 0x00, 0x24, 0x00, 
	0x06, 0x37, 0xCE, 0xE0, 0x00, 0x00, 0x82, 0x00, 0x05, 0x30, 0x05, 0x20, 0xCD, 0x00, 0x00, 0x00, 
	0x40, 0x01, 0x81, 0x04, 0x00, 0x02, 0x50, 0x1E, 0x80, 0x00, 0x00, 0x01, 0xE0, 0x40, 0x10, 0x24, 
	0x08, 0x08, 0x00, 0x00, 0x80, 0x16, 0x80, 0x00, 0x00, 0x00, 0x00, 0x00, 0x3C, 0x40, 0x00, 0x08, 
	0x00, 0x80, 0x20, 0x00, 0xB0, 0x33, 0x32, 0x02, 0x00, 0x00, 0x00, 0x00, 0x00, 0x41, 0x00, 0x02, 
	0x01, 0xEB, 0x00, 0x02, 0x00, 0x14, 0x34, 0x0A, 0x00, 0x40, 0x09, 0x00, 0x00, 0x0F, 0x02, 0x94, 
	0x81, 0x20, 0x00, 0x00, 0x00, 0xC3, 0xC4, 0x00, 0x00, 0x00, 0x00, 0x10, 0x01, 0x90, 0x00, 0x00, 
	0x00, 0x00, 0x40, 0x00, 0x44, 0x00, 0x04, 0x00, 0x00, 0x70, 0x01, 0x00, 0x00, 0x00, 0x00, 0x00, 
	0x00, 0x10, 0x24, 0x80, 0x00, 0x58, 0x00, 0x80, 0x00, 0x10, 0x00, 0x21, 0x7C, 0x2B, 0xDC, 0xA5, 
	0x40, 0x40, 0x00, 0x20, 0x80, 0x00, 0x08, 0x00, 0x00, 0x00, 0x02, 0x00, 0x1C, 0x38, 0x00, 0x04, 
	0x40, 0x40, 0x00, 0x70, 0xC5, 0x00, 0x02, 0x4C, 0x00, 0x00, 0x09, 0x00, 0x40, 0x08, 0x02, 0x10, 
	0x07, 0x00, 0x20, 0x00, 0x20, 0x01, 0x42, 0xBE, 0x9D, 0xA1, 0x00, 0x00, 0x00, 0x00, 0x00, 0x00, 
	0x05, 0x7A, 0x81, 0x82, 0x02, 0x00, 0x00, 0x00, 0xA1, 0x00, 0x00, 0x00, 0x00, 0x0F, 0x00, 0x01, 
	0x00, 0x00, 0x00, 0x00, 0x00, 0x04, 0x00, 0x20, 0x00, 0x01, 0x30, 0x00, 0x10, 0x00, 0x00, 0x96, 
	0x60, 0x00, 0x00, 0x00, 0x00, 0x00, 0x00, 0x80, 0x0F, 0x00, 0x0C, 0x28, 0x18, 0x42, 0x00, 0x00, 
	0x00, 0x00, 0x00, 0x00, 0x00, 0x08, 0x01, 0xAD, 0x00, 0x02, 0x08, 0x00, 0x03, 0x40, 0x08, 0x40, 
	0x49, 0x28, 0x00, 0x80, 0x00, 0x10, 0x00, 0x20, 0x14, 0x00, 0x00, 0x00, 0x00, 0x00, 0x00, 0x00, 
	0x00, 0x00, 0x00, 0x00, 0x00, 0x00, 0x00, 0x00, 0x40, 0x00, 0x00, 0x00, 0x00, 0x00, 0x00, 0x00, 
	0x00, 0x80, 0x00, 0x00, 0x09, 0xE0, 0x00, 0x00, 0x04, 0x00, 0x00, 0x07, 0x01, 0x70, 0x00, 0x10, 
	0x00, 0x81, 0x80, 0x64, 0x00, 0x00, 0x00, 0x00, 0x00, 0x00, 0x80, 0x00, 0x00, 0x00, 0x00, 0x00, 
	0x02, 0x80, 0x00, 0x00, 0x00, 0x00, 0x00, 0x00, 0x00, 0x00, 0x07, 0x00, 0x02, 0x01, 0x40, 0x01, 
	0xC0, 0x08, 0x40, 0x08, 0x00, 0x00, 0xE0, 0x80, 0x10, 0x00, 0x20, 0x15, 0xC2, 0x80, 0x00, 0x00, 
	0x00, 0x00, 0x00, 0x30, 0x00, 0x01, 0x8B, 0x68, 0x20, 0x07, 0x40, 0x00, 0x00, 0x00, 0x00, 0x00, 
	0x01, 0x00, 0x07, 0x00, 0x80, 0x00, 0x40, 0x20, 0x00, 0x01, 0x81, 0x04, 0x00, 0x08, 0x31, 0x01, 
	0x00, 0x00, 0x10, 0x0C, 0x00, 0x04, 0x28, 0x01, 0x3C, 0x48, 0x40, 0x00, 0x01, 0x83, 0x80, 0x00, 
	0x1B, 0x40, 0x02, 0x1E, 0x00, 0x00, 0x00, 0x00, 0x00, 0x00, 0x10, 0x00, 0x00, 0x09, 0x00, 0x0E, 
	0x00, 0x00, 0x00, 0x00, 0x00, 0x60, 0x08, 0x20, 0x00, 0xD1, 0x00, 0x20, 0x00, 0xE0, 0x00, 0x00, 
	0x00, 0xD3, 0xCD, 0x9C, 0x00, 0xAC, 0x13, 0x02, 0x50, 0xA0, 0x00, 0x00, 0x00, 0x40, 0x08, 0x03, 
	0xA6, 0x81, 0x00, 0x01, 0x20, 0x18, 0x01, 0x00, 0x00, 0x40, 0x00, 0x00, 0x35, 0x8F, 0x50, 0x01, 
	0x01, 0x80, 0x01, 0x00, 0x00, 0x00, 0x0C, 0x00, 0x3E, 0x00, 0x00, 0x00, 0x00, 0x00, 0x0A, 0x60, 
	0x80, 0x4F, 0x9A, 0x00, 0x00, 0x00, 0x02, 0x01, 0x40, 0x41, 0x7F, 0x70, 0x00, 0x08, 0x00, 0xF0, 
	0xC7, 0x20, 0x02, 0x02, 0x00, 0x00, 0xF0, 0x50, 0x00, 0x08, 0x00, 0x00, 0x80, 0x00, 0x00, 0x00, 
	0x20, 0x83, 0xE0, 0x00, 0x00, 0x00, 0x00, 0x00, 0x80, 0x28, 0x00, 0x00, 0x00, 0x04, 0x09, 0x00, 
	0xA0, 0x16, 0x07, 0x00, 0x00, 0x00, 0x00, 0x80, 0x0F, 0x1C, 0xB0, 0x40, 0xA0, 0x02, 0xC6, 0x7D, 
	0xF8, 0x54, 0x02, 0x83, 0x87, 0x19, 0x00, 0x00, 0x00, 0x02, 0x40, 0x0E, 0x04, 0x00, 0x02, 0x40, 
	0x00, 0x08, 0x02, 0x20, 0x00, 0x00, 0x02, 0xC0, 0x10, 0x02, 0x0E, 0x0C, 0x00, 0x00, 0x00, 0x00, 
	0x28, 0x00, 0xB8, 0x0D, 0xAA, 0x08, 0x00, 0x3C, 0x20, 0xDF, 0x40, 0x40, 0x08, 0x00, 0x71, 0xC0, 
	0x00, 0x00, 0x00, 0xA2, 0x00, 0x23, 0x40, 0xE0, 0x04, 0x08, 0x40, 0xF8, 0x00, 0x00, 0x00, 0x81, 
	0x68, 0x68, 0x00, 0xC0, 0x00, 0x00, 0x40, 0x00, 0x00, 0x03, 0x20, 0x41, 0x00, 0x00, 0x00, 0x40, 
	0x10, 0x02, 0x56, 0xBC, 0x50, 0x01, 0x3A, 0x8D, 0x9E, 0x7E, 0x29, 0x40, 0x04, 0x00, 0x8E, 0x3A, 
	0x5C, 0xA0, 0x00, 0x00, 0x88, 0x00, 0x80, 0x00, 0x00, 0xDA, 0x00, 0x40, 0x06, 0x40, 0x40, 0x3C, 
	0x00, 0x00, 0x00, 0x38, 0x2B, 0x00, 0x09, 0x00, 0x0E, 0x00, 0x00, 0x3C, 0x3A, 0xC5, 0x00, 0x7B, 
	0x00, 0x50, 0x05, 0xC2, 0xA8, 0x00, 0xE0, 0x04, 0x24, 0x15, 0xF4, 0x20, 0x00, 0x04, 0x83, 0x00, 
	0x00, 0x80, 0x00, 0x00, 0x00, 0x00, 0x04, 0x11, 0xE0, 0x00, 0x00, 0x00, 0x00, 0x00, 0x55, 0x80, 
	0x80, 0x00, 0x00, 0x00, 0x60, 0x5E, 0xDA, 0x10, 0x00, 0x00, 0x0B, 0x9C, 0x00, 0x00, 0x00, 0x00, 
	0x42, 0x16, 0x39, 0x60, 0x00, 0x40, 0x40, 0x08, 0x00, 0x80, 0x03, 0x0C, 0x00, 0x00, 0x00, 0x02, 
	0x2C, 0xB4, 0x00, 0x00, 0x00, 0x00, 0x08, 0x0D, 0x70, 0xE9, 0x00, 0x02, 0x00, 0x00, 0x20, 0xDD, 
	0x20, 0x00, 0x48, 0x00, 0x19, 0x00, 0x00, 0x00, 0x00, 0x20, 0x00, 0x06, 0x02, 0x00, 0x44, 0x00, 
	0x00, 0x00, 0x00, 0x02, 0x00, 0x11, 0x3A, 0xC4, 0x00, 0x04, 0x02, 0x00, 0x40, 0xA1, 0x04, 0x00, 
	0x00, 0x07, 0x01, 0x80, 0x00, 0x00, 0x01, 0x40, 0x3D, 0xDE, 0x04, 0x00, 0x2A, 0x88, 0x1E, 0xB6, 
	0x8C, 0xD8, 0x00, 0x00, 0x00, 0x00, 0x00, 0x00, 0x00, 0x00, 0x20, 0x20, 0x80, 0x50, 0x08, 0x06, 
	0xEC, 0x40, 0x02, 0x20, 0x1C, 0x30, 0x10, 0x00, 0x40, 0x48, 0x10, 0x08, 0x91, 0x00, 0x02, 0x00, 
	0x02, 0x23, 0xEC, 0x80, 0x40, 0x09, 0x00, 0xB1, 0x0D, 0x83, 0x32, 0x81, 0x20, 0x04, 0x00, 0x00, 
	0x00, 0x00, 0x00, 0x30, 0x00, 0x00, 0x00, 0x00, 0x13, 0x81, 0x69, 0x00, 0x0A, 0x00, 0x00, 0x06, 
	0x00, 0x04, 0x00, 0x00, 0x10, 0x01, 0xD8, 0x00, 0x00, 0x03, 0x47, 0xF7, 0xD8, 0x04, 0x00, 0x00, 
	0x80, 0x00, 0x06, 0x70, 0x00, 0x00, 0x00, 0x00, 0x78, 0xE0, 0x00, 0x40, 0x41, 0x80, 0x00, 0x80, 
	0x00, 0x0E, 0x08, 0x16, 0xB8, 0x02, 0x4C, 0x00, 0x20, 0x00, 0x04, 0x40, 0x08, 0x00, 0x00, 0xD1, 
	0x02, 0x02, 0x01, 0x04, 0x36, 0xDC, 0xC1, 0x40, 0x08, 0x00, 0x04, 0x00, 0x23, 0x00, 0x44, 0x30, 
	0x01, 0xC2, 0x02, 0x00, 0x44, 0x00, 0x00, 0x00, 0x01, 0x02, 0x80, 0x00, 0x00, 0x00, 0x00, 0x00, 
	0x00, 0x02, 0x20, 0x00, 0x04, 0x00, 0x00, 0x13, 0x9C, 0x80, 0x00, 0x00, 0x00, 0x67, 0x6F, 0x9A, 
	0x04, 0x00, 0x00, 0x00, 0x00, 0xD7, 0x84, 0x00, 0x00, 0x40, 0x80, 0x28, 0x00, 0x00, 0x00, 0x00, 
	0x00, 0x00, 0xA8, 0x45, 0x0A, 0x00, 0x00, 0x00, 0x02, 0x00, 0x00, 0x02, 0xC0, 0x08, 0x40, 0x08, 
	0x00, 0x08, 0x0B, 0x00, 0x02, 0x01, 0x40, 0x77, 0xC9, 0x81, 0x40, 0x08, 0x20, 0x00, 0x09, 0x25, 
	0xC0, 0x80, 0x28, 0x94, 0x40, 0x00, 0x00, 0x00, 0x00, 0x44, 0x00, 0x30, 0x01, 0xF0, 0x09, 0x32, 
	0x84, 0x00, 0xC0, 0x00, 0xE0, 0x00, 0x10, 0x24, 0x03, 0x08, 0x01, 0x80, 0x00, 0x00, 0x40, 0x11, 
	0x67, 0xBD, 0xFA, 0x14, 0x01, 0x00, 0x00, 0x00, 0x00, 0x00, 0x00, 0x0C, 0x00, 0x00, 0x02, 0x59, 
	0x5E, 0x20, 0x02, 0x60, 0x03, 0x80, 0x01, 0x80, 0x7F, 0xBE, 0xC8, 0x0E, 0x00, 0x02, 0x00, 0x0A, 
	0x00, 0x50, 0x39, 0x00, 0x08, 0x03, 0x00, 0x06, 0x00, 0x80, 0x20, 0xF9, 0x02, 0x40, 0x38, 0x00, 
	0x70, 0xA0, 0x00, 0x00, 0x00, 0x60, 0x00, 0x00, 0x35, 0x82, 0xE0, 0x00, 0x00, 0x00, 0x00, 0x38, 
	0x38, 0x0B, 0x7C, 0x60, 0x00, 0x04, 0x01, 0xE7, 0xFC, 0xA8, 0x50, 0x00, 0x04, 0x10, 0x01, 0x00, 
	0x40, 0x00, 0x00, 0x00, 0x47, 0xEA, 0x30, 0x80, 0x02, 0x48, 0x00, 0x38, 0x00, 0x20, 0x08, 0x20, 
	0x0C, 0x38, 0x1A, 0x69, 0x20, 0x00, 0x00, 0x00, 0x00, 0x00, 0x8F, 0x7E, 0x42, 0x80, 0x40, 0xA0, 
	0x1C, 0x3A, 0x6D, 0x80, 0x00, 0x00, 0x18, 0x70, 0xC1, 0x38, 0x00, 0x00, 0x00, 0x30, 0x0D, 0xA3, 
	0x00, 0x01, 0x03, 0xF0, 0xF0, 0x80, 0x00, 0x08, 0x04, 0x00, 0x67, 0xBD, 0xA9, 0x60, 0x00, 0x00, 
	0x00, 0x28, 0x00, 0x19, 0xC7, 0x84, 0x60, 0x00, 0x20, 0x11, 0x42, 0xDC, 0x00, 0x00, 0x02, 0x84, 
	0x08, 0x00, 0x38, 0x40, 0xA0, 0x01, 0xE0, 0x00, 0x00, 0x00, 0x02, 0x80, 0x00, 0x1E, 0x37, 0x48, 
	0x70, 0x02, 0x0A, 0x20, 0x3A, 0x00, 0x00, 0x48, 0x00, 0x00, 0x02, 0x02, 0x87, 0x0B, 0x53, 0x6F, 
	0x40, 0x02, 0x00, 0x82, 0x68, 0x00, 0x04, 0x00, 0x22, 0x80, 0x70, 0x07, 0xBC, 0x0A, 0x00, 0x9C, 
	0x00, 0x00, 0x00, 0x00, 0x20, 0x00, 0x01, 0x9F, 0x7D, 0x21, 0x00, 0x20, 0x01, 0xC3, 0x8C, 0x00, 
	0x84, 0x00, 0x00, 0x00, 0x30, 0x00, 0x50, 0x05, 0x3E, 0x85, 0x00, 0x40, 0x08, 0x02, 0xC4, 0xD1, 
	0xD0, 0x03, 0x00, 0x07, 0x00, 0x00, 0x00, 0x40, 0x00, 0x02, 0x00, 0x00, 0x00, 0x01, 0x00, 0x00, 
	0x00, 0x72, 0x21, 0x10, 0x04, 0x00, 0x0E, 0x7B, 0xCF, 0xA4, 0x00, 0x00, 0x00, 0x01, 0x00, 0x0D, 
	0x0C, 0x9E, 0xC8, 0x10, 0x04, 0x01, 0x7C, 0x68, 0x0B, 0x1D, 0x00, 0x11, 0x00, 0x00, 0xE9, 0x00, 
	0x04, 0x00, 0x00, 0x00, 0x00, 0x00, 0x00, 0x10, 0x00, 0x00, 0x0B, 0xB0, 0x85, 0x00, 0xC0, 0x30, 
	0x24, 0x1E, 0x84, 0x00, 0x00, 0x00, 0x02, 0x00, 0x04, 0x11, 0xCF, 0x3A, 0x01, 0x00, 0x00, 0x14, 
	0x56, 0xB4, 0x0A, 0x52, 0x00, 0x00, 0x07, 0x00, 0x00, 0x00, 0x00, 0x00, 0xE2, 0x14, 0x00, 0x04, 
	0x00, 0x00, 0x05, 0x18, 0x00, 0x00, 0x00, 0x00, 0x00, 0x04, 0x00, 0x1D, 0xE4, 0x00, 0x00, 0x00, 
	0x00, 0x00, 0x21, 0x80, 0x9A, 0xF0, 0x50, 0x00, 0x00, 0x82, 0x6F, 0x69, 0x66, 0x00, 0x02, 0x80, 
	0x00, 0xEB, 0x00, 0x00, 0x00, 0x02, 0x00, 0x20, 0x04, 0x40, 0x00, 0x00, 0x70, 0x00, 0x00, 0x00, 
	0x00, 0x00, 0x03, 0xE2, 0x0C, 0x9D, 0x82, 0x00, 0x00, 0x00, 0x00, 0x00, 0x80, 0xE1, 0xBF, 0x9D, 
	0x00, 0x00, 0xC1, 0x40, 0x00, 0xE1, 0x04, 0x00, 0x00, 0x00, 0x09, 0x80, 0x00, 0x00, 0x00, 0x00, 
	0x5C, 0x00, 0x04, 0x00, 0x02, 0xE9, 0x8B, 0x76, 0xF1, 0x40, 0x00, 0x09, 0xCE, 0x00, 0x00, 0x00, 
	0x40, 0x00, 0x00, 0x20, 0x00, 0x05, 0x1C, 0x53, 0x39, 0x52, 0x00, 0x00, 0x02, 0x20, 0x00, 0x00, 
	0x40, 0x01, 0x08, 0x01, 0xC3, 0x00, 0x00, 0x00, 0x00, 0x34, 0x00, 0x04, 0x40, 0x00, 0x00, 0xF0, 
	0x80, 0x27, 0x14, 0x01, 0x00, 0x04, 0x00, 0x24, 0x00, 0x84, 0x10, 0x00, 0x00, 0x00, 0x00, 0x81, 
	0x81, 0x85, 0x08, 0x00, 0x00, 0x00, 0x02, 0x21, 0xBC, 0x52, 0x00, 0x00, 0x58, 0x01, 0xD0, 0x00, 
	0x00, 0x00, 0x00, 0x01, 0xA1, 0x04, 0x00, 0x00, 0x08, 0x09, 0x58, 0x49, 0x0A, 0x10, 0x00, 0x24, 
	0x00, 0x00, 0x00, 0x40, 0x00, 0x00, 0x00, 0x00, 0x01, 0x00, 0x12, 0x80, 0x00, 0x00, 0x06, 0x00, 
	0x00, 0x49, 0xCA, 0x00, 0x00, 0x02, 0xB0, 0x9D, 0x01, 0x00, 0x00, 0x04, 0x00, 0x10, 0x00, 0x40, 
	0x00, 0x00, 0xD0, 0xC0, 0x24, 0x90, 0x80, 0x00, 0x02, 0xC0, 0x04, 0x00, 0x84, 0x00, 0x00, 0x00, 
	0x00, 0x00, 0x59, 0x91, 0x06, 0x95, 0x00, 0x00, 0x01, 0x42, 0x01, 0xC1, 0x04, 0x00, 0x08, 0x18, 
	0x00, 0x80, 0x00, 0x00, 0xE0, 0x40, 0x1D, 0xFA, 0x30, 0x00, 0x10, 0x00, 0x01, 0x30, 0x16, 0x80, 
	0x00, 0x00, 0x00, 0x24, 0x0E, 0x10, 0x00, 0x00, 0x00, 0x00, 0x00, 0x0F, 0x08, 0x32, 0x36, 0xD0, 
	0x00, 0x80, 0x24, 0x38, 0x10, 0x00, 0x41, 0x01, 0x00, 0xB0, 0x05, 0x00, 0x00, 0x00, 0x44, 0x28, 
	0x28, 0xA3, 0x01, 0x00, 0x80, 0x70, 0xE0, 0x01, 0x68, 0x00, 0x00, 0x00, 0x42, 0x81, 0x00, 0x00, 
	0x00, 0x00, 0x00, 0x10, 0x00, 0x39, 0xD7, 0xEE, 0x85, 0x00, 0xC0, 0x00, 0xE0, 0x1C, 0x0A, 0x50, 
	0x01, 0x00, 0x01, 0x00, 0x00, 0x00, 0x40, 0x00, 0x00, 0x01, 0xC1, 0x04, 0x03, 0x00, 0x00, 0x01, 
	0x16, 0x81, 0x50, 0x04, 0x02, 0x06, 0x02, 0x18, 0x69, 0x00, 0x00, 0x00, 0x03, 0x00, 0x00, 0x98, 
	0xDF, 0x40, 0x90, 0x0C, 0x00, 0x00, 0x03, 0x69, 0x66, 0x00, 0x50, 0x00, 0x00, 0xED, 0x00, 0x0C, 
	0x00, 0x04, 0x00, 0x00, 0x00, 0x60, 0x10, 0x00, 0x00, 0x8F, 0x75, 0x29, 0x20, 0xC0, 0x24, 0x20, 
	0x15, 0x99, 0x60, 0x08, 0x00, 0x00, 0x00, 0x00, 0x38, 0x01, 0x2F, 0x8D, 0x00, 0x00, 0xC0, 0xE7, 
	0x7F, 0xDA, 0x10, 0x00, 0x00, 0x00, 0x00, 0x00, 0x40, 0x10, 0x01, 0x42, 0x96, 0x00, 0x04, 0x00, 
	0x10, 0x08, 0x00, 0x5B, 0xBD, 0x40, 0x00, 0x00, 0x1C, 0x64, 0x7E, 0xF5, 0x00, 0x00, 0x00, 0x00, 
	0x00, 0x00, 0x8F, 0x06, 0xF8, 0xD0, 0x00, 0x00, 0x40, 0x75, 0xDB, 0x10, 0x00, 0x00, 0x28, 0x00, 
	0xF5, 0x28, 0x00, 0x40, 0x02, 0x00, 0x00, 0x04, 0x40, 0x02, 0x80, 0xF0, 0x91, 0x41, 0x40, 0x04, 
	0x04, 0x00, 0x27, 0x96, 0x05, 0x00, 0x80, 0x00, 0x00, 0x28, 0x00, 0x00, 0x1D, 0x7A, 0x01, 0x00, 
	0xA0, 0x03, 0xC0, 0x5D, 0xB8, 0x14, 0x02, 0x83, 0x8B, 0x01, 0xB0, 0x00, 0xA0, 0x03, 0x40, 0x01, 
	0xC1, 0x04, 0x02, 0x83, 0xF0, 0x08, 0x00, 0x00, 0x00, 0x0A, 0x00, 0x00, 0x7C, 0x0D, 0xC5, 0x00, 
	0x00, 0x00, 0x02, 0x00, 0x0D, 0x0D, 0x53, 0x78, 0x10, 0x08, 0x00, 0x0C, 0x20, 0xF8, 0x82, 0x40, 
	0x28, 0x00, 0xB8, 0xDF, 0x34, 0x02, 0x00, 0x1C, 0x00, 0x10, 0x00, 0x41, 0x20, 0x02, 0x01, 0x00, 
	0x00, 0x00, 0x00, 0x80, 0x01, 0xC7, 0xA5, 0xBC, 0xA0, 0x04, 0x00, 0x00, 0x10, 0x00, 0x19, 0xD5, 
	0xBF, 0x05, 0x00, 0x40, 0xE6, 0x46, 0x26, 0x8A, 0x14, 0x01, 0x20, 0x73, 0x80, 0x00, 0x00, 0xC0, 
	0x00, 0x40, 0x04, 0xCC, 0x50, 0x81, 0x10, 0x00, 0x00, 0x50, 0x20, 0x50, 0x04, 0x00, 0x24, 0x78, 
	0x7B, 0xE2, 0x00, 0x00, 0x00, 0x03, 0x00, 0x00, 0x1C, 0x77, 0x90, 0x10, 0x04, 0x00, 0x0C, 0x03, 
	0xDD, 0x01, 0x40, 0x10, 0x00, 0x08, 0x0B, 0x00, 0x0C, 0x00, 0x00, 0x00, 0x0D, 0xC5, 0x00, 0x10, 
	0x10, 0x70, 0xB0, 0x36, 0x04, 0x00, 0xC0, 0x6A, 0x64, 0x02, 0x9E, 0x22, 0x00, 0x00, 0x00, 0x00, 
	0x00, 0x81, 0x80, 0x63, 0xC5, 0x00, 0x00, 0x02, 0xE7, 0x3C, 0xAA, 0x14, 0x00, 0x00, 0x07, 0x00, 
	0x80, 0x00, 0x00, 0x00, 0xE0, 0x16, 0x00, 0x04, 0x00, 0x00, 0x00, 0x0A, 0xB0, 0x60, 0x48, 0x00, 
	0x00, 0x00, 0x04, 0x00, 0x81, 0x00, 0x40, 0x00, 0x00, 0x00, 0x03, 0x00, 0xD2, 0x3C, 0x90, 0x00, 
	0x00, 0x06, 0x00, 0x59, 0x10, 0x40, 0x00, 0x00, 0x08, 0x0B, 0x00, 0x00, 0x00, 0x14, 0x00, 0x00, 
	0x04, 0x41, 0x00, 0x00, 0xF0, 0x05, 0x27, 0x9C, 0x00, 0x00, 0x03, 0x42, 0x7C, 0xC4, 0x20, 0x00, 
	0x00, 0x00, 0x00, 0x00, 0x81, 0xCF, 0xEE, 0x05, 0x00, 0x00, 0x02, 0x60, 0x56, 0xA0, 0xA4, 0x00, 
	0x00, 0x58, 0x0F, 0x80, 0x00, 0x04, 0x10, 0x40, 0x46, 0x00, 0x04, 0x00, 0x00, 0x58, 0x00, 0x00, 
	0x00, 0x00, 0x00, 0x06, 0x06, 0x28, 0x4A, 0x02, 0x00, 0x00, 0x00, 0x00, 0x00, 0x01, 0x0E, 0xF3, 
	0x90, 0x50, 0x00, 0x00, 0x04, 0x20, 0x00, 0x0A, 0x48, 0x01, 0x28, 0x50, 0xCF, 0x00, 0x00, 0x20, 
	0x84, 0x30, 0x00, 0x04, 0x40, 0x02, 0x00, 0x30, 0x90, 0x00, 0x00, 0x00, 0x00, 0x20, 0xE6, 0x24, 
	0xD4, 0x30, 0x10, 0x00, 0x00, 0x00, 0x00, 0x19, 0xCF, 0xB6, 0x91, 0x00, 0x02, 0x00, 0x66, 0x3F, 
	0xBA, 0x14, 0x00, 0x00, 0x08, 0x1C, 0x38, 0x00, 0x00, 0x00, 0x40, 0x3D, 0xF0, 0x50, 0x04, 0x40, 
	0x08, 0x00, 0x38, 0x69, 0x40, 0x10, 0x00, 0x1C, 0x00, 0x00, 0x00, 0x00, 0x00, 0x00, 0x00, 0x00, 
	0x01, 0x00, 0x36, 0xA0, 0x10, 0x00, 0x40, 0x00, 0x03, 0xDC, 0x01, 0x40, 0x00, 0x00, 0x54, 0x07, 
	0x02, 0x00, 0x00, 0x00, 0x21, 0xDC, 0x18, 0x00, 0x00, 0x00, 0xB0, 0xB7, 0xA9, 0x98, 0x00, 0x00, 
	0x00, 0x02, 0x40, 0x00, 0x00, 0x00, 0x00, 0x00, 0x00, 0x00, 0x70, 0x1D, 0xFE, 0x05, 0x00, 0x04, 
	0x01, 0xE2, 0x25, 0x88, 0x04, 0x00, 0x28, 0x4F, 0x00, 0x80, 0x00, 0x02, 0x05, 0xE7, 0x00, 0x81, 
	0x04, 0x00, 0x18, 0x00, 0x1B, 0xD2, 0xBD, 0x40, 0x40, 0x0B, 0x00, 0x04, 0x6C, 0xD1, 0x00, 0x00, 
	0x00, 0x00, 0x00, 0x00, 0x88, 0x76, 0x54, 0x10, 0x00, 0x00, 0x00, 0x02, 0x6A, 0xD0, 0x40, 0x00, 
	0x02, 0x38, 0x09, 0x00, 0x00, 0x46, 0x00, 0x40, 0x10, 0x00, 0x40, 0x02, 0x80, 0x50, 0xCD, 0xBE, 
	0xD4, 0x00, 0x0A, 0xA1, 0xC2, 0x43, 0xCD, 0x12, 0x00, 0x00, 0x00, 0x30, 0x00, 0x90, 0x99, 0x36, 
	0x84, 0x00, 0x40, 0x00, 0x42, 0x0D, 0x8A, 0x74, 0x01, 0x00, 0x00, 0x0E, 0x80, 0x00, 0x44, 0x00, 
	0x07, 0x00, 0xA1, 0x04, 0x03, 0x00, 0x50, 0x00, 0x00, 0x00, 0x00, 0x04, 0x00, 0x20, 0x02, 0x1C, 
	0xE2, 0x40, 0x40, 0x00, 0x01, 0x00, 0x01, 0x18, 0xBA, 0x88, 0x00, 0x0C, 0x00, 0x06, 0x20, 0x4A, 
	0xF5, 0x40, 0x10, 0x00, 0x00, 0xE1, 0x00, 0x04, 0xA0, 0x04, 0x40, 0x00, 0x00, 0x40, 0x50, 0x00, 
	0x00, 0x00, 0x00, 0x00, 0x00, 0x40, 0x02, 0xC0, 0x0D, 0xED, 0x14, 0x00, 0x00, 0x00, 0x00, 0x00, 
	0x00, 0xB0, 0x38, 0x41, 0x00, 0x00, 0x17, 0x40, 0x54, 0x00, 0x04, 0x00, 0x24, 0x07, 0x81, 0x80, 
	0x40, 0x00, 0x10, 0x00, 0x00, 0x00, 0x00, 0x00, 0x40, 0x28, 0x00, 0x30, 0x20, 0x50, 0x00, 0x01, 
	0x20, 0x60, 0xDA, 0xA0, 0x40, 0x00, 0x00, 0x00, 0x00, 0x0D, 0x0D, 0x00, 0x00, 0x10, 0x00, 0x48, 
	0x14, 0x3C, 0x00, 0x04, 0x40, 0x40, 0x00, 0x08, 0xC3, 0x2C, 0x00, 0x00, 0x80, 0x00, 0x00, 0x00, 
	0x00, 0x04, 0x04, 0xF0, 0x00, 0xB2, 0x04, 0x02, 0x00, 0x02, 0x42, 0xC2, 0x0A, 0x00, 0x00, 0x00, 
	0x00, 0x28, 0x00, 0x50, 0xA8, 0x01, 0x68, 0x00, 0xA8, 0x01, 0x66, 0x40, 0xA1, 0x04, 0x02, 0x84, 
	0x00, 0x01, 0x50, 0x60, 0xA4, 0x00, 0x02, 0x41, 0x8A, 0x04, 0x02, 0x80, 0x00, 0x1E, 0x00, 0x00, 
	0x00, 0x0A, 0xEA, 0x20, 0x00, 0xDB, 0xD1, 0x00, 0x00, 0x00, 0x02, 0x80, 0x00, 0x10, 0x90, 0x29, 
	0x40, 0x42, 0x6C, 0x00, 0x30, 0x10, 0x00, 0x50, 0x20, 0x00, 0x00, 0x95, 0x30, 0x08, 0x00, 0x34, 
	0x61, 0xD0, 0x50, 0x00, 0x20, 0x00, 0xD0, 0x00, 0x00, 0x00, 0x00, 0x88, 0x03, 0xC0, 0x02, 0xDD, 
	0x12, 0x00, 0x00, 0x00, 0x10, 0x80, 0x81, 0xE3, 0x01, 0x68, 0x00, 0x40, 0x51, 0xC6, 0x81, 0xA1, 
	0x04, 0x01, 0x08, 0x0F, 0x00, 0x80, 0x00, 0xC2, 0x01, 0xE0, 0x00, 0x00, 0x00, 0x03, 0x00, 0x10, 
	0x0E, 0x7E, 0x03, 0x00, 0x04, 0x00, 0x00, 0x38, 0x0C, 0xC0, 0x40, 0x00, 0x00, 0x03, 0x00, 0x0B, 
	0x1A, 0x08, 0x16, 0x80, 0x04, 0x00, 0x1C, 0x28, 0x10, 0x00, 0x40, 0x11, 0x00, 0x70, 0x0F, 0x00, 
	0x0C, 0x00, 0x02, 0x00, 0x00, 0x00, 0x00, 0x30, 0x00, 0x00, 0x0D, 0xE0, 0x34, 0x00, 0xC0, 0x03, 
	0x40, 0x01, 0x8C, 0x02, 0x00, 0x00, 0x02, 0x00, 0x00, 0x38, 0x05, 0x80, 0x01, 0x00, 0x00, 0x04, 
	0x46, 0xC4, 0x00, 0x04, 0x00, 0x38, 0x00, 0x1F, 0x00, 0x00, 0x00, 0x00, 0x06, 0x20, 0x00, 0x00, 
	0x00, 0x40, 0x08, 0x00, 0xB0, 0x29, 0x50, 0x00, 0x00, 0x76, 0x02, 0x00, 0x81, 0x48, 0x00, 0x00, 
	0x00, 0x00, 0x05, 0x00, 0x00, 0x01, 0x10, 0x00, 0x00, 0x80, 0x3C, 0x00, 0x04, 0x41, 0x02, 0x28, 
	0x01, 0xF3, 0x00, 0x00, 0x01, 0x40, 0x00, 0xC0, 0x08, 0x00, 0x04, 0x00, 0x10, 0x03, 0x00, 0x00, 
	0x00, 0x00, 0xDC, 0x40, 0x0C, 0xD4, 0x20, 0x00, 0x00, 0x00, 0x00, 0x00, 0x58, 0xFB, 0x22, 0x04, 
	0x00, 0x00, 0x00, 0x00, 0x00, 0x00, 0x04, 0x04, 0x2B, 0x37, 0x80, 0x00, 0x00, 0x00, 0x02, 0x00, 
	0x01, 0x9A, 0x30, 0x00, 0x00, 0x00, 0x18, 0x80, 0x20, 0x50, 0x00, 0x00, 0x80, 0x20, 0x4C, 0xA0, 
	0x40, 0x00, 0x00, 0x20, 0x02, 0x80, 0x9C, 0x37, 0x54, 0x00, 0x00, 0x0A, 0x9C, 0x01, 0x40, 0x08, 
	0x40, 0x00, 0x00, 0xD0, 0x03, 0x00, 0x00, 0x00, 0x14, 0x01, 0x5B, 0x53, 0x08, 0x00, 0x00, 0x70, 
	0x01, 0x31, 0x08, 0x80, 0x00, 0x00, 0x03, 0x83, 0x0A, 0x00, 0x00, 0x00, 0x00, 0x00, 0x00, 0x00, 
	0x09, 0x00, 0x60, 0x00, 0x00, 0x00, 0x00, 0x27, 0xE4, 0xA0, 0x00, 0x00, 0x05, 0x00, 0x18, 0x00, 
	0x00, 0x15, 0x40, 0x01, 0xAA, 0x04, 0x00, 0x01, 0x01, 0x80, 0x30, 0x60, 0x50, 0x00, 0x40, 0x26, 
	0x68, 0xE0, 0x81, 0x40, 0x00, 0x00, 0x00, 0x00, 0x01, 0x00, 0x12, 0x6F, 0x40, 0x00, 0x00, 0x00, 
	0x02, 0x7E, 0x08, 0x00, 0x00, 0x28, 0x78, 0x01, 0x82, 0x00, 0x84, 0x00, 0x25, 0xD0, 0x50, 0x08, 
	0x00, 0x00, 0xD0, 0xB0, 0x2A, 0x04, 0x00, 0x02, 0x05, 0x40, 0x00, 0xD8, 0x10, 0x00, 0x00, 0x00, 
	0x00, 0x00, 0x70, 0x85, 0x7A, 0xC4, 0x00, 0x00, 0x40, 0x00, 0x26, 0x1A, 0x50, 0x00, 0x28, 0x00, 
	0x0E, 0x00, 0x00, 0x00, 0x14, 0x06, 0x00, 0xFC, 0x04, 0x00, 0x10, 0x00, 0x1E, 0xF0, 0x79, 0xC0, 
	0x00, 0x00, 0x00, 0x00, 0x0C, 0xA0, 0x40, 0x00, 0x00, 0x00, 0x20, 0x01, 0x00, 0xF6, 0x7C, 0xC0, 
	0x00, 0x04, 0x74, 0x03, 0x4A, 0x99, 0x00, 0x00, 0x18, 0x00, 0x0F, 0x00, 0x00, 0x00, 0x24, 0x00, 
	0x0D, 0xC0, 0x00, 0x00, 0x00, 0x01, 0x97, 0xB5, 0x08, 0x80, 0x04, 0x00, 0x00, 0x25, 0x05, 0x00, 
	0x80, 0x00, 0x00, 0x30, 0x00, 0x78, 0x11, 0x04, 0x60, 0x00, 0xC0, 0x01, 0xC2, 0x01, 0xAC, 0x50, 
	0x03, 0x28, 0x07, 0x8A, 0x80, 0x00, 0x48, 0x00, 0x00, 0x00, 0xCA, 0x04, 0x03, 0x00, 0x25, 0x80, 
	0x00, 0x00, 0x00, 0x04, 0x80, 0x00, 0x00, 0x00, 0x81, 0x40, 0x00, 0x00, 0x03, 0x00, 0x00, 0x0A, 
	0xD2, 0xAF, 0x40, 0x0C, 0x00, 0x02, 0x03, 0x48, 0xCA, 0x00, 0x30, 0x00, 0x01, 0x0D, 0x00, 0x04, 
	0x48, 0x00, 0x01, 0xC0, 0x50, 0x00, 0x10, 0x10, 0x00, 0x80, 0x00, 0x00, 0x00, 0x44, 0x00, 0x00, 
	0x14, 0xD4, 0x22, 0x00, 0x00, 0x00, 0x11, 0x01, 0x01, 0x01, 0x00, 0x00, 0x00, 0x00, 0x00, 0x00, 
	0x00, 0x00, 0x00, 0x08, 0x00, 0x00, 0x00, 0x00, 0x00, 0x00, 0x00, 0x00, 0x00, 0x00, 0x00, 0x00, 
	0x00, 0x00, 0x00, 0x00, 0x00, 0x00, 0x00, 0x00, 0x00, 0x00, 0x00, 0x00, 0x00, 0x00, 0x00, 0x00, 
	0x00, 0x00, 0x00, 0x00, 0x00, 0x00, 0x00, 0x00, 0x00, 0x00, 0x00, 0x00, 0x00, 0x00, 0x00, 0x00, 
	0x00, 0x00, 0x00, 0x00, 0x00, 0x00, 0x00, 0x00, 0x00, 0x00, 0x00, 0x00, 0x00, 0x00, 0x00, 0x00, 
	0x00, 0x00, 0x00, 0x00, 0x00, 0x00, 0x00, 0x00, 0x00, 0x00, 0x00, 0x00, 0x00, 0x00, 0x00, 0x01, 
	0x00, 0x00, 0x00, 0x00, 0x00, 0x00, 0x04, 0x00, 0x00, 0x00, 0x00, 0x00, 0x00, 0x00, 0x00, 0x00, 
	0x00, 0x00, 0x00, 0x00, 0x00, 0x00, 0x00, 0x00, 0x00, 0x00, 0x00, 0x00, 0x00, 0x00, 0x00, 0x00, 
	0x00, 0x00, 0x00, 0x00, 0x00, 0x00, 0x00, 0x00, 0x00, 0x00, 0x00, 0x00, 0x00, 0x00, 0x00, 0x00, 
	0x00, 0x00, 0x00, 0x00, 0x00, 0x00, 0x00, 0x00, 0x00, 0x00, 0x00, 0x00, 0x00, 0x00, 0x00, 0x00, 
	0x00, 0x00, 0x00, 0x00, 0x00, 0x00, 0x00, 0x00, 0x00, 0x00, 0x00, 0x00, 0x00, 0x00, 0x00, 0x00, 
	0x00, 0x00, 0x00, 0x00, 0x00, 0x00, 0x00, 0x00, 0x00, 0x08, 0x00, 0x00, 0x00, 0x10, 0x00, 0x00, 
	0x00, 0x00, 0x00, 0x00, 0x00, 0x00, 0x00, 0x00, 0x00, 0x00, 0x00, 0x00, 0x00, 0x00, 0x00, 0x00, 
	0x00, 0x00, 0x00, 0x00, 0x00, 0x00, 0x00, 0x00, 0x00, 0x00, 0x00, 0x00, 0x00, 0x00, 0x00, 0x00, 
	0x00, 0x00, 0x00, 0x00, 0x00, 0x00, 0x03, 0x00, 0x00, 0x00, 0x00, 0x00, 0x00, 0x00, 0x00, 0x00, 
	0x00, 0x00, 0x00, 0x00, 0x00, 0x00, 0x00, 0x00, 0x00, 0x00, 0x00, 0x00, 0x00, 0x00, 0x00, 0x00, 
	0x00, 0x00, 0x00, 0x00, 0x00, 0x00, 0x00, 0x00, 0x04, 0x00, 0x00, 0x00, 0x00, 0x00, 0x00, 0x10, 
	0x00, 0x00, 0x00, 0x00, 0x00, 0x00, 0x40, 0x00, 0x00, 0x00, 0x00, 0x10, 0x00, 0x00, 0x00, 0x00, 
	0x00, 0x00, 0x40, 0x00, 0x00, 0x00, 0x00, 0x00, 0x01, 0x00, 0x00, 0x00, 0x00, 0x00, 0x00, 0x00, 
	0x00, 0x00, 0x00, 0x00, 0x00, 0x00, 0x00, 0x00, 0x00, 0x00, 0x00, 0x00, 0x00, 0x00, 0x00, 0x00, 
	0x00, 0x00, 0x00, 0x00, 0x00, 0x00, 0x00, 0x00, 0x00, 0x00, 0x00, 0x00, 0x00, 0x00, 0x00, 0x00, 
	0x00, 0x00, 0x00, 0x00, 0x00, 0x00, 0x00, 0x00, 0x00, 0x00, 0x00, 0x04, 0x00, 0x00, 0x00, 0x00, 
	0x00, 0x70, 0x10, 0x00, 0x00, 0x00, 0x00, 0x00, 0x00, 0xC0, 0x00, 0x00, 0x00, 0x80, 0x30, 0x00, 
	0x00, 0x00, 0x00, 0x00, 0x00, 0x40, 0x00, 0x00, 0x00, 0x00, 0x00, 0x01, 0x00, 0x00, 0x00, 0x00, 
	0x00, 0x00, 0x00, 0x00, 0x00, 0x00, 0x00, 0x00, 0x00, 0x00, 0x00, 0x80, 0x00, 0x00, 0x00, 0x00, 
	0x00, 0x00, 0x00, 0x00, 0x00, 0x00, 0x03, 0x00, 0x00, 0x00, 0x00, 0x00, 0x00, 0x00, 0x00, 0x00, 
	0x00, 0x00, 0x00, 0x00, 0x00, 0x00, 0x00, 0x00, 0x00, 0x00, 0x00, 0x00, 0x00, 0x00, 0x00, 0x00, 
	0x00, 0x00, 0x00, 0x00, 0x00, 0x00, 0x00, 0x00, 0x00, 0x00, 0x00, 0x00, 0x00, 0x00, 0x00, 0x00, 
	0x00, 0x00, 0x30, 0x00, 0x00, 0x00, 0x00, 0x00, 0x00, 0x00, 0x00, 0x00, 0x00, 0x00, 0x00, 0x00, 
	0x00, 0x00, 0x00, 0x00, 0x00, 0x00, 0x00, 0x00, 0x00, 0x00, 0x00, 0x00, 0x00, 0x00, 0x00, 0x00, 
	0x00, 0x00, 0x00, 0x00, 0x00, 0x00, 0x00, 0x00, 0x80, 0x00, 0x00, 0x01, 0x00, 0x00, 0x00, 0x00, 
	0x00, 0x00, 0x00, 0x00, 0x00, 0x00, 0x00, 0x00, 0x00, 0x00, 0x00, 0x00, 0x00, 0x00, 0x00, 0x00, 
	0x00, 0x00, 0x00, 0x00, 0x00, 0x00, 0x00, 0x00, 0x00, 0x00, 0x00, 0x00, 0x00, 0x00, 0x00, 0x00, 
	0x00, 0x00, 0x00, 0x00, 0x00, 0x00, 0x00, 0x00, 0x00, 0x00, 0x00, 0x00, 0x00, 0x00, 0x00, 0x00, 
	0x00, 0x00, 0x00, 0x00, 0x00, 0x00, 0x00, 0x00, 0x00, 0x00, 0x00, 0x00, 0x00, 0x00, 0x00, 0x00, 
	0x00, 0x00, 0x00, 0x00, 0x00, 0x01, 0x00, 0x00, 0x00, 0x00, 0x00, 0x40, 0x00, 0x00, 0x00, 0x00, 
	0x00, 0x00, 0x00, 0x00, 0x00, 0x00, 0x00, 0x00, 0x00, 0x00, 0x00, 0x00, 0x00, 0x00, 0x00, 0x00, 
	0x00, 0x00, 0x00, 0x00, 0x04, 0x00, 0x00, 0x00, 0x00, 0x00, 0x00, 0x10, 0x00, 0x00, 0x00, 0x00, 
	0x00, 0x00, 0x00, 0x00, 0x00, 0x00, 0x00, 0x00, 0x00, 0x00, 0x00, 0x00, 0x00, 0x00, 0x00, 0x00, 
	0x00, 0x00, 0x00, 0x00, 0x00, 0x02, 0x00, 0x00, 0x00, 0x00, 0x00, 0x00, 0x00, 0x00, 0x00, 0x00, 
	0x00, 0x00, 0x00, 0x00, 0x00, 0x00, 0x00, 0x00, 0x00, 0x00, 0x00, 0x00, 0x00, 0x00, 0x80, 0x00, 
	0x00, 0x00, 0x00, 0x00, 0x00, 0x00, 0x00, 0x00, 0x06, 0x00, 0x00, 0x00, 0x00, 0x00, 0x00, 0x00, 
	0x00, 0x00, 0x00, 0x00, 0x00, 0x00, 0x00, 0x00, 0x24, 0x00, 0x00, 0xC0, 0x00, 0x00, 0x01, 0x00, 
	0xF0, 0x03, 0x00, 0x00, 0x00, 0x90, 0x00, 0xC0, 0x00, 0x00, 0x34, 0x00, 0x81, 0x03, 0x00, 0x00, 
	0x00, 0x00, 0x00, 0x00, 0x0C, 0x00, 0x00, 0x63, 0x78, 0x25, 0x00, 0x00, 0x00, 0x00, 0x00, 0x00, 
	0x00, 0x00, 0x00, 0x90, 0x04, 0x00, 0x00, 0x00, 0x0E, 0x0F, 0x40, 0x30, 0x00, 0x78, 0x08, 0x00, 
	0x04, 0x00, 0x00, 0x02, 0x00, 0x00, 0x40, 0x10, 0x00, 0x00, 0x00, 0x00, 0x00, 0x00, 0x40, 0x00, 
	0x03, 0xCF, 0xB3, 0xF0, 0x00, 0x00, 0x00, 0x00, 0x00, 0x00, 0x00, 0x00, 0x00, 0x00, 0x00, 0x10, 
	0x00, 0x00, 0x00, 0x00, 0x00, 0x00, 0x00, 0x00, 0xB0, 0x00, 0x00, 0x08, 0x00, 0x0E, 0x0F, 0xF0, 
	0x00, 0x00, 0x00, 0x00, 0x00, 0x00, 0x00, 0x00, 0x00, 0x00, 0x01, 0x68, 0xE2, 0x40, 0x00, 0x00, 
	0x00, 0x00, 0x00, 0x00, 0x00, 0x00, 0x00, 0x00, 0x00, 0x80, 0x30, 0x00, 0x00, 0x00, 0x00, 0x00, 
	0x10, 0x08, 0x00, 0x00, 0x00, 0x00, 0x00, 0xC0, 0x00, 0x60, 0x00, 0x00, 0x00, 0x00, 0x00, 0x00, 
	0x00, 0x00, 0x01, 0x60, 0x1F, 0xD5, 0x24, 0x00, 0x00, 0x00, 0x00, 0x00, 0x00, 0x0D, 0x00, 0x20, 
	0x20, 0x00, 0x00, 0x00, 0x00, 0x00, 0x00, 0x00, 0x00, 0x00, 0x0D, 0x10, 0x04, 0x00, 0x10, 0x00, 
	0x24, 0x00, 0x81, 0x00, 0x00, 0x00, 0x00, 0x02, 0x00, 0x00, 0x00, 0x00, 0x2C, 0x29, 0x78, 0x00, 
	0x08, 0x80, 0x00, 0x00, 0x00, 0x00, 0x00, 0x00, 0x00, 0x10, 0x00, 0x00, 0x00, 0x00, 0x00, 0x00, 
	0x00, 0x00, 0x00, 0x00, 0x1D, 0x80, 0x00, 0x00, 0x00, 0x00, 0x00, 0x00, 0x40, 0x00, 0x00, 0x00, 
	0x00, 0x00, 0x09, 0x20, 0x00, 0x02, 0x60, 0x66, 0xC8, 0x00, 0x08, 0x00, 0x00, 0x00, 0x20, 0x00, 
	0x00, 0x00, 0x00, 0x00, 0x00, 0x01, 0xC0, 0x00, 0x90, 0x02, 0x88, 0x00, 0x00, 0x00, 0x70, 0x00, 
	0x00, 0x00, 0x42, 0x41, 0x05, 0x51, 0x00, 0x00, 0x07, 0x0D, 0x00, 0x00, 0x00, 0x00, 0x01, 0x00, 
	0x60, 0x00, 0x00, 0x00, 0x00, 0x00, 0x00, 0x00, 0x00, 0x00, 0x00, 0x00, 0x00, 0x00, 0x0E, 0x20, 
	0x00, 0x00, 0x02, 0x40, 0x40, 0x00, 0x10, 0x00, 0x00, 0x00, 0x0C, 0x04, 0x20, 0xCC, 0x55, 0x40, 
	0x00, 0x00, 0x58, 0x10, 0x00, 0x00, 0x00, 0x00, 0x01, 0x62, 0x40, 0x00, 0x00, 0x00, 0x00, 0x00, 
	0x00, 0x00, 0x00, 0x00, 0x00, 0x00, 0x00, 0x00, 0x00, 0x20, 0x00, 0x00, 0x00, 0x00, 0x00, 0x00, 
	0x0C, 0x30, 0x00, 0x00, 0x00, 0x22, 0x40, 0xA0, 0x01, 0x00, 0x00, 0x00, 0x0D, 0x02, 0xC0, 0x06, 
	0x00, 0x00, 0x24, 0x40, 0x5D, 0xB8, 0x00, 0x00, 0x00, 0x00, 0x00, 0x00, 0x00, 0x00, 0x00, 0x00, 
	0x00, 0x00, 0x1C, 0x00, 0x00, 0x00, 0x00, 0x00, 0x00, 0x70, 0x10, 0x00, 0x00, 0x00, 0x1E, 0x04, 
	0x00, 0x02, 0x40, 0x00, 0x00, 0x10, 0x10, 0x00, 0x09, 0xA4, 0x00, 0x0A, 0xE7, 0xAF, 0xC7, 0xA0, 
	0x00, 0x00, 0x00, 0x00, 0x00, 0x00, 0xC0, 0x00, 0x00, 0x00, 0xC4, 0x80, 0x00, 0x00, 0x00, 0x00, 
	0x03, 0x00, 0x0B, 0x10, 0x90, 0x00, 0x44, 0x02, 0x40, 0x02, 0x00, 0x40, 0x01, 0x00, 0x00, 0x0D, 
	0x90, 0x02, 0x00, 0x0C, 0x20, 0x16, 0x7E, 0xCF, 0x21, 0x40, 0x00, 0x00, 0x00, 0x00, 0x00, 0x1E, 
	0x00, 0x00, 0x00, 0x04, 0x00, 0x00, 0x20, 0x00, 0x00, 0x00, 0x10, 0x00, 0x91, 0xC8, 0x00, 0x0C, 
	0x00, 0x20, 0x00, 0x60, 0x00, 0x48, 0x30, 0x34, 0x00, 0x18, 0x00, 0x00, 0x00, 0x40, 0x02, 0x67, 
	0x56, 0x98, 0x44, 0x00, 0x00, 0x00, 0x20, 0x00, 0x08, 0x00, 0x40, 0x00, 0x00, 0x20, 0x00, 0x00, 
	0x00, 0x00, 0x00, 0x02, 0x00, 0x0B, 0x0F, 0x52, 0xC0, 0x28, 0x00, 0x00, 0x00, 0x00, 0x00, 0x00, 
	0x80, 0x00, 0x09, 0xD0, 0x02, 0x02, 0x08, 0x00, 0x26, 0x21, 0x6A, 0x48, 0x40, 0x00, 0x00, 0x02, 
	0x80, 0x07, 0x00, 0x02, 0x84, 0x12, 0x0A, 0x00, 0x00, 0x00, 0x00, 0x00, 0x00, 0x28, 0x40, 0xF9, 
	0xF5, 0x04, 0x42, 0x00, 0x00, 0x38, 0x00, 0x00, 0x00, 0x28, 0x00, 0x00, 0x18, 0x00, 0x01, 0x00, 
	0xA0, 0x03, 0xE0, 0x7E, 0xE2, 0x1C, 0x00, 0x00, 0x00, 0x00, 0x00, 0x01, 0x00, 0x00, 0x00, 0x00, 
	0x02, 0x10, 0x02, 0x00, 0x00, 0x00, 0x00, 0x00, 0x00, 0x0F, 0x12, 0x40, 0x00, 0x01, 0xC0, 0x00, 
	0x00, 0x00, 0x00, 0x00, 0x00, 0x80, 0x00, 0x03, 0xC0, 0x00, 0x00, 0x00, 0x00, 0x00, 0x00, 0x02, 
	0x00, 0x00, 0x00, 0x00, 0x00, 0x0E, 0x06, 0x04, 0x12, 0x00, 0x40, 0x80, 0x00, 0x00, 0x00, 0x00, 
	0x00, 0x40, 0x00, 0x18, 0x00, 0x00, 0x00, 0x20, 0x20, 0x00, 0x00, 0x00, 0x00, 0x00, 0x10, 0x00, 
	0x30, 0x3C, 0x00, 0x00, 0x00, 0x60, 0x0C, 0x00, 0x08, 0x00, 0x00, 0x00, 0x00, 0x00, 0x00, 0x00, 
	0x00, 0x00, 0x20, 0x00, 0x00, 0x06, 0x42, 0x00, 0x40, 0x03, 0x00, 0x00, 0x08, 0xF0, 0x00, 0x48, 
	0x00, 0x00, 0x00, 0x00, 0x00, 0x00, 0x20, 0x00, 0x10, 0x93, 0x4F, 0x04, 0x00, 0x80, 0x00, 0x24, 
	0xC0, 0xA0, 0x00, 0x00, 0x00, 0x00, 0x00, 0x00, 0x0A, 0x03, 0x84, 0x10, 0x00, 0x00, 0x00, 0x64, 
	0xE0, 0x00, 0x40, 0x70, 0x00, 0x10, 0x88, 0x00, 0x04, 0x00, 0x00, 0x00, 0x00, 0x00, 0x00, 0x00, 
	0x00, 0x01, 0xED, 0xB2, 0xF1, 0x00, 0x04, 0x00, 0x00, 0x47, 0xC0, 0x00, 0x00, 0x00, 0x00, 0x00, 
	0x00, 0x00, 0x00, 0x34, 0x00, 0x00, 0x04, 0x00, 0x44, 0x00, 0x00, 0x00, 0x00, 0x00, 0x00, 0x00, 
	0x30, 0x00, 0x00, 0x00, 0x00, 0x00, 0x00, 0x00, 0x00, 0x00, 0x0F, 0x80, 0x02, 0x99, 0x80, 0x20, 
	0x00, 0xBE, 0x01, 0x59, 0x00, 0x00, 0x00, 0x00, 0x00, 0x00, 0x01, 0x00, 0x00, 0x00, 0x90, 0x20, 
	0x00, 0x20, 0x60, 0x00, 0x00, 0x00, 0x00, 0x00, 0x78, 0x08, 0x00, 0x00, 0x00, 0x1E, 0x00, 0x00, 
	0x00, 0x00, 0x00, 0x00, 0xF8, 0x05, 0x01, 0x98, 0x00, 0x00, 0x04, 0x62, 0x96, 0xA2, 0x00, 0x00, 
	0x00, 0x00, 0x00, 0x00, 0x00, 0x81, 0x6A, 0x58, 0x00, 0x00, 0xC2, 0x47, 0xEF, 0xF8, 0x42, 0x00, 
	0x00, 0x0D, 0x00, 0x10, 0x01, 0x00, 0x00, 0x00, 0x04, 0x00, 0x00, 0x00, 0x00, 0x00, 0x00, 0x1B, 
	0x00, 0x00, 0x00, 0x00, 0x16, 0x21, 0xD8, 0x08, 0x00, 0x80, 0x00, 0x00, 0x00, 0x00, 0x00, 0x02, 
	0x5A, 0x40, 0x00, 0x00, 0x20, 0x63, 0x4D, 0x21, 0x00, 0x00, 0x00, 0x00, 0x00, 0x00, 0x00, 0x40, 
	0x00, 0x00, 0xDA, 0xA0, 0x00, 0x00, 0x00, 0x00, 0xAF, 0xB8, 0x04, 0x00, 0x00, 0x82, 0xE0, 0x1D, 
	0xD0, 0x10, 0x00, 0x00, 0x00, 0x00, 0x00, 0x00, 0x80, 0x80, 0x10, 0x20, 0x00, 0x00, 0x02, 0x0E, 
	0xFC, 0x02, 0x00, 0x00, 0x03, 0x00, 0xD0, 0x00, 0x00, 0x81, 0xC2, 0x80, 0x00, 0x06, 0x04, 0x40, 
	0x37, 0x88, 0x1B, 0x69, 0x40, 0x20, 0x01, 0x54, 0x00, 0x00, 0x00, 0x00, 0x00, 0x00, 0x00, 0x00, 
	0x00, 0x01, 0x50, 0x00, 0x10, 0x00, 0x00, 0x00, 0x62, 0x58, 0x30, 0x00, 0x00, 0x00, 0x80, 0x08, 
	0x00, 0x00, 0x01, 0x24, 0x00, 0x18, 0x10, 0x60, 0x84, 0x06, 0xB8, 0xA9, 0xBB, 0x69, 0x00, 0x00, 
	0x09, 0x60, 0x00, 0x00, 0x00, 0x00, 0x00, 0x00, 0x00, 0x00, 0xF9, 0x01, 0x03, 0xC0, 0x00, 0x00, 
	0x00, 0x04, 0x02, 0x00, 0x40, 0x00, 0x10, 0x00, 0x00, 0x90, 0x00, 0x00, 0x02, 0x43, 0xA7, 0xC0, 
	0x00, 0x08, 0x00, 0x2B, 0x10, 0x06, 0x70, 0x00, 0x00, 0x01, 0x06, 0x00, 0xC0, 0x08, 0x00, 0x00, 
	0x00, 0x00, 0x00, 0x09, 0x8A, 0x9E, 0x83, 0xC0, 0x00, 0x00, 0x00, 0x71, 0x60, 0x00, 0x40, 0x00, 
	0x80, 0x39, 0xC8, 0x00, 0x00, 0x00, 0x3E, 0x7F, 0x48, 0x20, 0x00, 0x00, 0x05, 0x91, 0xE0, 0x63, 
	0x00, 0x80, 0x00, 0x01, 0x47, 0x80, 0x00, 0x00, 0x00, 0x00, 0x00, 0x00, 0x00, 0x00, 0xEF, 0x00, 
	0x20, 0x00, 0x00, 0x00, 0x00, 0x05, 0xFA, 0x52, 0x03, 0x28, 0x40, 0x80, 0x30, 0x00, 0x40, 0x00, 
	0x00, 0x00, 0x00, 0x00, 0x03, 0x10, 0xD5, 0x10, 0xD6, 0x83, 0xC0, 0x0C, 0x00, 0x80, 0x22, 0x59, 
	0x80, 0x00, 0x80, 0x00, 0x00, 0x00, 0x00, 0x00, 0x80, 0x00, 0x10, 0x00, 0x00, 0x1E, 0x69, 0xD9, 
	0x96, 0x00, 0x11, 0x32, 0x39, 0xE0, 0x00, 0x0C, 0x00, 0x00, 0x20, 0x00, 0x00, 0x00, 0x10, 0x06, 
	0x51, 0xE9, 0x76, 0x3D, 0x01, 0xC0, 0x01, 0xE0, 0x16, 0xB0, 0x00, 0x00, 0x00, 0x00, 0x20, 0x00, 
	0x50, 0x00, 0x80, 0x10, 0x00, 0xA0, 0x00, 0x00, 0x00, 0x00, 0x00, 0x02, 0x80, 0x00, 0x90, 0x1A, 
	0x41, 0xA0, 0x03, 0xE7, 0xC0, 0x00, 0x00, 0x00, 0x80, 0x0F, 0x1F, 0x00, 0x00, 0x00, 0x02, 0x00, 
	0x0E, 0x38, 0x6C, 0xA5, 0x00, 0x00, 0x00, 0x02, 0x80, 0x05, 0x00, 0x58, 0x00, 0x12, 0x02, 0x00, 
	0x16, 0x60, 0x00, 0x00, 0x00, 0x28, 0x00, 0x39, 0xCF, 0x80, 0x0A, 0x00, 0x04, 0x74, 0x00, 0x00, 
	0x00, 0x08, 0x00, 0xD9, 0xE0, 0x00, 0x00, 0x00, 0xA0, 0x03, 0xE0, 0x56, 0x1D, 0xB4, 0x04, 0x00, 
	0x00, 0x00, 0x00, 0x00, 0xA0, 0x37, 0x30, 0x11, 0x00, 0x01, 0x40, 0x01, 0x00, 0x00, 0x04, 0x28, 
	0x50, 0x10, 0x52, 0x80, 0x00, 0x08, 0x33, 0xE5, 0xBA, 0x12, 0x00, 0x00, 0x0B, 0x9D, 0x02, 0x59, 
	0x80, 0x00, 0xE0, 0x02, 0x3D, 0x60, 0xFF, 0x00, 0x00, 0x00, 0x00, 0x00, 0x05, 0x00, 0x02, 0x4C, 
	0xC0, 0x00, 0x01, 0x20, 0x20, 0x0C, 0x10, 0x60, 0x01, 0x3A, 0x71, 0xC8, 0x00, 0x00, 0x00, 0x1E, 
	0x07, 0x7B, 0x00, 0x00, 0x00, 0x04, 0xF0, 0xF5, 0x81, 0x98, 0x80, 0x0C, 0x00, 0x60, 0x3E, 0x0A, 
	0x51, 0x00, 0x00, 0x00, 0x00, 0x00, 0x00, 0x00, 0x27, 0x30, 0x00, 0x00, 0x02, 0x40, 0x00, 0x00, 
	0x00, 0x03, 0x00, 0x00, 0x0C, 0x30, 0x00, 0xC0, 0x00, 0x00, 0x00, 0x00, 0x00, 0x01, 0x02, 0x8F, 
	0x0C, 0x97, 0xA0, 0x80, 0x04, 0x04, 0x16, 0x00, 0x4F, 0x24, 0x00, 0x00, 0x00, 0x00, 0x00, 0x00, 
	0x00, 0x02, 0x0C, 0xE0, 0x00, 0x00, 0x20, 0x00, 0x00, 0x00, 0x00, 0x30, 0x00, 0x39, 0xD8, 0x00, 
	0x04, 0x00, 0x00, 0x68, 0x00, 0x00, 0x00, 0x30, 0x10, 0x90, 0x19, 0xE2, 0x04, 0x00, 0xC0, 0x00, 
	0x60, 0x3C, 0x04, 0x20, 0x00, 0x00, 0x00, 0x00, 0x00, 0x00, 0x00, 0x03, 0x30, 0x00, 0x0A, 0x00, 
	0x20, 0x00, 0x00, 0x00, 0x00, 0x00, 0x01, 0x10, 0x50, 0x00, 0x00, 0x00, 0x00, 0x00, 0x00, 0x00, 
	0x00, 0x00, 0x01, 0x00, 0xDA, 0x40, 0x02, 0x00, 0xA0, 0x82, 0x27, 0x4D, 0x81, 0x40, 0x00, 0x00, 
	0x00, 0x00, 0x00, 0x00, 0x5A, 0x0C, 0xE0, 0x00, 0x00, 0x1C, 0x00, 0x00, 0x00, 0x00, 0x00, 0x38, 
	0x01, 0xC8, 0x00, 0x00, 0x00, 0x04, 0x70, 0x00, 0x00, 0x00, 0x00, 0x38, 0x00, 0x0B, 0x78, 0x40, 
	0x00, 0x04, 0x80, 0x67, 0xEC, 0x00, 0x06, 0x00, 0x00, 0x00, 0x00, 0x00, 0x00, 0x00, 0x83, 0x30, 
	0x00, 0x00, 0x00, 0x00, 0x00, 0xB0, 0x02, 0x00, 0x00, 0x00, 0x00, 0x78, 0x10, 0x00, 0x00, 0x02, 
	0x00, 0x00, 0x00, 0x00, 0x00, 0x03, 0x80, 0x30, 0x02, 0x00, 0x00, 0x00, 0x04, 0x24, 0x1B, 0x82, 
	0x00, 0x00, 0x00, 0x00, 0x00, 0x00, 0x00, 0x5A, 0x0C, 0xE0, 0x00, 0x00, 0x00, 0x00, 0x01, 0x02, 
	0x50, 0x00, 0x00, 0x10, 0x07, 0x80, 0x00, 0x00, 0x00, 0x20, 0x00, 0x00, 0x00, 0x00, 0x00, 0x18, 
	0x08, 0x00, 0x00, 0x00, 0x00, 0x00, 0x00, 0x5F, 0xC8, 0x20, 0x00, 0x00, 0x02, 0x00, 0x00, 0x00, 
	0x00, 0x2F, 0x30, 0x00, 0x00, 0x80, 0x00, 0x00, 0x00, 0x00, 0x00, 0x00, 0x00, 0x80, 0x10, 0x00, 
	0x00, 0x00, 0x00, 0x24, 0xFC, 0xF0, 0x10, 0x00, 0x00, 0x80, 0x72, 0xBC, 0x00, 0x20, 0x01, 0x40, 
	0x35, 0xC8, 0x99, 0x00, 0x00, 0x00, 0x00, 0x00, 0x00, 0x00, 0x02, 0x0C, 0xE0, 0x00, 0x00, 0x00, 
	0x00, 0x00, 0x00, 0x00, 0x00, 0x00, 0x10, 0x00, 0x00, 0x00, 0x08, 0x00, 0x01, 0x59, 0xEF, 0x40, 
	0x00, 0x28, 0x70, 0xAD, 0x67, 0xC5, 0x80, 0x02, 0x19, 0x40, 0x40, 0x06, 0x60, 0x00, 0x00, 0x00, 
	0x00, 0x00, 0x91, 0x90, 0x23, 0x30, 0x00, 0x00, 0x00, 0x07, 0x00, 0xA0, 0x01, 0x00, 0x00, 0x07, 
	0x80, 0x30, 0x00, 0x00, 0x00, 0xC7, 0xF6, 0xAE, 0xF8, 0x04, 0x10, 0x00, 0x90, 0x06, 0xCC, 0xC0, 
	0x40, 0x00, 0x2C, 0x02, 0x4A, 0x99, 0x00, 0x00, 0x00, 0x20, 0x00, 0x09, 0x19, 0x02, 0x4C, 0xE0, 
	0x00, 0x00, 0x00, 0x7C, 0x00, 0x02, 0x60, 0x40, 0x00, 0xB9, 0xE0, 0x00, 0x00, 0x00, 0x1C, 0x77, 
	0x6A, 0xAF, 0x40, 0x02, 0x90, 0x19, 0xE0, 0x28, 0xCC, 0x20, 0x00, 0x02, 0x02, 0x34, 0x1A, 0x52, 
	0x00, 0x00, 0x00, 0x00, 0x00, 0x91, 0x90, 0x83, 0x30, 0x00, 0x00, 0x02, 0xC2, 0x80, 0x00, 0x40, 
	0x03, 0x08, 0x00, 0x80, 0x90, 0x00, 0xC0, 0x29, 0xC4, 0x00, 0x00, 0x00, 0x00, 0x10, 0x57, 0x0A, 
	0x00, 0x00, 0x00, 0x04, 0x00, 0x80, 0x39, 0xCD, 0x99, 0x00, 0x00, 0x00, 0x00, 0x00, 0x08, 0x19, 
	0x52, 0x0C, 0xE0, 0x00, 0x0C, 0x20, 0x6D, 0xE0, 0x00, 0x60, 0x70, 0x00, 0x38, 0x00, 0x00, 0x0C, 
	0x00, 0x24, 0x78, 0x00, 0x00, 0x00, 0x02, 0x80, 0xF0, 0xA0, 0x00, 0x00, 0x00, 0x40, 0x80, 0x40, 
	0x60, 0x16, 0x62, 0x00, 0x00, 0x00, 0x00, 0x00, 0x08, 0x00, 0x2F, 0x30, 0x00, 0xA0, 0x00, 0x02, 
	0x87, 0x0F, 0x00, 0x02, 0x00, 0x23, 0x00, 0x53, 0xD0, 0xA0, 0x00, 0x26, 0x6F, 0xAF, 0xE0, 0x02, 
	0x80, 0x09, 0x8F, 0xF0, 0x33, 0x00, 0x48, 0x40, 0x00, 0x40, 0x10, 0x00, 0x00, 0x01, 0x80, 0x00, 
	0x00, 0x01, 0x80, 0x06, 0xCC, 0xE0, 0x0A, 0x00, 0x16, 0x06, 0x7A, 0x0F, 0x00, 0x68, 0x45, 0x80, 
	0x0D, 0x04, 0x0A, 0x0A, 0x16, 0x66, 0xEB, 0xBD, 0x40, 0x48, 0x00, 0xD1, 0xE8, 0x20, 0xCC, 0x00, 
	0xA8, 0x01, 0x66, 0x00, 0xE1, 0x00, 0x00, 0x04, 0x00, 0x00, 0x02, 0x01, 0x00, 0x00, 0x00, 0x08, 
	0x00, 0x10, 0x20, 0x01, 0xB6, 0x90, 0x00, 0x01, 0x03, 0x0D, 0x12, 0xC0, 0x00, 0x00, 0x03, 0xA7, 
	0x00, 0xF2, 0x00, 0x00, 0x40, 0x0F, 0x00, 0x33, 0x0D, 0x40, 0x01, 0x3C, 0x24, 0x00, 0xFA, 0x00, 
	0x40, 0x00, 0x00, 0x00, 0x00, 0x08, 0x50, 0x00, 0x20, 0x00, 0x0C, 0x9E, 0x00, 0x4A, 0x69, 0x00, 
	0x40, 0x50, 0x80, 0x18, 0x04, 0x00, 0x00, 0x00, 0x2A, 0x68, 0xF0, 0x00, 0x02, 0x82, 0x00, 0x13, 
	0x20, 0xCE, 0x00, 0x02, 0x02, 0x00, 0x0D, 0xEF, 0xA0, 0x00, 0x00, 0x00, 0x08, 0x00, 0x00, 0x00, 
	0x40, 0x00, 0x20, 0x60, 0x00, 0x00, 0x01, 0x00, 0x02, 0x0B, 0x80, 0x00, 0x80, 0xB0, 0x00, 0x20, 
	0xE0, 0x00, 0x0C, 0x00, 0x80, 0x10, 0x90, 0x40, 0x00, 0x03, 0x33, 0x0C, 0x22, 0x00, 0x26, 0x41, 
	0xCF, 0x1D, 0x00, 0x00, 0x00, 0x00, 0x00, 0x00, 0x0E, 0x07, 0x84, 0x10, 0x0C, 0x02, 0x00, 0x00, 
	0x1A, 0x10, 0x40, 0x70, 0x00, 0x10, 0x00, 0x00, 0x00, 0x00, 0x00, 0x02, 0x00, 0x00, 0x40, 0x02, 
	0x82, 0x79, 0xE0, 0x24, 0xCE, 0x04, 0x00, 0x02, 0x42, 0x2C, 0xE2, 0xD0, 0x10, 0x00, 0x00, 0x0C, 
	0x00, 0xB0, 0x00, 0x00, 0x10, 0x02, 0x20, 0x00, 0x20, 0x00, 0x00, 0x42, 0x00, 0x80, 0x00, 0x00, 
	0x30, 0x00, 0x24, 0x05, 0xC0, 0x00, 0x00, 0x00, 0x90, 0xAA, 0x80, 0x00, 0x08, 0x33, 0x00, 0x02, 
	0x20, 0x82, 0x24, 0x28, 0x66, 0x00, 0x00, 0x00, 0x00, 0x40, 0x08, 0x00, 0x70, 0x00, 0x10, 0x00, 
	0x40, 0x0E, 0x00, 0x40, 0x00, 0x40, 0x40, 0x00, 0x10, 0x08, 0x00, 0x00, 0x01, 0x86, 0x00, 0x0A, 
	0x10, 0x40, 0x03, 0x80, 0x00, 0x05, 0xA0, 0xCE, 0x24, 0x00, 0x80, 0xC2, 0x04, 0x16, 0x62, 0x00, 
	0x30, 0x38, 0x08, 0x00, 0x09, 0x90, 0x34, 0x00, 0x02, 0x20, 0x01, 0xC0, 0x00, 0x80, 0x03, 0x08, 
	0x80, 0x07, 0x00, 0x50, 0x10, 0x24, 0x00, 0x20, 0x1C, 0x00, 0x82, 0x00, 0x80, 0x00, 0x90, 0x03, 
	0x73, 0x04, 0x02, 0x00, 0x16, 0x00, 0x6C, 0x01, 0x00, 0x02, 0x00, 0x40, 0x00, 0x03, 0x9C, 0x00, 
	0x40, 0x90, 0x00, 0x00, 0x00, 0x00, 0x01, 0x02, 0x40, 0x00, 0x01, 0x00, 0x0D, 0x00, 0x00, 0xA0, 
	0x04, 0x00, 0x00, 0x00, 0x40, 0x00, 0x08, 0x79, 0xE0, 0x20, 0xCE, 0x00, 0x00, 0x00, 0xE0, 0x0D, 
	0xD0, 0x80, 0x00, 0x24, 0x02, 0x08, 0x00, 0x10, 0x05, 0x00, 0x20, 0x00, 0x24, 0x00, 0x00, 0x34, 
	0x00, 0x82, 0x0C, 0x80, 0x00, 0x00, 0xD0, 0x00, 0x20, 0x00, 0x00, 0x01, 0x00, 0x01, 0x00, 0xA1, 
	0x80, 0x90, 0x08, 0x33, 0x04, 0x02, 0x20, 0xA4, 0x3F, 0xE0, 0xA5, 0x00, 0x00, 0x40, 0x10, 0x00, 
	0x08, 0x00, 0x80, 0x00, 0x00, 0x00, 0xA0, 0x00, 0x00, 0x00, 0x00, 0x40, 0x00, 0x10, 0x01, 0xE8, 
	0x00, 0x00, 0x00, 0x00, 0x00, 0x1A, 0x10, 0x40, 0x01, 0x00, 0x79, 0xE3, 0xA0, 0xCE, 0x00, 0x00, 
	0x60, 0x00, 0x55, 0x85, 0x56, 0x00, 0xC0, 0x80, 0x48, 0x00, 0x08, 0x00, 0x30, 0x00, 0x00, 0x20, 
	0x00, 0x20, 0x00, 0x90, 0x02, 0x0C, 0x90, 0x05, 0x00, 0x90, 0x00, 0x20, 0x60, 0xC3, 0x80, 0x00, 
	0x40, 0x00, 0x80, 0x2F, 0x0F, 0x03, 0x33, 0x04, 0x02, 0x00, 0x2C, 0x30, 0x20, 0xFA, 0x00, 0x40, 
	0x08, 0x30, 0x00, 0x07, 0x00, 0x00, 0x40, 0x92, 0x00, 0x00, 0x16, 0x30, 0x01, 0x02, 0x40, 0x02, 
	0x80, 0xD9, 0xA0, 0x00, 0x00, 0x00, 0x3E, 0x05, 0x60, 0x00, 0x40, 0x40, 0x05, 0x00, 0x00, 0x20, 
	0xCE, 0x00, 0x00, 0x00, 0x02, 0x1F, 0xEF, 0xA0, 0x00, 0x00, 0x80, 0x08, 0x00, 0x00, 0x09, 0xA4, 
	0x60, 0x00, 0x60, 0x00, 0x00, 0x02, 0x00, 0x42, 0x07, 0x88, 0x00, 0x0A, 0x50, 0x00, 0x20, 0x01, 
	0xC0, 0x1C, 0x00, 0x80, 0x00, 0x80, 0xC0, 0x00, 0x00, 0x33, 0x04, 0x4E, 0x80, 0x7E, 0x3C, 0x1F, 
	0x10, 0x00, 0xC0, 0x08, 0x00, 0x00, 0x00, 0x00, 0x10, 0x50, 0x80, 0x04, 0x00, 0x06, 0x78, 0x40, 
	0x00, 0x41, 0x51, 0x38, 0x11, 0xF8, 0x00, 0x00, 0x00, 0x20, 0x00, 0x00, 0x00, 0x60, 0x00, 0x1A, 
	0x00, 0x05, 0xA0, 0xCE, 0x00, 0x44, 0xA9, 0x43, 0x97, 0xB1, 0x00, 0x00, 0x00, 0x80, 0x20, 0x00, 
	0x00, 0x80, 0x00, 0x10, 0x02, 0xA0, 0x00, 0x24, 0x00, 0x00, 0xF2, 0x06, 0x81, 0x00, 0x0A, 0xD2, 
	0x00, 0x20, 0x00, 0x00, 0x14, 0x00, 0x80, 0x00, 0x00, 0x00, 0x00, 0x04, 0x33, 0x00, 0x4A, 0x00, 
	0x14, 0x79, 0x68, 0x5A, 0x01, 0x08, 0x08, 0x02, 0x80, 0x00, 0x01, 0x30, 0x00, 0x10, 0x0A, 0x00, 
	0x1C, 0x38, 0x0A, 0x0F, 0x40, 0x68, 0x80, 0x00, 0x10, 0x00, 0x22, 0x00, 0x00, 0x02, 0x00, 0x00, 
	0x40, 0x00, 0x00, 0x00, 0x07, 0xF8, 0xCE, 0x40, 0x20, 0x03, 0xC7, 0x96, 0x14, 0x26, 0x00, 0x00, 
	0x82, 0x88, 0x3A, 0x01, 0xAB, 0x00, 0x20, 0x00, 0x20, 0x00, 0x27, 0xC0, 0xA0, 0x02, 0x84, 0xA8, 
	0x15, 0x00, 0x92, 0x00, 0x20, 0x01, 0xE0, 0x00, 0x00, 0x40, 0x00, 0x82, 0x00, 0x00, 0x03, 0xC0, 
	0x00, 0x82, 0x40, 0x02, 0x00, 0x29, 0x81, 0x00, 0x01, 0x88, 0x09, 0x00, 0x00, 0x1C, 0x80, 0x00, 
	0x10, 0x04, 0x00, 0x1C, 0x3C, 0x01, 0x02, 0x49, 0x91, 0x00, 0xD9, 0xA8, 0x00, 0x04, 0x08, 0x1E, 
	0x00, 0x40, 0x00, 0x40, 0x50, 0x02, 0x00, 0x00, 0x04, 0x02, 0x00, 0x48, 0x00, 0x46, 0x86, 0x18, 
	0x10, 0x04, 0x00, 0x00, 0x38, 0x00, 0x01, 0x81, 0x23, 0xFC, 0x00, 0x24, 0x02, 0x40, 0x02, 0x00, 
	0x40, 0x11, 0x00, 0x0F, 0x80, 0x90, 0x00, 0x24, 0x60, 0x40, 0x1C, 0x0F, 0x52, 0x0B, 0x80, 0x17, 
	0x08, 0x52, 0xB6, 0xC2, 0x0E, 0x00, 0x34, 0x3F, 0xDA, 0x00, 0x08, 0x00, 0x00, 0x01, 0x00, 0x00, 
	0x1D, 0x56, 0x65, 0x80, 0x00, 0x80, 0x60, 0x00, 0x40, 0x00, 0x40, 0x10, 0x05, 0x38, 0x00, 0x00, 
	0x00, 0x00, 0x00, 0x22, 0x18, 0xFA, 0x00, 0x50, 0x00, 0xD8, 0x03, 0x86, 0x04, 0x00, 0x44, 0x01, 
	0x42, 0x24, 0x8C, 0xC0, 0x00, 0x00, 0x40, 0x08, 0x00, 0x00, 0x8B, 0x65, 0x10, 0x00, 0x20, 0x12, 
	0x44, 0x05, 0xBE, 0x20, 0x00, 0x00, 0x00, 0x09, 0x70, 0x00, 0x20, 0x00, 0x00, 0x00, 0x00, 0x00, 
	0x08, 0x80, 0x05, 0x0B, 0x3B, 0x69, 0xC0, 0x02, 0x00, 0x00, 0x39, 0xDC, 0x52, 0x18, 0x80, 0x07, 
	0x80, 0x00, 0x00, 0x0E, 0x52, 0x44, 0x40, 0x00, 0x0C, 0xA0, 0x2B, 0x6A, 0x47, 0x00, 0x00, 0x00, 
	0x00, 0x18, 0x00, 0x00, 0x00, 0x40, 0x00, 0x1C, 0x10, 0x50, 0x00, 0x04, 0xF1, 0xC7, 0x36, 0x2C, 
	0x00, 0x00, 0x60, 0x40, 0x00, 0xAA, 0x10, 0x00, 0x30, 0x00, 0x08, 0x01, 0x00, 0x0B, 0xA6, 0xF8, 
	0x00, 0x20, 0x00, 0x00, 0x14, 0xE6, 0x60, 0x00, 0x01, 0x09, 0x00, 0x10, 0x04, 0x20, 0x40, 0x60, 
	0x00, 0x00, 0x00, 0x00, 0x80, 0x09, 0x0A, 0x03, 0xC0, 0x30, 0x52, 0x00, 0x1E, 0x03, 0x60, 0x00, 
	0x00, 0x03, 0x00, 0x00, 0x00, 0x00, 0x00, 0x33, 0x75, 0xC0, 0x00, 0x00, 0x1C, 0x00, 0x01, 0x99, 
	0x00, 0x02, 0x01, 0x80, 0x05, 0x80, 0x00, 0x00, 0x7E, 0x00, 0x00, 0x00, 0x00, 0x00, 0x08, 0x10, 
	0x00, 0x04, 0x09, 0x00, 0x00, 0x01, 0x40, 0x3E, 0x0A, 0x54, 0x04, 0x00, 0x02, 0x08, 0x01, 0x10, 
	0x80, 0xEC, 0x20, 0x00, 0x22, 0x08, 0x00, 0x01, 0x00, 0x00, 0x00, 0x00, 0x40, 0x08, 0x50, 0x00, 
	0x20, 0x00, 0x00, 0x3C, 0x00, 0x80, 0x00, 0x80, 0x2D, 0x0E, 0x04, 0x14, 0x00, 0x12, 0x20, 0x04, 
	0x27, 0x5B, 0xCA, 0x08, 0x00, 0x00, 0x10, 0x00, 0x00, 0x09, 0x57, 0xC2, 0x00, 0x00, 0x4C, 0x00, 
	0x30, 0x08, 0x10, 0x60, 0x00, 0x02, 0x00, 0x00, 0x00, 0x00, 0x00, 0x00, 0x62, 0x00, 0x00, 0x40, 
	0x00, 0x34, 0x59, 0xA7, 0xE9, 0x40, 0x00, 0x00, 0x68, 0x02, 0xA0, 0xEC, 0x50, 0x00, 0x00, 0x80, 
	0x08, 0x00, 0x00, 0xA0, 0xC2, 0xA8, 0x00, 0x20, 0x01, 0x43, 0xC0, 0xC0, 0x00, 0x00, 0x10, 0x00, 
	0x9C, 0x70, 0x00, 0x20, 0x03, 0xC0, 0x00, 0x80, 0x02, 0x00, 0x82, 0x11, 0x0E, 0x00, 0x00, 0x10, 
	0x32, 0x00, 0x02, 0x60, 0x2B, 0x24, 0x00, 0x40, 0x08, 0x30, 0x00, 0x01, 0x18, 0x7A, 0xAA, 0x80, 
	0x00, 0x00, 0x00, 0x04, 0x01, 0x02, 0x40, 0x42, 0x05, 0x39, 0xF8, 0x00, 0x00, 0x01, 0x00, 0x78, 
	0x00, 0x02, 0x40, 0x00, 0x02, 0x10, 0x10, 0x28, 0x41, 0x00, 0x00, 0x15, 0xC7, 0x1E, 0x12, 0x46, 
	0x00, 0x00, 0x80, 0x38, 0x00, 0x50, 0xB0, 0x80, 0x10, 0x80, 0x20, 0x03, 0x42, 0xA5, 0xF4, 0xA0, 
	0x03, 0x00, 0x00, 0x00, 0x90, 0x00, 0x2E, 0x00, 0x00, 0x0C, 0x00, 0x81, 0x05, 0x90, 0x83, 0x0F, 
	0x98, 0x14, 0x00, 0x06, 0x00, 0x6E, 0x2D, 0xEC, 0x24, 0x00, 0x00, 0x08, 0x03, 0x00, 0x05, 0x0A, 
	0x70, 0x00, 0x1A, 0x10, 0x0C, 0x20, 0x6B, 0xCC, 0x25, 0x00, 0x10, 0x00, 0x71, 0xC8, 0x00, 0x00, 
	0xA4, 0x00, 0x02, 0x00, 0x00, 0x50, 0x30, 0x01, 0xF0, 0x1D, 0x63, 0xD4, 0x80, 0xC0, 0x09, 0xE2, 
	0x2C, 0x15, 0xA2, 0x00, 0x80, 0x81, 0x20, 0x00, 0x59, 0xB0, 0x40, 0x00, 0x00, 0x20, 0xA1, 0xC2, 
	0x00, 0x80, 0x00, 0x02, 0x00, 0x03, 0x0F, 0xFA, 0xC8, 0x80, 0x09, 0xC0, 0x00, 0xA0, 0x00, 0x02, 
	0x90, 0x0B, 0x89, 0x34, 0x14, 0x04, 0x0A, 0x00, 0x00, 0x01, 0xCC, 0x99, 0x11, 0x01, 0x88, 0x02, 
	0x80, 0x05, 0x0A, 0x02, 0x04, 0x10, 0x02, 0xA1, 0x60, 0x04, 0x00, 0x02, 0x40, 0x68, 0x40, 0x80, 
	0x13, 0x04, 0x0A, 0x01, 0x60, 0x00, 0x01, 0x02, 0x40, 0x28, 0x00, 0x98, 0x18, 0x3A, 0x80, 0x00, 
	0x20, 0x08, 0x00, 0x20, 0x16, 0x60, 0x00, 0x04, 0x82, 0x08, 0x00, 0x09, 0xA0, 0x40, 0x00, 0x80, 
	0x20, 0x03, 0xC3, 0xC2, 0x00, 0x40, 0x10, 0x12, 0xD0, 0x90, 0x32, 0xC0, 0x20, 0x20, 0x00, 0x01, 
	0xB3, 0x31, 0x00, 0x80, 0x80, 0x00, 0x17, 0xBC, 0xC8, 0x02, 0x28, 0x24, 0x3F, 0xD0, 0xA0, 0x10, 
	0x00, 0x08, 0x01, 0x00, 0x05, 0x0A, 0x06, 0x84, 0x10, 0x04, 0x08, 0x36, 0x2D, 0x60, 0x00, 0x40, 
	0x00, 0xC2, 0x79, 0xE8, 0x04, 0x04, 0x40, 0x06, 0x00, 0x0D, 0x33, 0x00, 0x10, 0x00, 0x00, 0x0F, 
	0x37, 0x94, 0x00, 0x44, 0x00, 0x00, 0x61, 0xA5, 0x04, 0x00, 0x00, 0x00, 0x10, 0x00, 0x00, 0x03, 
	0xA8, 0x00, 0x00, 0xC0, 0x00, 0x00, 0x05, 0xF9, 0x00, 0x03, 0x80, 0x00, 0x18, 0xF0, 0x00, 0x40, 
	0x02, 0xC2, 0x82, 0x00, 0x40, 0x0B, 0x10, 0x00, 0x00, 0x9F, 0x16, 0x00, 0x0C, 0x00, 0x02, 0x28, 
	0x00, 0x00, 0x00, 0x00, 0x00, 0x03, 0x00, 0x05, 0x1A, 0xB6, 0xC0, 0x40, 0x04, 0x00, 0x00, 0x02, 
	0x0E, 0x60, 0x00, 0x30, 0x00, 0x11, 0xC8, 0x00, 0x04, 0x00, 0x20, 0x20, 0xC0, 0x00, 0x40, 0x12, 
	0x81, 0x00, 0x01, 0xEC, 0x60, 0x00, 0xC0, 0x01, 0xE6, 0xC1, 0xC1, 0x04, 0x00, 0x00, 0x00, 0x00, 
	0x00, 0x00, 0x03, 0x3A, 0x64, 0x00, 0x0A, 0x00, 0x06, 0x01, 0xA3, 0x30, 0x00, 0x80, 0x00, 0x10, 
	0x30, 0x00, 0x00, 0x00, 0x27, 0x9F, 0x0A, 0xA0, 0x00, 0x20, 0x10, 0x00, 0x90, 0x00, 0x10, 0x00, 
	0x00, 0x00, 0x28, 0x10, 0x00, 0x00, 0x00, 0x00, 0x00, 0x00, 0x05, 0x80, 0x00, 0x19, 0x80, 0x00, 
	0x4C, 0x00, 0x2C, 0x0A, 0x33, 0x00, 0x00, 0x00, 0x01, 0xC8, 0x00, 0x00, 0x01, 0x4E, 0x25, 0x58, 
	0xA5, 0x00, 0x40, 0x00, 0x00, 0x09, 0x02, 0x95, 0x40, 0x00, 0x09, 0x66, 0xC1, 0xE1, 0x04, 0x00, 
	0x10, 0x00, 0x03, 0x00, 0xF0, 0x0D, 0x68, 0x10, 0x00, 0x00, 0x08, 0x02, 0x24, 0x0A, 0x50, 0x00, 
	0x80, 0x0B, 0x00, 0x30, 0x04, 0x00, 0x00, 0x00, 0x00, 0x90, 0x00, 0x00, 0x00, 0x01, 0x80, 0x0A, 
	0xE0, 0x58, 0x00, 0x0C, 0x94, 0x00, 0x00, 0x04, 0x00, 0x02, 0x00, 0x00, 0x10, 0x01, 0x80, 0x7F, 
	0x80, 0x80, 0x00, 0x01, 0x40, 0x04, 0x00, 0x5A, 0x40, 0x40, 0x00, 0xF1, 0xC1, 0x80, 0x00, 0x00, 
	0x00, 0x00, 0x00, 0x02, 0x60, 0x00, 0x00, 0x10, 0x01, 0x82, 0x05, 0x00, 0x00, 0x03, 0x60, 0x1C, 
	0x00, 0x04, 0x00, 0x24, 0x02, 0x00, 0x00, 0x50, 0xA3, 0x00, 0x20, 0x01, 0x02, 0x00, 0x00, 0x02, 
	0x00, 0x40, 0x0C, 0x90, 0x20, 0x80, 0xF0, 0x00, 0x00, 0x00, 0x03, 0x74, 0x00, 0x80, 0x10, 0x02, 
	0x80, 0x00, 0x52, 0x5F, 0x90, 0x00, 0x08, 0x14, 0x3B, 0xC0, 0x08, 0x20, 0x00, 0x40, 0x10, 0x00, 
	0x08, 0x00, 0x00, 0x00, 0x18, 0x00, 0x40, 0x00, 0x01, 0x40, 0x00, 0x40, 0x42, 0xA1, 0x38, 0xE8, 
	0x00, 0x00, 0x00, 0x00, 0x06, 0x00, 0x00, 0x40, 0x00, 0x00, 0x78, 0x00, 0x06, 0xF5, 0x40, 0x00, 
	0x16, 0x00, 0x00, 0x00, 0x04, 0x00, 0x00, 0x01, 0x00, 0x00, 0xD9, 0x90, 0x00, 0x10, 0x03, 0x00, 
	0x00, 0x20, 0x02, 0x00, 0x40, 0x00, 0x80, 0x00, 0x00, 0xB0, 0x00, 0x00, 0x08, 0x00, 0x03, 0x0A, 
	0xF1, 0x00, 0x00, 0x00, 0x1E, 0x08, 0x28, 0x10, 0x00, 0x00, 0x00, 0x00, 0x00, 0x04, 0x01, 0x00, 
	0x00, 0x34, 0x00, 0x05, 0x19, 0x50, 0x00, 0x1A, 0x10, 0x00, 0x0E, 0x00, 0xE0, 0x00, 0x40, 0x00, 
	0x20, 0x38, 0x08, 0x00, 0x00, 0x00, 0x00, 0x29, 0xE8, 0xAF, 0x30, 0x00, 0x30, 0x79, 0xE1, 0xF2, 
	0x81, 0x80, 0x00, 0x00, 0x00, 0x0C, 0x00, 0x04, 0x00, 0x00, 0x00, 0x30, 0x20, 0x19, 0xD0, 0x6C, 
	0xCC, 0x00, 0x40, 0x08, 0x02, 0x80, 0xB0, 0x00, 0x11, 0x93, 0x80, 0x10, 0xF0, 0x00, 0xC0, 0x08, 
	0x02, 0x00, 0x00, 0x00, 0x03, 0x01, 0x00, 0x88, 0x98, 0x00, 0x10, 0x04, 0x00, 0x82, 0x00, 0x00, 
	0x00, 0x00, 0x40, 0x00, 0x05, 0x00, 0x09, 0x8F, 0x06, 0xCC, 0xC0, 0x04, 0x0D, 0x14, 0x28, 0x00, 
	0x02, 0x40, 0x50, 0x05, 0x39, 0xE0, 0x00, 0x04, 0x01, 0x40, 0x60, 0x00, 0x00, 0x00, 0x10, 0x11, 
	0x78, 0x8D, 0x82, 0x95, 0x80, 0xC0, 0x01, 0xE0, 0x01, 0xC1, 0x04, 0x00, 0x00, 0x29, 0x20, 0x00, 
	0x04, 0x00, 0x00, 0x10, 0x40, 0x80, 0x01, 0x40, 0x00, 0x8C, 0xC0, 0x00, 0x90, 0x1F, 0x00, 0x3B, 
	0x41, 0x80, 0x01, 0xC4, 0x3C, 0x00, 0x80, 0x00, 0x88, 0x0B, 0x0D, 0x08, 0x28, 0x10, 0x0A, 0x0E, 
	0x00, 0x00, 0x0F, 0x00, 0x00, 0x00, 0x00, 0x4E, 0x80, 0x00, 0x00, 0x70, 0x00, 0x18, 0x1A, 0x00, 
	0x3E, 0x00, 0x08, 0x33, 0x08, 0x08, 0x02, 0x80, 0x0D, 0x00, 0x0A, 0x20, 0x01, 0x78, 0x00, 0x00, 
	0x40, 0x49, 0x00, 0x80, 0x11, 0xE2, 0x81, 0x80, 0x20, 0x00, 0x00, 0x00, 0x00, 0x26, 0x00, 0x10, 
	0x02, 0x00, 0x00, 0x00, 0x00, 0x2C, 0x00, 0x40, 0x00, 0x00, 0x03, 0x00, 0x8C, 0xC0, 0x40, 0x91, 
	0xA9, 0x0F, 0x52, 0x80, 0x00, 0x0B, 0xC2, 0x7D, 0x80, 0x01, 0x00, 0x01, 0x03, 0x90, 0x02, 0x60, 
	0x58, 0x00, 0xA8, 0x80, 0x00, 0x0F, 0x00, 0x00, 0x00, 0x00, 0x04, 0x00, 0x10, 0x00, 0x00, 0x40, 
	0x98, 0x10, 0x00, 0x16, 0x68, 0x09, 0x33, 0x80, 0x12, 0x29, 0x00, 0x00, 0x04, 0x00, 0x0F, 0x20, 
	0x29, 0xFE, 0xC0, 0x00, 0x02, 0x80, 0xF0, 0x83, 0x06, 0x05, 0x00, 0x00, 0x00, 0x00, 0x00, 0x10, 
	0x24, 0x00, 0x27, 0x28, 0x10, 0x00, 0x08, 0x90, 0x00, 0x00, 0x00, 0x00, 0x00, 0x00, 0x00, 0x0C, 
	0xC0, 0x01, 0x01, 0x80, 0x10, 0x10, 0x00, 0x40, 0x00, 0x40, 0x02, 0x05, 0x50, 0x01, 0x00, 0x50, 
	0x00, 0x0A, 0xA0, 0x42, 0x00, 0x00, 0x02, 0x42, 0xE8, 0x42, 0x28, 0x04, 0x50, 0x01, 0x00, 0x07, 
	0x9A, 0x00, 0x00, 0x00, 0x00, 0x00, 0x1C, 0x00, 0xC8, 0x33, 0x80, 0x12, 0x80, 0x01, 0x80, 0x00, 
	0x04, 0x00, 0x20, 0x00, 0xFC, 0x55, 0x00, 0x70, 0x10, 0x00, 0x03, 0x02, 0x05, 0x00, 0x00, 0x01, 
	0xE2, 0x9E, 0x00, 0x00, 0x00, 0x00, 0x00, 0x00, 0x00, 0x00, 0x87, 0xE8, 0x00, 0x00, 0x00, 0xA0, 
	0x04, 0x00, 0x0C, 0xC0, 0x00, 0x01, 0xA0, 0x0B, 0xD0, 0x00, 0x00, 0x00, 0x40, 0x00, 0x00, 0x00, 
	0x00, 0x00, 0x01, 0x08, 0x00, 0x00, 0x00, 0x00, 0xA0, 0x04, 0x20, 0x7B, 0x2E, 0x20, 0x00, 0x00, 
	0x00, 0x00, 0x05, 0x8E, 0x3E, 0x4C, 0x00, 0x00, 0x00, 0x00, 0x29, 0x48, 0x33, 0x80, 0x00, 0x04, 
	0x01, 0xC0, 0x00, 0x00, 0x00, 0x0E, 0x00, 0x00, 0x00, 0x00, 0x00, 0x04, 0x80, 0xF0, 0x00, 0x00, 
	0x00, 0x08, 0x00, 0x40, 0x0F, 0xB5, 0xE0, 0x00, 0x3C, 0x3C, 0x00, 0x00, 0x01, 0xA9, 0xEC, 0x88, 
	0x00, 0x00, 0x04, 0x00, 0x00, 0x0C, 0xC0, 0x00, 0x00, 0x0D, 0x80, 0x18, 0x10, 0x00, 0x03, 0xC3, 
	0xD5, 0x90, 0xC2, 0x00, 0x00, 0x49, 0x00, 0x92, 0x90, 0x80, 0x00, 0x02, 0x04, 0x29, 0xC0, 0x00, 
	0x01, 0x42, 0xC0, 0x00, 0x00, 0x00, 0x0C, 0x72, 0x62, 0x00, 0x00, 0x00, 0x80, 0x01, 0xE8, 0x33, 
	0x81, 0x00, 0x00, 0x18, 0x0B, 0x00, 0x00, 0x00, 0x00, 0x03, 0xD8, 0x18, 0x00, 0x00, 0x00, 0x80, 
	0x08, 0x02, 0x05, 0x00, 0x00, 0x01, 0x67, 0x06, 0x05, 0xA0, 0x00, 0x03, 0x02, 0x01, 0x08, 0x50, 
	0x80, 0xC2, 0x80, 0x00, 0x00, 0x03, 0x40, 0x02, 0x0C, 0xC2, 0x00, 0x40, 0x09, 0x0E, 0x30, 0x00, 
	0x00, 0x01, 0xC2, 0x00, 0x0A, 0x02, 0x00, 0x02, 0x00, 0x09, 0x04, 0x28, 0x00, 0x40, 0x00, 0x86, 
	0x79, 0x5C, 0xCA, 0x20, 0x00, 0x10, 0x00, 0x08, 0x00, 0x01, 0x3B, 0xA8, 0x00, 0x00, 0x02, 0x00, 
	0x00, 0x68, 0x33, 0x80, 0x06, 0x00, 0x80, 0x10, 0x00, 0x00, 0x80, 0x26, 0x6D, 0xCC, 0xA0, 0x40, 
	0x00, 0x05, 0x00, 0x15, 0x22, 0x81, 0x00, 0x00, 0x11, 0xC3, 0xA0, 0xAC, 0x50, 0x00, 0x00, 0x38, 
	0x02, 0x00, 0x51, 0xC0, 0x81, 0x54, 0x00, 0x00, 0x00, 0x00, 0x00, 0xBC, 0xC2, 0x00, 0x00, 0x00, 
	0x00, 0x90, 0x00, 0x00, 0x02, 0x60, 0x02, 0x05, 0x50, 0x00, 0x00, 0x01, 0x00, 0x53, 0xD0, 0x80, 
	0x10, 0x01, 0x00, 0x3C, 0x3B, 0xB1, 0x00, 0x00, 0x02, 0xF0, 0x00, 0x03, 0x9D, 0x7B, 0x15, 0x40, 
	0x10, 0x00, 0x14, 0x00, 0x08, 0x33, 0x80, 0x00, 0x00, 0x00, 0x00, 0x00, 0x00, 0x00, 0x06, 0x00, 
	0xEC, 0x55, 0x20, 0x00, 0x00, 0x98, 0x00, 0x02, 0x05, 0x00, 0x00, 0x09, 0x67, 0x86, 0xCB, 0x10, 
	0x04, 0x0C, 0x00, 0x30, 0x00, 0x00, 0x0B, 0x2E, 0x64, 0x00, 0x04, 0x01, 0x42, 0xC0, 0x8C, 0xC2, 
	0x03, 0x00, 0x20, 0x80, 0xF0, 0x00, 0x40, 0x00, 0x00, 0x14, 0x00, 0x80, 0x03, 0x00, 0x07, 0x00, 
	0x00, 0x28, 0x00, 0x0C, 0x00, 0x1E, 0x79, 0xFC, 0xA5, 0x00, 0x04, 0x00, 0x01, 0x00, 0x07, 0x1E, 
	0x80, 0x59, 0x80, 0x00, 0x20, 0x00, 0x00, 0x09, 0x33, 0x80, 0x30, 0x04, 0x38, 0xE8, 0x00, 0x0C, 
	0x00, 0x00, 0x02, 0x00, 0x00, 0x00, 0x30, 0x00, 0x00, 0x07, 0x2A, 0x81, 0x80, 0x40, 0xF1, 0xE3, 
	0x9D, 0x95, 0x80, 0x00, 0x00, 0x30, 0x28, 0x00, 0xD1, 0xB5, 0xFD, 0x20, 0x00, 0x00, 0x03, 0x40, 
	0x02, 0x0C, 0xC0, 0x02, 0x00, 0x07, 0x00, 0xF3, 0x04, 0x80, 0x01, 0x43, 0xAC, 0xE4, 0x20, 0x82, 
	0x03, 0x00, 0x00, 0x52, 0x90, 0x80, 0x0A, 0x01, 0x2C, 0x69, 0x5C, 0xA0, 0x00, 0x40, 0x00, 0x00, 
	0x80, 0x08, 0x0A, 0xB6, 0x40, 0x00, 0x00, 0x00, 0x94, 0x29, 0xDA, 0x33, 0x80, 0x2A, 0xC0, 0xF0, 
	0x05, 0x04, 0x0A, 0x00, 0x00, 0x04, 0x00, 0x81, 0x40, 0x28, 0x00, 0x01, 0xE8, 0x02, 0x05, 0x80, 
	0x20, 0x02, 0x02, 0x1F, 0xDB, 0x84, 0x00, 0x00, 0x02, 0x00, 0x00, 0x70, 0xB1, 0x39, 0x09, 0x00, 
	0x00, 0x00, 0x00, 0x00, 0x00, 0x00, 0x20, 0x00, 0x00, 0x0F, 0x32, 0x40, 0x00, 0x00, 0x04, 0x00, 
	0x0A, 0x02, 0x00, 0x00, 0x00, 0x10, 0x02, 0xA0, 0x40, 0x20, 0x00, 0x3E, 0x3A, 0x60, 0xA0, 0x00, 
	0x00, 0x00, 0x00, 0x00, 0x18, 0x0A, 0x00, 0x60, 0x50, 0x10, 0x0E, 0x00, 0x00, 0x60, 0x00, 0x80, 
	0x00, 0x40, 0x70, 0x98, 0x00, 0x00, 0x0E, 0x00, 0x39, 0xEE, 0xA0, 0x40, 0x00, 0x00, 0x01, 0xE5, 
	0x06, 0x05, 0x00, 0x00, 0x03, 0x62, 0x84, 0xCF, 0x50, 0x80, 0x00, 0x00, 0x10, 0x02, 0x50, 0x09, 
	0xE0, 0xB9, 0x00, 0xC0, 0x00, 0x20, 0x00, 0x00, 0x40, 0x0B, 0x00, 0x00, 0x80, 0xB0, 0x00, 0x40, 
	0x80, 0x02, 0x04, 0x05, 0x00, 0x11, 0x00, 0x00, 0x00, 0x03, 0xA0, 0x48, 0x0C, 0x00, 0x02, 0x03, 
	0x40, 0x50, 0x00, 0x40, 0x00, 0x03, 0x00, 0x51, 0x80, 0x56, 0x42, 0x90, 0x0C, 0x00, 0x0E, 0x00, 
	0x60, 0x00, 0x51, 0x10, 0x00, 0x38, 0x08, 0x00, 0x0C, 0x00, 0x00, 0x04, 0x1A, 0xA0, 0x40, 0x10, 
	0x00, 0x70, 0x03, 0x02, 0x05, 0x00, 0x40, 0x00, 0x40, 0x21, 0xEA, 0x04, 0x00, 0x00, 0x00, 0x00, 
	0x00, 0x10, 0x00, 0x40, 0x00, 0x00, 0x00, 0x04, 0x04, 0x01, 0x00, 0x00, 0x00, 0x00, 0x00, 0x00, 
	0x70, 0x00, 0x00, 0x00, 0x00, 0x3C, 0xA4, 0x20, 0x00, 0x00, 0x07, 0x0E, 0x70, 0x29, 0x4E, 0x00, 
	0x00, 0x80, 0x01, 0xE0, 0x00, 0x00, 0x00, 0x00, 0x00, 0x00, 0x00, 0x1A, 0x02, 0x84, 0x00, 0x00, 
	0x01, 0x40, 0x28, 0x08, 0x10, 0x60, 0x00, 0x00, 0x38, 0x08, 0x00, 0x00, 0x00, 0x06, 0x60, 0x01, 
	0x81, 0x40, 0x00, 0x00, 0x80, 0x18, 0x01, 0x68, 0x04, 0x0A, 0x04, 0x00, 0x24, 0x0A, 0x54, 0x00, 
	0x00, 0x00, 0x00, 0x00, 0x90, 0xC3, 0x81, 0x40, 0x00, 0x00, 0x00, 0x00, 0x00, 0xC3, 0xC0, 0x0C, 
	0x00, 0x00, 0x18, 0x58, 0x10, 0x00, 0x08, 0x40, 0x00, 0x0A, 0x00, 0x00, 0x00, 0x00, 0x00, 0xF4, 
	0x02, 0x8A, 0x10, 0x02, 0x04, 0x00, 0x00, 0xA0, 0x08, 0x00, 0x00, 0x00, 0x00, 0x05, 0x01, 0x3B, 
	0x29, 0x40, 0x00, 0x00, 0x06, 0x00, 0x01, 0x3C, 0x41, 0x00, 0x01, 0x00, 0xE3, 0x80, 0x00, 0x00, 
	0x20, 0x69, 0xDA, 0xA0, 0x60, 0x02, 0xB0, 0x00, 0x00, 0x30, 0x14, 0x80, 0x00, 0x02, 0x06, 0x05, 
	0xEA, 0x06, 0x00, 0x00, 0x2A, 0x02, 0x08, 0xD8, 0x07, 0x65, 0x20, 0x00, 0x00, 0x14, 0x00, 0x00, 
	0x96, 0x60, 0x00, 0x01, 0x0F, 0x09, 0xD0, 0x00, 0x00, 0x00, 0x02, 0x00, 0xA3, 0xC0, 0x00, 0x11, 
	0x0D, 0x0A, 0x02, 0xE0, 0x48, 0x00, 0xC8, 0x00, 0x01, 0xE0, 0x00, 0x20, 0x00, 0x00, 0x40, 0x00, 
	0x0D, 0x88, 0xDB, 0x00, 0x00, 0x00, 0x00, 0x80, 0x00, 0x41, 0x66, 0x00, 0x00, 0x10, 0x80, 0x18, 
	0x00, 0x00, 0x00, 0x14, 0x00, 0x01, 0x3C, 0x00, 0x02, 0x00, 0x00, 0x07, 0x02, 0x05, 0x00, 0x00, 
	0x00, 0x00, 0x34, 0x0A, 0x54, 0x00, 0x00, 0x00, 0x00, 0x00, 0xD8, 0xB7, 0x32, 0x64, 0x00, 0x00, 
	0x08, 0x62, 0xD7, 0x88, 0x40, 0x00, 0x02, 0x80, 0x8E, 0x90, 0x00, 0x00, 0x94, 0x20, 0x2C, 0x05, 
	0x02, 0x00, 0x00, 0x00, 0x00, 0xD3, 0x90, 0x80, 0x00, 0x20, 0x02, 0x28, 0x00, 0xA0, 0x00, 0x00, 
	0x20, 0x20, 0x00, 0x05, 0x00, 0x80, 0x59, 0x80, 0x00, 0x01, 0x34, 0x03, 0x4F, 0x00, 0x00, 0x00, 
	0x00, 0x78, 0xE8, 0x00, 0x00, 0x00, 0x1E, 0x02, 0x1A, 0xA0, 0x40, 0x01, 0x00, 0x58, 0x00, 0x02, 
	0x05, 0x80, 0x04, 0x01, 0xC0, 0x0F, 0xEA, 0x04, 0x00, 0x10, 0x00, 0x00, 0x00, 0x11, 0xA0, 0x00, 
	0x00, 0x00, 0x40, 0x04, 0x04, 0x00, 0x00, 0x00, 0x03, 0x00, 0x03, 0x00, 0x10, 0x00, 0x40, 0x00, 
	0x00, 0x01, 0xAC, 0x00, 0x09, 0x00, 0x01, 0x08, 0x50, 0x14, 0x08, 0x0C, 0x01, 0x64, 0x28, 0x1E, 
	0xC0, 0x00, 0x02, 0x00, 0x00, 0x08, 0x08, 0x1C, 0x00, 0x00, 0x00, 0x04, 0x00, 0x00, 0x38, 0x00, 
	0x00, 0x00, 0x12, 0x88, 0x81, 0xE8, 0x00, 0x0C, 0x00, 0x00, 0x00, 0x1F, 0xC0, 0x40, 0x10, 0x00, 
	0x99, 0x90, 0x3A, 0x81, 0x00, 0x40, 0xC2, 0x02, 0x01, 0x9C, 0x04, 0x10, 0x00, 0x00, 0x20, 0x00, 
	0xB8, 0xA1, 0x6C, 0xF0, 0x06, 0x80, 0x03, 0x43, 0x74, 0x0A, 0xA1, 0x00, 0x90, 0x0F, 0x10, 0xDA, 
	0x40, 0x80, 0xA0, 0x00, 0x0C, 0x00, 0x00, 0x82, 0x08, 0x05, 0x00, 0x53, 0x90, 0x80, 0x08, 0x00, 
	0x00, 0x40, 0x0D, 0xC0, 0x00, 0x00, 0x00, 0x02, 0x80, 0x09, 0x80, 0x5B, 0xC7, 0x10, 0x0A, 0x00, 
	0x1E, 0x06, 0x1A, 0x55, 0x00, 0x28, 0x80, 0x00, 0xEB, 0x02, 0x0A, 0x00, 0x00, 0x01, 0x60, 0xA5, 
	0x40, 0x29, 0x00, 0x80, 0x00, 0x02, 0x05, 0x20, 0xA0, 0x00, 0x06, 0x01, 0xFC, 0x04, 0x04, 0x00, 
	0x00, 0x00, 0x00, 0x09, 0x81, 0x03, 0x33, 0x01, 0x00, 0x00, 0x02, 0x02, 0x00, 0x41, 0x08, 0x10, 
	0x2F, 0x00, 0x72, 0x00, 0x00, 0x08, 0x00, 0x00, 0x00, 0x00, 0x00, 0x00, 0x50, 0x0E, 0x50, 0x00, 
	0x00, 0x00, 0x00, 0x14, 0x00, 0x0E, 0xC0, 0x00, 0x80, 0x00, 0x00, 0x40, 0x15, 0x0E, 0xD3, 0x8C, 
	0xD2, 0x10, 0x80, 0x06, 0x69, 0x60, 0x00, 0x70, 0xC0, 0x84, 0x80, 0xE0, 0x00, 0x00, 0x40, 0x14, 
	0x00, 0x00, 0x00, 0x00, 0x00, 0x02, 0x00, 0x1F, 0x02, 0x95, 0x20, 0x00, 0x00, 0x06, 0x00, 0xBC, 
	0x04, 0x00, 0x00, 0x00, 0x11, 0x02, 0x01, 0x01, 0x00, 0x00, 0x00, 0x00, 0x00, 0x00, 0x00, 0x00, 
	0x00, 0x00, 0x00, 0x00, 0x00, 0x00, 0x00, 0x00, 0x00, 0x00, 0x00, 0x00, 0x20, 0x00, 0x00, 0x00, 
	0x00, 0x00, 0x00, 0x00, 0x00, 0x00, 0x00, 0x00, 0x00, 0x00, 0x00, 0x00, 0x00, 0x00, 0x00, 0x00, 
	0x00, 0x00, 0x00, 0x00, 0x00, 0x00, 0x00, 0x00, 0x00, 0x00, 0x00, 0x00, 0x00, 0x00, 0x00, 0x00, 
	0x00, 0x00, 0x00, 0x00, 0x00, 0x00, 0x00, 0x00, 0x00, 0x00, 0x00, 0x00, 0x00, 0x00, 0x00, 0x00, 
	0x00, 0x00, 0x00, 0x00, 0x00, 0x00, 0x00, 0x00, 0x00, 0x00, 0x00, 0x00, 0x00, 0x00, 0x00, 0x00, 
	0x00, 0x00, 0x00, 0x20, 0x00, 0x00, 0x00, 0x00, 0x00, 0x00, 0x80, 0x00, 0x00, 0x0D, 0x00, 0x20, 
	0x00, 0x00, 0x00, 0x00, 0x00, 0x00, 0x80, 0x00, 0x00, 0x00, 0x00, 0x00, 0x00, 0x00, 0x00, 0x00, 
	0x00, 0x00, 0x00, 0x00, 0x00, 0x00, 0x00, 0x00, 0x00, 0x00, 0x00, 0x00, 0x00, 0x00, 0x00, 0x00, 
	0x00, 0x00, 0x00, 0x00, 0x00, 0x00, 0x00, 0x10, 0x00, 0x00, 0x00, 0x00, 0x00, 0x00, 0x00, 0x00, 
	0x00, 0x00, 0x00, 0x00, 0x00, 0x00, 0x00, 0x00, 0x00, 0x00, 0x00, 0x38, 0x00, 0x00, 0x00, 0x00, 
	0x00, 0x00, 0x00, 0x00, 0x00, 0x00, 0x00, 0x00, 0x00, 0x00, 0x00, 0x78, 0x00, 0x00, 0x2D, 0x00, 
	0x01, 0x00, 0x10, 0x00, 0x00, 0x80, 0x00, 0x04, 0x00, 0x00, 0x00, 0x00, 0x00, 0x00, 0x00, 0x00, 
	0x00, 0x00, 0x08, 0x00, 0x00, 0x00, 0x00, 0x00, 0x00, 0x00, 0x00, 0x00, 0x00, 0x00, 0x00, 0x00, 
	0x00, 0x00, 0x00, 0x00, 0x06, 0x80, 0x00, 0x03, 0xA0, 0x00, 0xC0, 0x00, 0x00, 0x00, 0x0C, 0x00, 
	0x03, 0x40, 0x00, 0x00, 0x00, 0x00, 0x00, 0x00, 0x00, 0x00, 0x00, 0x00, 0x40, 0x00, 0x00, 0x00, 
	0x00, 0x00, 0x00, 0x00, 0x00, 0x00, 0x06, 0x00, 0x00, 0x00, 0x00, 0x00, 0x00, 0x20, 0x00, 0x00, 
	0x00, 0x00, 0x00, 0x00, 0x00, 0x00, 0x00, 0x00, 0x00, 0x00, 0x40, 0x00, 0x00, 0x00, 0x00, 0x00, 
	0x00, 0x00, 0x00, 0x00, 0x00, 0x00, 0x00, 0x00, 0x00, 0x00, 0x00, 0x00, 0x00, 0x00, 0x00, 0x00, 
	0x00, 0x00, 0x01, 0x00, 0x00, 0x00, 0x00, 0x00, 0x00, 0x04, 0x00, 0x00, 0x00, 0x00, 0x00, 0x00, 
	0x00, 0x00, 0x00, 0x07, 0x00, 0x00, 0x00, 0x00, 0x00, 0x00, 0x00, 0x00, 0x00, 0x00, 0x00, 0x00, 
	0x00, 0x00, 0x00, 0x00, 0x00, 0x00, 0x00, 0x00, 0x00, 0x04, 0x00, 0x00, 0x00, 0x00, 0x00, 0x00, 
	0x10, 0x00, 0x00, 0x00, 0x00, 0x04, 0x00, 0x00, 0x00, 0x00, 0x00, 0x00, 0x30, 0x38, 0x00, 0x00, 
	0x00, 0x00, 0x00, 0xC0, 0x00, 0x00, 0x00, 0x00, 0x00, 0x03, 0x00, 0x00, 0x00, 0x00, 0x00, 0x00, 
	0x00, 0x00, 0x00, 0x00, 0x00, 0x00, 0x00, 0x00, 0x00, 0x00, 0x00, 0x00, 0x00, 0x00, 0x00, 0x00, 
	0x00, 0x00, 0x00, 0x00, 0x00, 0x00, 0x00, 0x00, 0x00, 0x00, 0x00, 0x00, 0x00, 0x00, 0x00, 0x00, 
	0x00, 0x00, 0x00, 0x00, 0x00, 0x00, 0x00, 0x00, 0x00, 0x00, 0x00, 0x00, 0x00, 0x00, 0x00, 0x00, 
	0x00, 0x00, 0x3C, 0x00, 0x00, 0x00, 0x00, 0x00, 0x00, 0x0F, 0x00, 0x00, 0x00, 0x00, 0x2C, 0x00, 
	0x00, 0x00, 0x00, 0x00, 0x00, 0x00, 0x00, 0x00, 0x00, 0x00, 0x00, 0x02, 0x80, 0x04, 0x00, 0x00, 
	0x00, 0x00, 0x00, 0x00, 0x00, 0x00, 0x00, 0x00, 0x00, 0x00, 0x00, 0x01, 0x80, 0x00, 0x00, 0x08, 
	0x00, 0x00, 0x00, 0x00, 0x00, 0x00, 0x00, 0x01, 0x40, 0x00, 0x00, 0x08, 0x00, 0x00, 0x00, 0x00, 
	0x00, 0x00, 0x00, 0x00, 0x00, 0x34, 0x00, 0x28, 0x00, 0x80, 0x00, 0x00, 0x00, 0x00, 0x00, 0x00, 
	0x00, 0x00, 0x00, 0x00, 0x00, 0x00, 0x00, 0x00, 0x00, 0x00, 0x00, 0x00, 0x00, 0x00, 0x00, 0x00, 
	0x00, 0x00, 0x00, 0x00, 0x00, 0x00, 0x00, 0x00, 0x00, 0x00, 0x00, 0x00, 0x00, 0x00, 0x00, 0x00, 
	0x00, 0x40, 0x00, 0x00, 0x00, 0x00, 0x00, 0x00, 0x00, 0x28, 0x00, 0x02, 0x00, 0x00, 0x00, 0x00, 
	0x00, 0x00, 0x08, 0x00, 0x00, 0x00, 0x00, 0x02, 0x00, 0x00, 0x00, 0x01, 0x00, 0x00, 0x08, 0x00, 
	0x00, 0x00, 0x00, 0x00, 0x00, 0x20, 0x00, 0x00, 0x00, 0x02, 0x3C, 0x00, 0x80, 0x00, 0x00, 0x00, 
	0x00, 0x00, 0x08, 0x00, 0x00, 0x00, 0x00, 0x00, 0x00, 0x20, 0x00, 0x00, 0x00, 0x00, 0x08, 0x00, 
	0x00, 0x00, 0x00, 0x00, 0x00, 0x20, 0x00, 0x00, 0x00, 0x00, 0x00, 0x00, 0x40, 0x00, 0x00, 0x00, 
	0x00, 0x00, 0x00, 0x00, 0x00, 0x00, 0x00, 0x00, 0x00, 0x00, 0x00, 0x00, 0x20, 0x00, 0x00, 0x00, 
	0x00, 0x00, 0x00, 0x00, 0x00, 0x04, 0x00, 0x00, 0x00, 0x00, 0x00, 0x00, 0x00, 0x00, 0x00, 0x00, 
	0x00, 0x04, 0x00, 0x00, 0x00, 0x00, 0x00, 0x00, 0x00, 0x00, 0x00, 0x00, 0x00, 0x00, 0x00, 0x40, 
	0x02, 0x00, 0x00, 0x00, 0x00, 0x00, 0x00, 0x00, 0x00, 0x00, 0x00, 0x00, 0x07, 0x00, 0x00, 0x00, 
	0x00, 0x00, 0x00, 0x20, 0x00, 0x01, 0x80, 0x00, 0x00, 0x00, 0x18, 0x00, 0x01, 0x00, 0x03, 0x9E, 
	0x78, 0x00, 0x00, 0x00, 0x00, 0x0F, 0x70, 0x01, 0x80, 0x00, 0x00, 0x00, 0x00, 0x00, 0x00, 0x00, 
	0x00, 0x00, 0x00, 0x00, 0x00, 0x00, 0x08, 0x00, 0x00, 0x00, 0x52, 0xDC, 0x21, 0x00, 0x00, 0x00, 
	0x40, 0x0F, 0x90, 0x00, 0x00, 0x04, 0x00, 0x00, 0x40, 0x00, 0x00, 0x00, 0xC0, 0x3F, 0xC0, 0xF0, 
	0x00, 0x00, 0x00, 0x00, 0x00, 0x00, 0x00, 0x00, 0x00, 0x00, 0x10, 0x00, 0x00, 0x10, 0x20, 0x00, 
	0x01, 0x00, 0x14, 0x00, 0x6C, 0x00, 0x48, 0x45, 0x41, 0x82, 0x06, 0x00, 0x00, 0x80, 0x14, 0x01, 
	0x00, 0x00, 0x00, 0x00, 0x00, 0x00, 0x00, 0x27, 0x7E, 0x78, 0x10, 0x01, 0x40, 0x00, 0x00, 0x00, 
	0x00, 0x00, 0x00, 0x00, 0xC0, 0x00, 0x00, 0x03, 0xC0, 0x00, 0xD0, 0x40, 0x42, 0xD6, 0xC0, 0x39, 
	0x30, 0x1A, 0x10, 0x00, 0x20, 0x70, 0x05, 0xC0, 0x40, 0x00, 0x03, 0x00, 0x00, 0x03, 0x00, 0x00, 
	0x02, 0x7F, 0x0D, 0x8C, 0x00, 0x10, 0x00, 0x00, 0x00, 0x00, 0x83, 0x80, 0x00, 0x00, 0x00, 0x81, 
	0x20, 0x60, 0xA8, 0x00, 0x00, 0x0C, 0x00, 0x07, 0x66, 0x80, 0x03, 0xC2, 0xBC, 0x1C, 0x0D, 0x80, 
	0x00, 0x08, 0x01, 0xCC, 0x13, 0x00, 0x00, 0x02, 0x00, 0x08, 0x00, 0x00, 0xD0, 0x00, 0x00, 0x00, 
	0x00, 0x00, 0x00, 0x00, 0x08, 0x00, 0x00, 0x00, 0x02, 0x62, 0x04, 0xD0, 0x70, 0x08, 0x10, 0xC0, 
	0x03, 0xD4, 0x00, 0x00, 0x3C, 0x13, 0xC0, 0x20, 0x50, 0x00, 0x00, 0x88, 0x03, 0x30, 0x40, 0x00, 
	0x00, 0x10, 0x00, 0x84, 0x00, 0xB1, 0x80, 0x18, 0x00, 0x00, 0x02, 0x00, 0x00, 0x00, 0x00, 0x00, 
	0x00, 0x00, 0x00, 0x80, 0x01, 0x80, 0x00, 0x01, 0x00, 0x00, 0x07, 0xE6, 0xE0, 0x10, 0xC2, 0x90, 
	0x00, 0x08, 0x1A, 0x40, 0x20, 0x05, 0xCC, 0x17, 0x00, 0x01, 0x60, 0x00, 0x03, 0x30, 0xE0, 0x10, 
	0x0A, 0x08, 0x00, 0x00, 0x00, 0x00, 0x00, 0x00, 0x00, 0x00, 0x00, 0x00, 0x00, 0x80, 0x00, 0xF0, 
	0x03, 0x00, 0x00, 0x02, 0x96, 0x28, 0x02, 0x08, 0x00, 0x03, 0x40, 0x50, 0x0A, 0x02, 0x00, 0x03, 
	0x30, 0x40, 0x00, 0x09, 0x50, 0x01, 0x33, 0x2C, 0x00, 0x00, 0x40, 0x40, 0x00, 0x00, 0x00, 0x00, 
	0x00, 0x00, 0x00, 0x00, 0x00, 0x00, 0x00, 0x00, 0x00, 0x20, 0x00, 0x00, 0x00, 0x04, 0xE0, 0x00, 
	0x00, 0x03, 0x80, 0x00, 0x10, 0x00, 0x00, 0x00, 0x01, 0xCC, 0x12, 0x16, 0x6A, 0x00, 0x00, 0x08, 
	0x21, 0x40, 0xD8, 0x00, 0x00, 0x00, 0x00, 0x20, 0x00, 0x00, 0x00, 0x00, 0x00, 0x00, 0x00, 0x00, 
	0x00, 0x00, 0x00, 0x00, 0x10, 0x00, 0x02, 0x80, 0x00, 0x00, 0x08, 0x00, 0x40, 0x0A, 0x00, 0x00, 
	0x00, 0x00, 0x43, 0x30, 0x40, 0x00, 0x04, 0x00, 0x00, 0x80, 0x02, 0x0B, 0x08, 0x00, 0x00, 0x00, 
	0x00, 0x00, 0x00, 0x00, 0x00, 0xC0, 0x08, 0x00, 0x20, 0x10, 0xA0, 0x10, 0x1F, 0x40, 0x00, 0x80, 
	0x24, 0x00, 0x00, 0x00, 0x00, 0x90, 0x20, 0x00, 0x00, 0xA0, 0x00, 0x01, 0xCC, 0x90, 0x20, 0x01, 
	0x00, 0x00, 0x01, 0x9A, 0x18, 0x10, 0xF1, 0x80, 0x00, 0x00, 0x00, 0x00, 0x00, 0x00, 0x00, 0x00, 
	0x00, 0x00, 0x02, 0x05, 0xCB, 0x01, 0x92, 0x00, 0x00, 0x07, 0xC0, 0x00, 0x00, 0x0C, 0x20, 0x03, 
	0x40, 0x00, 0x04, 0x00, 0x00, 0x03, 0x37, 0x01, 0x40, 0x08, 0x00, 0x80, 0x19, 0x8D, 0x09, 0x1A, 
	0x20, 0x00, 0x00, 0x00, 0x00, 0x00, 0x00, 0x00, 0x00, 0x00, 0x00, 0x24, 0x82, 0x04, 0x03, 0x80, 
	0x08, 0x00, 0x00, 0x00, 0x40, 0x00, 0x00, 0x01, 0x80, 0x00, 0x0D, 0x00, 0x10, 0x40, 0x81, 0xCC, 
	0x90, 0x20, 0x00, 0x00, 0x08, 0x02, 0x58, 0x40, 0x10, 0x01, 0x40, 0x00, 0x00, 0x00, 0x00, 0x00, 
	0x00, 0x00, 0x00, 0x00, 0x04, 0x30, 0x00, 0x20, 0x08, 0x00, 0x00, 0x00, 0x02, 0x00, 0x00, 0x00, 
	0x08, 0x00, 0x40, 0x0B, 0x18, 0x00, 0xC0, 0x00, 0x03, 0x37, 0x01, 0x40, 0x00, 0x00, 0x00, 0x1A, 
	0x6E, 0xF0, 0x0A, 0x00, 0x00, 0x00, 0x00, 0x00, 0x00, 0x00, 0x00, 0x00, 0x00, 0x00, 0x84, 0x80, 
	0x00, 0x18, 0x1C, 0x01, 0x0C, 0x00, 0x03, 0x60, 0x07, 0x52, 0x00, 0x90, 0x20, 0x00, 0x0E, 0x00, 
	0x0C, 0x81, 0xCC, 0x10, 0x00, 0x6E, 0x85, 0x08, 0x03, 0xFA, 0xFF, 0xD9, 0xC0, 0x00, 0x80, 0x00, 
	0x00, 0x00, 0x00, 0x00, 0x00, 0x00, 0x00, 0x06, 0x30, 0x40, 0x0C, 0x91, 0x80, 0x00, 0xC0, 0x03, 
	0x54, 0x00, 0x06, 0x24, 0x00, 0x03, 0xC0, 0xF1, 0x01, 0xC0, 0xC0, 0x43, 0x31, 0x00, 0x02, 0x90, 
	0x00, 0x00, 0x2B, 0xAE, 0x95, 0x10, 0x00, 0x08, 0x00, 0x00, 0x00, 0x24, 0x00, 0x00, 0x00, 0x00, 
	0x00, 0x80, 0x90, 0x20, 0x07, 0x80, 0x00, 0x04, 0x08, 0x02, 0x07, 0x80, 0x80, 0x00, 0x40, 0x00, 
	0x8D, 0x0B, 0x00, 0x02, 0x05, 0xCC, 0x90, 0x00, 0x00, 0x80, 0x00, 0x01, 0x20, 0x40, 0x98, 0x00, 
	0x00, 0x40, 0x00, 0x00, 0x10, 0x00, 0x30, 0x00, 0x00, 0x00, 0x00, 0x08, 0x01, 0xC0, 0x00, 0x00, 
	0xC0, 0x00, 0xB3, 0xDC, 0x00, 0x70, 0x01, 0x00, 0x00, 0x00, 0xF0, 0xF0, 0x00, 0x02, 0x03, 0x33, 
	0x00, 0x00, 0x00, 0x40, 0x00, 0x21, 0x26, 0xB9, 0x80, 0x00, 0x00, 0x00, 0x00, 0x00, 0x00, 0x00, 
	0x00, 0x00, 0x00, 0x05, 0x00, 0x80, 0x00, 0xA0, 0x00, 0x40, 0x14, 0x08, 0x7B, 0xE7, 0x80, 0x84, 
	0x00, 0x73, 0x14, 0x00, 0x00, 0x04, 0x03, 0x00, 0xCC, 0x10, 0x60, 0x3E, 0x00, 0x50, 0x1B, 0xE8, 
	0xE0, 0xF1, 0x80, 0x09, 0x00, 0x00, 0x00, 0x00, 0x00, 0x00, 0x00, 0x01, 0x00, 0x52, 0x08, 0x80, 
	0x00, 0x00, 0x0A, 0x01, 0x00, 0x92, 0x3E, 0x40, 0x50, 0x50, 0x00, 0xCE, 0x40, 0x50, 0x00, 0x00, 
	0x00, 0xC3, 0x30, 0x2D, 0xC2, 0x10, 0x24, 0x00, 0xBD, 0x42, 0xF9, 0x90, 0x21, 0x14, 0x00, 0x00, 
	0x00, 0x20, 0x00, 0x30, 0x00, 0x00, 0x00, 0x80, 0x80, 0x00, 0x80, 0x1A, 0x10, 0x0C, 0x00, 0x05, 
	0xC7, 0x90, 0x02, 0x00, 0x73, 0x24, 0x00, 0x0A, 0x08, 0x01, 0x02, 0xF0, 0xBF, 0x94, 0x38, 0x20, 
	0x00, 0x0B, 0x9C, 0x01, 0x71, 0xE0, 0x00, 0x00, 0x00, 0x00, 0x08, 0x20, 0x00, 0x00, 0x00, 0x00, 
	0x00, 0x08, 0x80, 0x10, 0x00, 0x00, 0x00, 0x80, 0x02, 0x40, 0x42, 0x00, 0x30, 0x00, 0xCE, 0x40, 
	0x00, 0x00, 0x00, 0x20, 0x2F, 0x1D, 0x29, 0x40, 0x00, 0x00, 0x00, 0xB6, 0xEC, 0xCD, 0x80, 0x00, 
	0x00, 0x00, 0x02, 0x00, 0x24, 0x00, 0x00, 0x00, 0x08, 0x00, 0x00, 0x80, 0x00, 0x00, 0x00, 0x00, 
	0x80, 0x00, 0x04, 0x03, 0x80, 0x00, 0x00, 0x73, 0x04, 0x80, 0x0A, 0x0C, 0x00, 0x00, 0xAA, 0x30, 
	0x0E, 0x28, 0x00, 0x00, 0x0A, 0x81, 0xE0, 0x10, 0x00, 0x10, 0x00, 0x00, 0x00, 0x80, 0x00, 0xB0, 
	0x00, 0x02, 0x50, 0x00, 0x28, 0x40, 0x0D, 0x00, 0xF0, 0x14, 0x00, 0x02, 0x00, 0x40, 0x00, 0x00, 
	0x20, 0xCC, 0x10, 0x00, 0xA0, 0x00, 0x00, 0x05, 0x50, 0xAD, 0xC2, 0x80, 0x00, 0x00, 0x94, 0x02, 
	0xE0, 0x80, 0x00, 0x00, 0x00, 0x00, 0x08, 0x20, 0x00, 0x04, 0x66, 0x40, 0x00, 0x20, 0x80, 0x01, 
	0xC3, 0x80, 0x01, 0x00, 0x00, 0x02, 0x00, 0x10, 0x00, 0x01, 0x73, 0x05, 0xA0, 0x00, 0x40, 0x00, 
	0x02, 0x5A, 0x06, 0x20, 0x00, 0x04, 0x00, 0x0B, 0x3D, 0xE0, 0x00, 0x01, 0x00, 0x00, 0x00, 0x20, 
	0x00, 0x10, 0x03, 0x82, 0x78, 0x00, 0x00, 0x08, 0x80, 0x00, 0x78, 0x80, 0x08, 0x00, 0x02, 0x5C, 
	0x26, 0xF0, 0x00, 0x00, 0xCC, 0x00, 0x00, 0x00, 0x00, 0x00, 0x25, 0xA0, 0x02, 0xC3, 0x83, 0x00, 
	0x04, 0xB3, 0xFC, 0x05, 0x0B, 0x00, 0x80, 0x00, 0x00, 0x00, 0x00, 0x00, 0x00, 0x00, 0x14, 0x00, 
	0x00, 0x82, 0x0E, 0x00, 0x0B, 0x40, 0x00, 0x80, 0x30, 0x00, 0x00, 0x00, 0x20, 0x73, 0x05, 0xA0, 
	0x00, 0x00, 0x80, 0x02, 0x08, 0x18, 0x00, 0x70, 0x00, 0x00, 0x1A, 0xBC, 0xC0, 0x00, 0x00, 0x14, 
	0x00, 0x00, 0x00, 0x00, 0x00, 0x00, 0x00, 0x00, 0x80, 0x02, 0x08, 0x00, 0x20, 0x71, 0xC0, 0x00, 
	0x00, 0x03, 0x9C, 0x00, 0x00, 0x00, 0x00, 0xCC, 0x00, 0x00, 0x00, 0x10, 0x00, 0xA0, 0x00, 0x00, 
	0x06, 0x00, 0x00, 0x00, 0x97, 0xC0, 0xB5, 0x0A, 0x20, 0x80, 0x00, 0x00, 0x00, 0x00, 0x00, 0x01, 
	0x47, 0x80, 0x40, 0x00, 0x80, 0x01, 0xE0, 0x00, 0x00, 0x00, 0x00, 0x00, 0xE0, 0x44, 0x00, 0x00, 
	0x73, 0x04, 0x00, 0x00, 0xA8, 0x00, 0x00, 0xAA, 0x58, 0x40, 0x00, 0x20, 0x00, 0x01, 0x9A, 0x18, 
	0x50, 0x10, 0x00, 0x00, 0x00, 0x00, 0x00, 0x00, 0x00, 0x02, 0x40, 0x02, 0x00, 0x28, 0x80, 0x10, 
	0x00, 0x08, 0x00, 0x00, 0x03, 0x40, 0x38, 0x01, 0x02, 0x10, 0xCC, 0x40, 0x00, 0x09, 0x80, 0x00, 
	0x45, 0x50, 0x28, 0x00, 0x00, 0x00, 0x00, 0x19, 0xA4, 0x07, 0x0C, 0x10, 0x00, 0x00, 0x00, 0x00, 
	0x20, 0x00, 0x38, 0x02, 0x80, 0x40, 0x00, 0x90, 0x20, 0x08, 0x1C, 0x00, 0x8C, 0x00, 0x04, 0x07, 
	0x18, 0x22, 0x01, 0x73, 0x05, 0xE1, 0x00, 0x4C, 0x00, 0x00, 0x05, 0x56, 0x00, 0x70, 0x05, 0x30, 
	0x09, 0xFA, 0x1A, 0x50, 0xF0, 0x00, 0xC0, 0x00, 0x00, 0x10, 0x20, 0x04, 0x00, 0x40, 0x00, 0x04, 
	0x08, 0x01, 0x40, 0xB0, 0x00, 0x00, 0x80, 0x03, 0x80, 0x23, 0x85, 0x30, 0x00, 0xCC, 0x10, 0x00, 
	0x02, 0x00, 0x00, 0x0A, 0x00, 0xEC, 0x03, 0xC0, 0x23, 0x02, 0x9F, 0xA5, 0x00, 0x0D, 0x00, 0x0C, 
	0x00, 0x38, 0x00, 0x24, 0x00, 0x00, 0x00, 0x00, 0x00, 0x05, 0x80, 0x00, 0xE0, 0x00, 0x00, 0x00, 
	0x00, 0x04, 0x03, 0x80, 0x02, 0x00, 0x33, 0x05, 0xA7, 0x00, 0x00, 0x00, 0x02, 0x7E, 0x80, 0x60, 
	0x64, 0x00, 0x10, 0x01, 0x6D, 0x6D, 0xF8, 0x00, 0x10, 0x00, 0x00, 0x20, 0x00, 0x00, 0x30, 0x00, 
	0x00, 0x00, 0x02, 0x30, 0x80, 0x10, 0x00, 0x00, 0x00, 0x00, 0x52, 0xC0, 0x00, 0x05, 0x40, 0x80, 
	0xCC, 0x10, 0x78, 0xE1, 0x04, 0x20, 0x2B, 0xDB, 0x2E, 0x47, 0x80, 0x00, 0x00, 0x22, 0xD7, 0xAF, 
	0x0B, 0x00, 0x00, 0x00, 0x00, 0x00, 0x00, 0x00, 0x02, 0x00, 0x03, 0x05, 0x00, 0x90, 0x20, 0x08, 
	0x00, 0xAC, 0x54, 0x08, 0x68, 0x07, 0x00, 0x05, 0x00, 0x2A, 0x86, 0xE7, 0x0A, 0x00, 0x10, 0x00, 
	0x00, 0x00, 0x1C, 0x04, 0x00, 0x50, 0x03, 0x03, 0x60, 0x00, 0x00, 0x41, 0x40, 0x00, 0x00, 0x00, 
	0x00, 0x00, 0x04, 0x00, 0x00, 0x10, 0x00, 0x00, 0xC0, 0xF0, 0x00, 0x08, 0x41, 0x13, 0x00, 0x40, 
	0x00, 0x10, 0x02, 0xA8, 0x10, 0x58, 0xA1, 0xC1, 0x00, 0x00, 0x00, 0x00, 0x23, 0x80, 0x05, 0x00, 
	0x30, 0x34, 0x05, 0x0E, 0x00, 0x04, 0x00, 0x00, 0x00, 0x60, 0x83, 0x00, 0x00, 0x00, 0x00, 0x00, 
	0x2F, 0x40, 0xF7, 0x88, 0x00, 0x08, 0x00, 0x01, 0xC7, 0x80, 0x03, 0x00, 0x02, 0x67, 0x85, 0x01, 
	0x1C, 0x08, 0x00, 0x2C, 0x7F, 0x00, 0x78, 0x62, 0x00, 0x02, 0x02, 0xEA, 0x98, 0xC0, 0x08, 0x80, 
	0x00, 0x00, 0x10, 0x00, 0x08, 0x00, 0x00, 0x00, 0x00, 0x10, 0x90, 0xCA, 0x09, 0x00, 0x00, 0xC0, 
	0x03, 0x80, 0x40, 0x32, 0x60, 0x00, 0x26, 0x50, 0x50, 0xF0, 0x00, 0x80, 0x00, 0x83, 0x68, 0x00, 
	0x01, 0x50, 0x00, 0x34, 0x3E, 0xF5, 0x8B, 0x01, 0x08, 0x00, 0x02, 0x00, 0xE4, 0x08, 0x00, 0x00, 
	0x10, 0x00, 0x00, 0xBC, 0x06, 0x00, 0x1E, 0x0C, 0x00, 0x00, 0x00, 0xE7, 0x80, 0x10, 0x00, 0x3A, 
	0xED, 0xCD, 0x1B, 0x1D, 0x00, 0x00, 0x80, 0xB7, 0xCE, 0x78, 0x00, 0x00, 0x00, 0x41, 0x5B, 0x98, 
	0xC0, 0x00, 0x00, 0x00, 0x00, 0x08, 0x00, 0xB0, 0x00, 0x02, 0x80, 0x00, 0x03, 0xC0, 0x20, 0x00, 
	0x0A, 0x08, 0x00, 0x02, 0x02, 0x00, 0x02, 0x40, 0x11, 0xF5, 0x7C, 0xF0, 0xE0, 0x00, 0x00, 0x0E, 
	0x09, 0x34, 0x04, 0x00, 0x00, 0x00, 0x02, 0x27, 0xA9, 0x8F, 0x00, 0x00, 0x00, 0x00, 0x00, 0x00, 
	0x00, 0x00, 0xE0, 0x40, 0x00, 0x00, 0x00, 0x01, 0xE0, 0x00, 0x00, 0x00, 0x00, 0x00, 0x02, 0x40, 
	0x10, 0x20, 0x30, 0x34, 0xA0, 0x1E, 0x00, 0x00, 0x00, 0x83, 0x3F, 0x40, 0x00, 0x00, 0x00, 0x08, 
	0x00, 0x01, 0x50, 0x00, 0x00, 0x00, 0x00, 0x00, 0x00, 0x00, 0x00, 0x02, 0x30, 0x00, 0x00, 0x10, 
	0xF3, 0xCA, 0x00, 0xE0, 0x00, 0x00, 0x02, 0xDC, 0x68, 0x03, 0x40, 0x00, 0x0D, 0x6B, 0x70, 0x00, 
	0x00, 0x00, 0x00, 0x23, 0x68, 0x02, 0xC0, 0x00, 0x80, 0x04, 0x00, 0x90, 0x00, 0x80, 0x00, 0x40, 
	0x00, 0x01, 0x20, 0x81, 0x83, 0xC0, 0x3C, 0x40, 0x00, 0x80, 0x01, 0xC9, 0x08, 0x14, 0x80, 0x00, 
	0x3D, 0x60, 0x07, 0x00, 0x41, 0x80, 0x00, 0x10, 0x00, 0x00, 0xC0, 0x00, 0x96, 0x10, 0x46, 0x20, 
	0xF0, 0x00, 0x0A, 0xA8, 0xE1, 0x59, 0xCA, 0x04, 0x00, 0x80, 0x00, 0x88, 0x00, 0x08, 0x0C, 0x00, 
	0x02, 0x00, 0x00, 0x80, 0x10, 0x78, 0x01, 0x04, 0x00, 0x07, 0x80, 0x80, 0x60, 0x40, 0x00, 0x40, 
	0x0E, 0x70, 0xE0, 0x08, 0x00, 0x06, 0x91, 0xBC, 0x40, 0x10, 0x00, 0x00, 0x15, 0x40, 0xC0, 0x08, 
	0x40, 0x80, 0x00, 0x00, 0x00, 0x20, 0x00, 0x04, 0x00, 0x40, 0x00, 0x00, 0xAA, 0x9D, 0xC9, 0x00, 
	0x20, 0x40, 0x00, 0x01, 0xC7, 0x10, 0x50, 0x00, 0x00, 0x00, 0x03, 0x80, 0x1C, 0x00, 0x00, 0x5D, 
	0xBB, 0x80, 0x70, 0x00, 0x00, 0x00, 0x00, 0x00, 0x38, 0x00, 0x00, 0x08, 0x00, 0x00, 0x00, 0x10, 
	0x03, 0x40, 0x20, 0x00, 0x00, 0x02, 0xA8, 0x30, 0x78, 0x94, 0x00, 0x00, 0x03, 0x00, 0x40, 0xC0, 
	0x40, 0x00, 0x00, 0x00, 0x08, 0x00, 0x00, 0x00, 0x0F, 0xDF, 0xA0, 0x02, 0xD0, 0x00, 0x00, 0x00, 
	0x00, 0x00, 0x00, 0x10, 0x00, 0x40, 0x00, 0x01, 0x24, 0x00, 0x00, 0x00, 0x04, 0x00, 0x00, 0x80, 
	0x00, 0x10, 0x09, 0x40, 0x8C, 0x00, 0x04, 0x03, 0x8D, 0x23, 0x00, 0x19, 0x81, 0xA0, 0x01, 0x00, 
	0x0C, 0x82, 0xCC, 0xB0, 0x34, 0x20, 0x70, 0x20, 0x01, 0x09, 0xE9, 0x70, 0x84, 0x00, 0x80, 0x00, 
	0x00, 0x04, 0x00, 0x70, 0x00, 0x00, 0x51, 0x02, 0x70, 0x40, 0x0D, 0x00, 0xC8, 0x10, 0xC0, 0x03, 
	0x40, 0x20, 0x04, 0x70, 0x01, 0x9A, 0x50, 0x00, 0xC0, 0x04, 0x91, 0xAC, 0xCB, 0x00, 0xC2, 0x8B, 
	0x02, 0x00, 0x02, 0xB4, 0xD0, 0x00, 0x21, 0x08, 0x00, 0x80, 0x00, 0x00, 0x00, 0x00, 0x00, 0x00, 
	0x52, 0x00, 0x80, 0x00, 0x00, 0x1A, 0x0D, 0x4C, 0x00, 0x05, 0xC2, 0x50, 0x80, 0x80, 0x90, 0x20, 
	0x00, 0x00, 0x14, 0x0C, 0x00, 0x1A, 0xD2, 0xBC, 0x71, 0x52, 0x20, 0x4B, 0xC1, 0xC0, 0xD0, 0xE0, 
	0x00, 0xC0, 0x08, 0x00, 0x00, 0x00, 0x00, 0x00, 0x00, 0x02, 0x40, 0x28, 0x40, 0x0D, 0x70, 0x00, 
	0x01, 0x00, 0x52, 0xFC, 0x3E, 0x00, 0x00, 0x08, 0x00, 0x40, 0x00, 0x00, 0x09, 0x08, 0x00, 0x1D, 
	0x66, 0x67, 0x80, 0x04, 0x20, 0xBC, 0x00, 0x0F, 0x10, 0x40, 0x10, 0x00, 0x80, 0x00, 0x00, 0x00, 
	0x00, 0x00, 0x00, 0x05, 0x00, 0x90, 0x00, 0x00, 0x01, 0x59, 0x10, 0x00, 0x38, 0x00, 0x51, 0xD4, 
	0x00, 0x80, 0x00, 0x10, 0x01, 0x40, 0x14, 0x00, 0x10, 0x1E, 0xA0, 0x00, 0x00, 0x40, 0x01, 0xD9, 
	0x5A, 0xD0, 0x00, 0x15, 0x48, 0x08, 0x00, 0x00, 0x00, 0x00, 0x34, 0x00, 0x60, 0x44, 0x08, 0x00, 
	0xC0, 0x00, 0xD1, 0x0D, 0x40, 0x92, 0x00, 0x3A, 0x00, 0x40, 0x28, 0x40, 0x0A, 0x00, 0xD0, 0x01, 
	0x40, 0x80, 0x83, 0x26, 0xC3, 0x80, 0x04, 0x04, 0x3D, 0xDF, 0xB3, 0x0F, 0x01, 0xD4, 0x00, 0x80, 
	0x00, 0x04, 0x08, 0x00, 0x00, 0x00, 0x20, 0x02, 0x90, 0x20, 0x00, 0x1C, 0x20, 0x08, 0x00, 0x04, 
	0x07, 0xA0, 0x52, 0x01, 0x90, 0x20, 0x03, 0x80, 0xC9, 0x48, 0x00, 0xC0, 0x76, 0xCE, 0x64, 0x00, 
	0x00, 0x00, 0x14, 0x5E, 0xF0, 0xA0, 0x00, 0x00, 0x08, 0x00, 0x00, 0x00, 0x90, 0x00, 0x00, 0x05, 
	0x40, 0x08, 0x02, 0xC0, 0x00, 0x04, 0x81, 0x80, 0x03, 0xC0, 0x41, 0x00, 0x20, 0x08, 0x03, 0xC0, 
	0x08, 0x00, 0x09, 0xE0, 0x0F, 0xC5, 0xB3, 0x66, 0x50, 0x04, 0x00, 0x00, 0x02, 0xF7, 0x9A, 0x00, 
	0x10, 0x00, 0x83, 0x00, 0x20, 0x00, 0x06, 0x00, 0x10, 0x00, 0x01, 0x90, 0x20, 0x00, 0x00, 0x4C, 
	0x00, 0x00, 0x01, 0xC3, 0x80, 0x40, 0x01, 0x80, 0x00, 0xE1, 0x01, 0x00, 0x00, 0x00, 0xAA, 0x50, 
	0x06, 0x78, 0x05, 0x00, 0x01, 0xD0, 0x5A, 0x18, 0x10, 0x40, 0x00, 0x08, 0x00, 0x80, 0x10, 0x02, 
	0xEC, 0x00, 0xD4, 0x40, 0x08, 0x00, 0xC0, 0x00, 0x0A, 0x05, 0x00, 0x03, 0x02, 0x00, 0x62, 0x00, 
	0x08, 0x80, 0x10, 0x00, 0xE0, 0x01, 0x00, 0x45, 0x50, 0xA1, 0xE2, 0x00, 0x2C, 0x40, 0x3F, 0xC7, 
	0xE1, 0x8F, 0x00, 0x90, 0x00, 0x00, 0x08, 0x20, 0x83, 0x00, 0x07, 0x48, 0x00, 0x01, 0x80, 0x01, 
	0xC8, 0x0A, 0x21, 0x40, 0x00, 0x04, 0x07, 0x02, 0x00, 0x00, 0x80, 0x00, 0xE1, 0x00, 0x00, 0x00, 
	0x02, 0x08, 0x38, 0x00, 0x60, 0x00, 0x00, 0x19, 0x68, 0x0C, 0x18, 0x94, 0x40, 0x00, 0x00, 0x20, 
	0x00, 0x00, 0x00, 0x00, 0x7D, 0x00, 0x40, 0x08, 0x80, 0x10, 0xB1, 0x04, 0x01, 0x00, 0x03, 0xBC, 
	0x40, 0x00, 0x00, 0x08, 0x80, 0x10, 0x00, 0x04, 0x81, 0x20, 0x00, 0x00, 0x00, 0x04, 0x10, 0x04, 
	0x00, 0xBF, 0xC1, 0xA0, 0x98, 0x9C, 0x10, 0x00, 0x00, 0x08, 0x20, 0x00, 0x3A, 0x00, 0x08, 0x00, 
	0x00, 0x82, 0x06, 0x03, 0x8A, 0x01, 0x00, 0x00, 0x68, 0x00, 0x10, 0x20, 0x00, 0x80, 0x01, 0xA0, 
	0x0E, 0x00, 0x02, 0x00, 0xCC, 0xF8, 0x04, 0x60, 0x02, 0x00, 0x00, 0x00, 0xF9, 0x80, 0x00, 0x00, 
	0x00, 0x00, 0x00, 0x00, 0x20, 0x00, 0x24, 0x03, 0x00, 0x40, 0x18, 0x00, 0x00, 0x71, 0xC0, 0x4D, 
	0x20, 0x03, 0x80, 0x02, 0x81, 0x00, 0x28, 0x80, 0x10, 0x01, 0xF0, 0x01, 0x01, 0x03, 0x3B, 0x80, 
	0x06, 0x40, 0x54, 0x00, 0x00, 0x57, 0xB9, 0x00, 0x00, 0x10, 0x00, 0x00, 0x08, 0x20, 0x00, 0x04, 
	0x06, 0x00, 0x00, 0x00, 0x80, 0x00, 0x87, 0x00, 0x00, 0x00, 0x00, 0x00, 0x03, 0x80, 0x00, 0x00, 
	0x80, 0x01, 0xC1, 0x1E, 0x20, 0x00, 0x00, 0x46, 0xD2, 0xC0, 0x00, 0x00, 0x00, 0x02, 0x0D, 0x6D, 
	0x30, 0x90, 0x10, 0x00, 0x00, 0x00, 0x00, 0x10, 0x03, 0x40, 0x40, 0x00, 0x40, 0x18, 0x80, 0x00, 
	0x00, 0x00, 0x01, 0x00, 0x03, 0x40, 0x3C, 0x00, 0x00, 0x28, 0x80, 0x00, 0x18, 0x04, 0x01, 0x20, 
	0x01, 0x99, 0xB8, 0x40, 0x00, 0x04, 0x04, 0x00, 0x4C, 0xB0, 0x08, 0x00, 0x10, 0x00, 0x00, 0x00, 
	0x00, 0x00, 0x00, 0x00, 0x00, 0x00, 0x00, 0x80, 0x00, 0xE0, 0x00, 0x00, 0x0C, 0x00, 0x05, 0xC7, 
	0x00, 0x42, 0x00, 0x80, 0x00, 0x01, 0x00, 0x00, 0x0C, 0x82, 0x00, 0x00, 0x44, 0x62, 0x00, 0x00, 
	0x0B, 0x3F, 0xE0, 0x18, 0x01, 0x00, 0x80, 0x00, 0x00, 0x00, 0x00, 0x00, 0x00, 0x00, 0x00, 0x40, 
	0x18, 0x80, 0x10, 0x00, 0x00, 0x15, 0x80, 0x03, 0x80, 0x25, 0x62, 0x20, 0x08, 0x40, 0x0D, 0x00, 
	0x00, 0x01, 0x80, 0x01, 0x00, 0x2C, 0x00, 0x10, 0x0C, 0x01, 0xB3, 0xE6, 0x00, 0x8A, 0x00, 0x18, 
	0x00, 0x80, 0x01, 0x20, 0x00, 0x05, 0x47, 0xC4, 0x02, 0x00, 0x90, 0x20, 0x05, 0x00, 0x01, 0x08, 
	0x08, 0x04, 0x07, 0x40, 0x02, 0x00, 0x40, 0x01, 0x80, 0x00, 0x00, 0x08, 0x00, 0x00, 0x00, 0x1C, 
	0x28, 0x05, 0x20, 0x00, 0x00, 0x00, 0x80, 0x00, 0x00, 0x80, 0x48, 0x00, 0x00, 0x10, 0x02, 0x94, 
	0x74, 0x00, 0x40, 0x00, 0x02, 0x40, 0x08, 0x0A, 0x09, 0x00, 0xF2, 0x1C, 0x30, 0x05, 0x41, 0x00, 
	0x00, 0x00, 0xD0, 0x00, 0x01, 0x00, 0x00, 0x00, 0x00, 0x24, 0x00, 0x24, 0x00, 0x00, 0x00, 0x07, 
	0x00, 0x00, 0x10, 0x00, 0x80, 0x00, 0x03, 0x35, 0xB4, 0x06, 0x40, 0x04, 0x00, 0x80, 0x00, 0x00, 
	0x0C, 0xA1, 0x14, 0x08, 0x38, 0x07, 0x40, 0x05, 0x00, 0x73, 0x17, 0x80, 0x0A, 0x00, 0x00, 0x00, 
	0x0F, 0x3F, 0xA0, 0x00, 0x02, 0x50, 0x03, 0xFA, 0x5E, 0x10, 0x00, 0x01, 0x40, 0x08, 0x00, 0x08, 
	0x00, 0x96, 0x00, 0x3C, 0x60, 0x50, 0x00, 0x40, 0x09, 0xD0, 0x01, 0x08, 0x40, 0x13, 0x00, 0x34, 
	0x30, 0x12, 0x00, 0xCC, 0x10, 0xD1, 0xB1, 0x00, 0x00, 0x0F, 0x00, 0xB3, 0xC0, 0x00, 0x41, 0x00, 
	0x36, 0x7E, 0xAF, 0x80, 0x00, 0x04, 0x00, 0x80, 0x00, 0x00, 0x00, 0x00, 0x03, 0x80, 0x02, 0x00, 
	0x82, 0x06, 0x00, 0x20, 0x04, 0x00, 0x00, 0x00, 0xE0, 0x00, 0x02, 0x00, 0x73, 0x24, 0x05, 0x00, 
	0xA0, 0x00, 0x02, 0x00, 0x00, 0x5C, 0x00, 0x80, 0x00, 0x02, 0x66, 0x00, 0x38, 0x00, 0x00, 0x00, 
	0x08, 0x00, 0x00, 0x00, 0x00, 0x00, 0x40, 0x00, 0x60, 0x60, 0x00, 0x00, 0x00, 0x00, 0x05, 0x00, 
	0x02, 0xC0, 0x02, 0x80, 0x62, 0x20, 0xCF, 0x40, 0x08, 0x01, 0x81, 0x00, 0x41, 0x00, 0x28, 0x00, 
	0x10, 0x24, 0x00, 0x19, 0x8C, 0xB0, 0x8A, 0x00, 0x10, 0x00, 0x80, 0x01, 0x20, 0x00, 0x07, 0xE6, 
	0x80, 0x00, 0x00, 0x80, 0x00, 0xC0, 0x0B, 0x20, 0x80, 0x00, 0x04, 0x03, 0x88, 0x30, 0x80, 0x73, 
	0x24, 0x05, 0x0A, 0x00, 0x00, 0x00, 0x52, 0x9F, 0x4E, 0x60, 0x00, 0x00, 0x00, 0x22, 0xCF, 0x80, 
	0x82, 0x00, 0x00, 0x08, 0x00, 0x00, 0x10, 0x02, 0x1C, 0x00, 0x00, 0x40, 0x20, 0x80, 0x00, 0x01, 
	0x80, 0x15, 0x00, 0x03, 0x04, 0x41, 0x51, 0x42, 0x00, 0xCF, 0xC0, 0x09, 0x08, 0x01, 0x00, 0x02, 
	0x0F, 0xB1, 0xE0, 0x03, 0x04, 0x00, 0x00, 0xA6, 0xB1, 0x10, 0x00, 0x10, 0x00, 0x00, 0x00, 0x00, 
	0x00, 0x02, 0x00, 0x00, 0x00, 0x00, 0x90, 0x20, 0x08, 0x19, 0x00, 0x00, 0x00, 0x00, 0x02, 0x20, 
	0x10, 0x01, 0x73, 0x04, 0x00, 0x00, 0x00, 0x00, 0x00, 0xCC, 0x13, 0xC0, 0x72, 0x84, 0x00, 0x08, 
	0x00, 0x0C, 0x58, 0xE2, 0x00, 0x00, 0x00, 0x00, 0x00, 0x00, 0x00, 0x0C, 0x00, 0x00, 0x40, 0x00, 
	0x01, 0x40, 0x70, 0x81, 0xC1, 0x00, 0x02, 0x00, 0x21, 0x00, 0x40, 0x10, 0xCF, 0x40, 0x00, 0x00, 
	0x01, 0x00, 0x08, 0x43, 0xEC, 0x06, 0x00, 0x04, 0x01, 0xC8, 0x00, 0x05, 0x10, 0x00, 0x10, 0x00, 
	0x00, 0x00, 0x06, 0x60, 0x68, 0x00, 0x00, 0x00, 0x00, 0x33, 0x0C, 0x00, 0x00, 0x80, 0x40, 0x00, 
	0x38, 0x07, 0x03, 0x08, 0x01, 0x73, 0x05, 0x80, 0x00, 0x00, 0x00, 0x02, 0x00, 0x02, 0xA0, 0x39, 
	0x00, 0x06, 0x09, 0x42, 0xFE, 0x80, 0x01, 0x00, 0x00, 0x00, 0x00, 0x00, 0x66, 0x14, 0x00, 0x00, 
	0x00, 0x40, 0x03, 0x31, 0xE0, 0x00, 0x01, 0x01, 0x00, 0x06, 0x00, 0x40, 0x00, 0x40, 0x10, 0xCC, 
	0x00, 0x00, 0xB0, 0x01, 0x00, 0x02, 0x00, 0x41, 0x46, 0x28, 0x04, 0x00, 0x9D, 0x1F, 0xDF, 0x09, 
	0x00, 0x10, 0x00, 0x00, 0x08, 0x0F, 0x55, 0x80, 0x00, 0x20, 0x00, 0x00, 0x82, 0x0C, 0x00, 0x01, 
	0xA0, 0x80, 0x00, 0x01, 0xC7, 0x88, 0x00, 0x01, 0x73, 0x04, 0x00, 0x00, 0x20, 0x00, 0x04, 0x05, 
	0x5B, 0xA0, 0x04, 0x02, 0x00, 0x02, 0xA9, 0xC1, 0x51, 0xA4, 0x00, 0x00, 0x00, 0x00, 0x10, 0xFA, 
	0x0A, 0x00, 0x00, 0x00, 0x42, 0x00, 0x00, 0x00, 0x00, 0xE0, 0x81, 0x00, 0x03, 0x00, 0x01, 0x20, 
	0x44, 0x00, 0xCE, 0x40, 0x00, 0x00, 0x01, 0x38, 0x40, 0x50, 0x80, 0x42, 0x40, 0x04, 0x00, 0x15, 
	0x40, 0x90, 0x08, 0x00, 0x10, 0x00, 0x00, 0x00, 0x00, 0x00, 0x00, 0x00, 0x00, 0x02, 0x01, 0x90, 
	0x20, 0x00, 0x00, 0x30, 0x80, 0x00, 0x04, 0xE0, 0x01, 0x02, 0x01, 0x73, 0x05, 0xC0, 0x00, 0x4C, 
	0x00, 0x0A, 0x00, 0x00, 0x20, 0x68, 0x00, 0x00, 0x00, 0x00, 0x0E, 0x70, 0xB0, 0x00, 0x80, 0x00, 
	0x00, 0x00, 0x00, 0x00, 0x00, 0x00, 0x00, 0x60, 0x00, 0x01, 0x40, 0x00, 0x04, 0x11, 0x00, 0x02, 
	0xC0, 0x01, 0x02, 0x70, 0x00, 0xCC, 0x00, 0xD0, 0x02, 0x01, 0x00, 0x01, 0x00, 0x21, 0xC0, 0x00, 
	0x04, 0x00, 0x08, 0x01, 0x01, 0x9E, 0x05, 0x1C, 0x00, 0x00, 0x00, 0x00, 0x00, 0x00, 0x00, 0x40, 
	0x00, 0x00, 0x99, 0x80, 0x00, 0x01, 0x00, 0x00, 0x08, 0x02, 0x00, 0x00, 0x80, 0x01, 0x73, 0x24, 
	0x00, 0x0A, 0xA8, 0x00, 0x00, 0x05, 0x1B, 0xE6, 0x04, 0x00, 0x00, 0x0A, 0x0D, 0xCD, 0x80, 0x00, 
	0x00, 0x00, 0x00, 0x20, 0x00, 0x00, 0x00, 0x00, 0x28, 0x00, 0x00, 0x02, 0x64, 0xCA, 0x90, 0xE0, 
	0xC0, 0x00, 0x92, 0x94, 0x38, 0x00, 0x00, 0x80, 0xCD, 0x40, 0x00, 0x05, 0xC0, 0x00, 0x00, 0x00, 
	0x2A, 0x62, 0x05, 0x00, 0x00, 0x80, 0xAC, 0xCF, 0x09, 0x00, 0x80, 0x00, 0x00, 0x00, 0x00, 0x00, 
	0x00, 0x00, 0x40, 0x05, 0x00, 0x00, 0x00, 0x08, 0x00, 0x00, 0x15, 0x08, 0x6E, 0x06, 0x88, 0x84, 
	0x00, 0x33, 0x04, 0x10, 0x0A, 0x20, 0x90, 0x02, 0xCC, 0x10, 0x06, 0x3C, 0x01, 0x40, 0x43, 0xED, 
	0x48, 0x80, 0x10, 0x09, 0x48, 0x00, 0x00, 0x00, 0x00, 0x00, 0x00, 0x20, 0x00, 0x10, 0x00, 0x00, 
	0x00, 0xB0, 0x00, 0x49, 0x40, 0x17, 0x94, 0x00, 0x42, 0x40, 0x10, 0xCC, 0x0A, 0x00, 0xA0, 0x11, 
	0x40, 0x0C, 0xC9, 0x80, 0x22, 0x40, 0x05, 0x00, 0x1D, 0xAE, 0xAF, 0x0D, 0x01, 0x44, 0x00, 0x00, 
	0x00, 0x00, 0x00, 0x01, 0xE0, 0x00, 0x00, 0x41, 0x80, 0x00, 0x07, 0x9E, 0xA1, 0x48, 0x00, 0x01, 
	0x63, 0x07, 0x53, 0xA0, 0x80, 0x01, 0xA7, 0x8E, 0x00, 0x08, 0x00, 0x84, 0x92, 0xDC, 0x74, 0x00, 
	0x20, 0x0A, 0x94, 0xEA, 0x90, 0xF6, 0x00, 0x80, 0x00, 0x00, 0x00, 0x00, 0x00, 0x02, 0x00, 0x00, 
	0x00, 0x60, 0x40, 0x0D, 0x09, 0xC0, 0x00, 0x80, 0x02, 0xC0, 0x00, 0xB2, 0x3C, 0x00, 0x80, 0x10, 
	0x59, 0x01, 0x40, 0xC0, 0x02, 0x1D, 0xE3, 0x63, 0x50, 0x03, 0x00, 0xAB, 0xC3, 0xE5, 0x8D, 0xE0, 
	0x08, 0x00, 0x01, 0x01, 0x20, 0x81, 0x81, 0x60, 0x00, 0x00, 0x00, 0x80, 0x01, 0x80, 0x00, 0x08, 
	0x00, 0x00, 0x04, 0xE3, 0xE0, 0x50, 0x84, 0x80, 0x01, 0x80, 0x1B, 0x00, 0x80, 0x00, 0x04, 0xBA, 
	0x14, 0xA1, 0x00, 0x00, 0x0A, 0x96, 0x0E, 0x80, 0x01, 0x14, 0x00, 0x00, 0x00, 0x10, 0x00, 0x00, 
	0x00, 0x00, 0x25, 0x00, 0x00, 0x80, 0x10, 0x00, 0x00, 0x00, 0x00, 0x02, 0x82, 0x68, 0x02, 0x08, 
	0x20, 0x80, 0x00, 0x50, 0xE0, 0x04, 0x00, 0x00, 0x03, 0xA8, 0x20, 0x28, 0x00, 0x00, 0xB6, 0xEC, 
	0xF1, 0x00, 0x14, 0x80, 0x00, 0x00, 0x40, 0x20, 0x00, 0x00, 0x00, 0x27, 0x00, 0x01, 0x10, 0x81, 
	0xE0, 0x00, 0x41, 0x80, 0x00, 0x02, 0x00, 0x20, 0x30, 0x81, 0x82, 0x06, 0x00, 0x00, 0x00, 0x80, 
	0x06, 0x00, 0x06, 0x00, 0x04, 0x44, 0x00, 0x4A, 0x86, 0xDE, 0x90, 0xE0, 0x00, 0x00, 0x00, 0x20, 
	0x00, 0x10, 0x02, 0x00, 0x01, 0x00, 0x00, 0x41, 0x08, 0x40, 0xF0, 0xE9, 0x8C, 0x00, 0x02, 0x5C, 
	0x81, 0x57, 0x04, 0x40, 0x00, 0x00, 0x00, 0x01, 0x54, 0x28, 0x42, 0x00, 0x40, 0x02, 0x80, 0x00, 
	0x00, 0x80, 0xAC, 0xD7, 0x10, 0x00, 0x00, 0x00, 0x00, 0x00, 0x20, 0x85, 0x80, 0x00, 0x00, 0x00, 
	0x00, 0x99, 0x80, 0xA0, 0x01, 0x01, 0x00, 0x00, 0x78, 0x00, 0x00, 0x08, 0x00, 0x96, 0x81, 0xE0, 
	0x00, 0x00, 0x00, 0x06, 0x08, 0x30, 0x00, 0x20, 0x00, 0x00, 0x08, 0x95, 0x4D, 0xF9, 0x90, 0x80, 
	0x00, 0x00, 0x00, 0x10, 0x00, 0x08, 0x00, 0x00, 0x01, 0x00, 0x01, 0x9B, 0xD0, 0x00, 0xC0, 0x00, 
	0x20, 0x07, 0x80, 0x00, 0x40, 0x08, 0x41, 0x68, 0x00, 0x00, 0xF0, 0x10, 0x39, 0x40, 0x00, 0x01, 
	0x40, 0x00, 0x00, 0x01, 0x80, 0x4D, 0xCF, 0x8C, 0x01, 0x40, 0x00, 0x00, 0x00, 0x00, 0x00, 0x00, 
	0x00, 0x00, 0x00, 0x00, 0x96, 0x80, 0xA0, 0x0F, 0x00, 0x00, 0x00, 0x02, 0xE0, 0x40, 0x00, 0x02, 
	0x80, 0x00, 0x80, 0x00, 0x00, 0x40, 0x06, 0x08, 0x10, 0x00, 0x04, 0x00, 0x00, 0x0A, 0x86, 0xDA, 
	0xD1, 0xF0, 0x00, 0x08, 0x00, 0x00, 0x00, 0x00, 0x00, 0x00, 0x00, 0x00, 0x00, 0x01, 0x68, 0x00, 
	0x71, 0xF1, 0x80, 0x00, 0x03, 0x56, 0x38, 0x00, 0x0A, 0x20, 0x80, 0x00, 0x00, 0x00, 0x00, 0x01, 
	0x40, 0x00, 0x80, 0x03, 0xC0, 0x00, 0x00, 0x80, 0xBD, 0xD9, 0x08, 0x00, 0x00, 0x00, 0x00, 0x08, 
	0x20, 0x00, 0x28, 0x00, 0x00, 0x00, 0x00, 0xAA, 0x8C, 0x00, 0x01, 0x00, 0x0C, 0x00, 0x01, 0xC0, 
	0x60, 0x02, 0x82, 0x80, 0x00, 0x00, 0x18, 0x00, 0x0C, 0x02, 0x00, 0x00, 0x60, 0x70, 0x00, 0x38, 
	0x02, 0x5B, 0xD8, 0xF0, 0x10, 0xC0, 0x80, 0x00, 0x00, 0x00, 0x20, 0x04, 0x00, 0x00, 0x00, 0x00, 
	0x01, 0x54, 0x2E, 0x00, 0xD0, 0x10, 0x80, 0x03, 0xC2, 0x38, 0x00, 0x30, 0x20, 0x40, 0x0B, 0x00, 
	0x00, 0x40, 0x80, 0x41, 0x00, 0x3E, 0x40, 0x00, 0x03, 0x00, 0x25, 0xBF, 0x05, 0x08, 0x00, 0x08, 
	0x00, 0x00, 0x00, 0x00, 0x00, 0x00, 0x00, 0x00, 0x00, 0x02, 0x82, 0x0C, 0x07, 0x09, 0x00, 0x00, 
	0x00, 0x04, 0xE3, 0xAF, 0x00, 0x00, 0x36, 0xE0, 0x0B, 0x80, 0x00, 0x00, 0x00, 0x05, 0x73, 0x0E, 
	0x00, 0x00, 0x00, 0x08, 0xD7, 0x61, 0x00, 0x04, 0x10, 0x00, 0x00, 0x20, 0x00, 0x00, 0x00, 0x00, 
	0x00, 0x00, 0x04, 0x00, 0x00, 0x00, 0x00, 0xF0, 0x80, 0x00, 0x52, 0xC0, 0x01, 0x00, 0x04, 0x23, 
	0x9E, 0xCF, 0x10, 0xA0, 0x00, 0x00, 0x85, 0xF0, 0xBC, 0x20, 0x28, 0x00, 0x02, 0x0E, 0x9C, 0xC0, 
	0x00, 0x24, 0x00, 0x00, 0x00, 0x01, 0x20, 0x85, 0x80, 0x00, 0x00, 0x25, 0x80, 0x3E, 0x74, 0xA8, 
	0x1E, 0x0C, 0x10, 0x08, 0x70, 0x07, 0x00, 0x05, 0x00, 0xA9, 0x61, 0xB7, 0x9A, 0x00, 0x54, 0x00, 
	0x00, 0x00, 0x26, 0x38, 0x00, 0x50, 0x00, 0x00, 0x00, 0x00, 0x00, 0x41, 0x48, 0x00, 0x00, 0x10, 
	0x00, 0x08, 0x00, 0x00, 0x04, 0x40, 0x01, 0xBC, 0xED, 0x11, 0x00, 0x01, 0x01, 0xD6, 0x00, 0x78, 
	0x80, 0x12, 0x2B, 0x9E, 0xDE, 0xD0, 0x00, 0x08, 0x40, 0x00, 0x00, 0x02, 0x64, 0x00, 0x44, 0x00, 
	0x00, 0x00, 0x00, 0x00, 0xA0, 0x04, 0x00, 0x00, 0x00, 0x00, 0x00, 0x00, 0x00, 0x00, 0x00, 0x00, 
	0x82, 0x04, 0x01, 0x1E, 0x00, 0x00, 0x00, 0x01, 0xE3, 0x87, 0x02, 0x00, 0x81, 0x46, 0x90, 0x0B, 
	0x00, 0x0C, 0x00, 0x3C, 0x83, 0x60, 0x00, 0x80, 0x00, 0x0B, 0xC1, 0x60, 0x58, 0x00, 0x00, 0xC0, 
	0x00, 0x00, 0x00, 0x00, 0x00, 0x00, 0x00, 0x00, 0x00, 0x40, 0x00, 0x20, 0x01, 0x00, 0x00, 0x00, 
	0x03, 0x42, 0x43, 0x30, 0x30, 0x29, 0x0A, 0x7F, 0xD0, 0xD0, 0x00, 0x80, 0x0C, 0x33, 0x76, 0xC0, 
	0x00, 0x00, 0x20, 0x3C, 0x02, 0x00, 0x00, 0x5C, 0x4C, 0x00, 0x01, 0x00, 0x00, 0x00, 0x00, 0xE0, 
	0x00, 0x00, 0x00, 0x15, 0x46, 0x15, 0x08, 0x60, 0x00, 0x00, 0x07, 0xC0, 0x00, 0x50, 0x00, 0x00, 
	0x00, 0x0B, 0x9F, 0x3C, 0x00, 0x02, 0x00, 0x00, 0x5E, 0x01, 0x00, 0x00, 0x00, 0x00, 0x00, 0x00, 
	0x10, 0x00, 0x00, 0x00, 0x00, 0x00, 0x00, 0x00, 0x00, 0x00, 0x60, 0x00, 0x02, 0xA8, 0x28, 0x18, 
	0x0E, 0x00, 0x00, 0x02, 0x2C, 0x00, 0x60, 0x00, 0x00, 0x00, 0x00, 0x38, 0xB0, 0x00, 0x00, 0x01, 
	0x00, 0x28, 0x02, 0x08, 0x00, 0x00, 0x00, 0x00, 0x01, 0x08, 0x00, 0x00, 0x00, 0x00, 0x00, 0x00, 
	0x00, 0x00, 0x00, 0x40, 0x00, 0x01, 0x82, 0x16, 0x01, 0x88, 0x80, 0x00, 0x00, 0x06, 0x00, 0x10, 
	0x50, 0x00, 0x00, 0x54, 0xD9, 0x00, 0x00, 0x80, 0x04, 0x21, 0x1B, 0xC6, 0x7C, 0x00, 0x00, 0x00, 
	0x04, 0xEC, 0x58, 0x00, 0x00, 0x00, 0x00, 0x20, 0x00, 0x00, 0x00, 0x00, 0x34, 0x00, 0x00, 0x20, 
	0x00, 0x20, 0x00, 0x04, 0x00, 0x00, 0x02, 0x1C, 0x24, 0x80, 0x00, 0x20, 0x11, 0x79, 0xF0, 0x01, 
	0xC0, 0x00, 0x00, 0x0B, 0x38, 0x47, 0x01, 0x00, 0x20, 0x00, 0x1D, 0xB0, 0x80, 0x00, 0x00, 0x00, 
	0x00, 0x00, 0x00, 0x00, 0x00, 0x00, 0x00, 0x00, 0x01, 0x90, 0x00, 0x00, 0x1C, 0xA0, 0x80, 0x10, 
	0x3E, 0x02, 0x40, 0x50, 0x00, 0x09, 0x20, 0x1B, 0x80, 0xA0, 0x00, 0x00, 0x0C, 0xDE, 0x40, 0x00, 
	0x00, 0x00, 0x00, 0x00, 0x00, 0x01, 0xA8, 0x00, 0x00, 0x00, 0x04, 0x00, 0x00, 0x00, 0x00, 0x00, 
	0x00, 0x00, 0x20, 0x00, 0x40, 0x01, 0x00, 0x94, 0x00, 0x07, 0x1C, 0x34, 0x20, 0x00, 0x00, 0x63, 
	0x48, 0xB8, 0x04, 0x00, 0x00, 0x00, 0x39, 0xFC, 0x42, 0x00, 0x00, 0x00, 0x00, 0x00, 0x00, 0x19, 
	0x01, 0x40, 0x00, 0x00, 0x00, 0x00, 0x00, 0x00, 0x00, 0x00, 0x00, 0x00, 0x90, 0x20, 0x00, 0x00, 
	0xA0, 0x00, 0x00, 0x01, 0xE0, 0x00, 0x00, 0x00, 0x00, 0x34, 0xE7, 0x9E, 0x00, 0x00, 0x02, 0x00, 
	0x02, 0x0E, 0x00, 0x00, 0x00, 0x00, 0x00, 0x00, 0x39, 0xE2, 0x00, 0x08, 0x00, 0x00, 0x00, 0x00, 
	0x00, 0x00, 0x00, 0x00, 0x00, 0x20, 0x01, 0x40, 0x00, 0x00, 0x00, 0x00, 0x03, 0x00, 0x00, 0x00, 
	0x00, 0x00, 0x0E, 0xDE, 0x30, 0x00, 0x00, 0x01, 0x02, 0x00, 0x43, 0x42, 0x88, 0x20, 0x00, 0x00, 
	0x00, 0x00, 0x00, 0x80, 0x00, 0x00, 0x00, 0x00, 0x00, 0x00, 0x00, 0x00, 0x02, 0x00, 0x80, 0x82, 
	0x16, 0x00, 0x00, 0x00, 0x00, 0x00, 0x00, 0x00, 0x20, 0x03, 0x00, 0x3C, 0x14, 0x97, 0x01, 0x0C, 
	0x48, 0x06, 0x00, 0x00, 0x20, 0x68, 0x00, 0x00, 0x00, 0x00, 0x00, 0x00, 0xC2, 0x00, 0x00, 0x00, 
	0x00, 0x00, 0x00, 0x00, 0x00, 0x00, 0x00, 0x00, 0x00, 0x00, 0x20, 0x00, 0x00, 0x04, 0x00, 0x02, 
	0x40, 0x00, 0x00, 0x24, 0x00, 0x3C, 0x0A, 0x00, 0xF0, 0x08, 0xC0, 0x01, 0x00, 0x2C, 0x40, 0x00, 
	0x00, 0x00, 0x00, 0x00, 0x00, 0x00, 0x40, 0x00, 0x00, 0x00, 0x08, 0x05, 0xA0, 0x70, 0x00, 0x00, 
	0x00, 0x00, 0x00, 0x00, 0x00, 0x00, 0x20, 0x00, 0x00, 0x01, 0xC7, 0x47, 0x80, 0x00, 0x00, 0x3E, 
	0x9F, 0x8E, 0x80, 0x00, 0x00, 0x00, 0x00, 0x1C, 0x6C, 0x00, 0x00, 0x08, 0x15, 0x4A, 0x00, 0x00, 
	0x02, 0x00, 0x00, 0x20, 0x00, 0x5A, 0x04, 0x34, 0x00, 0x00, 0x00, 0x00, 0x00, 0x00, 0x00, 0x04, 
	0x00, 0x00, 0xB2, 0x80, 0x38, 0x00, 0x00, 0x01, 0x01, 0x7C, 0xF8, 0x04, 0x00, 0x00, 0x00, 0x00, 
	0x00, 0x03, 0x80, 0x00, 0x20, 0x01, 0x41, 0x0F, 0x00, 0x80, 0x00, 0x00, 0x00, 0x00, 0x00, 0x00, 
	0x00, 0x00, 0x00, 0x54, 0x00, 0x00, 0x00, 0x07, 0x00, 0xA0, 0x50, 0x00, 0x26, 0x00, 0x00, 0xD5, 
	0x00, 0x00, 0x00, 0x00, 0x1F, 0x00, 0x14, 0x00, 0x00, 0x00, 0x00, 0x6D, 0x00, 0x40, 0x08, 0x0D, 
	0x60, 0x00, 0x00, 0x01, 0x40, 0x00, 0x00, 0x00, 0x00, 0x00, 0x00, 0x00, 0x01, 0x50, 0x00, 0x00, 
	0x00, 0x00, 0x00, 0x15, 0x48, 0x92, 0xFC, 0x39, 0x50, 0x40, 0x00, 0x00, 0x00, 0x00, 0xC0, 0xC1, 
	0x40, 0x00, 0x00, 0x01, 0xC2, 0x88, 0x04, 0x00, 0x00, 0xD6, 0x00, 0x0B, 0x14, 0x44, 0x00, 0x00, 
	0x00, 0x00, 0x00, 0x00, 0x07, 0x00, 0x02, 0x67, 0x16, 0x81, 0x81, 0x08, 0xA0, 0x08, 0x00, 0x04, 
	0xE3, 0x80, 0x02, 0x00, 0x19, 0xA0, 0x17, 0x0E, 0x20, 0x00, 0x00, 0xA5, 0x82, 0x76, 0x00, 0x00, 
	0x30, 0x0A, 0x06, 0x0A, 0x19, 0x93, 0x08, 0x80, 0x00, 0x00, 0x00, 0x00, 0x00, 0x00, 0x00, 0x00, 
	0x2E, 0x71, 0x68, 0x10, 0x08, 0x04, 0x00, 0xC0, 0x02, 0xC2, 0x40, 0x00, 0x30, 0x02, 0x65, 0xC8, 
	0x00, 0x04, 0x00, 0x01, 0x09, 0x9F, 0x25, 0xC0, 0x10, 0x02, 0x00, 0x20, 0x5C, 0x05, 0x0E, 0x1D, 
	0x08, 0x00, 0x00, 0x00, 0x00, 0x00, 0x00, 0x00, 0x11, 0x00, 0x00, 0x00, 0x00, 0x00, 0x00, 0x00, 
	0x00, 0x00, 0x00, 0xE7, 0x28, 0x40, 0x00, 0x00, 0x00, 0x00, 0x18, 0x00, 0x00, 0x04, 0xA3, 0xFB, 
	0x80, 0x21, 0x00, 0x00, 0x08, 0x0D, 0x40, 0x50, 0x01, 0xC0, 0x00, 0x00, 0x00, 0x00, 0x00, 0x00, 
	0x00, 0x00, 0x50, 0x00, 0x00, 0x00, 0x00, 0x00, 0x00, 0xC0, 0x00, 0x02, 0x26, 0x42, 0x82, 0x00, 
	0x00, 0x00, 0x00, 0x00, 0x00, 0x00, 0x00, 0x0A, 0x3F, 0x80, 0x04, 0x0B, 0x00, 0x00, 0x00, 0xD4, 
	0x00, 0x80, 0x00, 0x00, 0x00, 0x00, 0x00, 0x00, 0x00, 0x00, 0x00, 0x00, 0x00, 0x00, 0x00, 0x00, 
	0x00, 0x00, 0x00, 0x00, 0x00, 0x06, 0xE0, 0x40, 0x50, 0x00, 0x30, 0x1D, 0x80, 0x1E, 0x00, 0x00, 
	0x04, 0x81, 0x07, 0x6C, 0x00, 0x30, 0x00, 0x08, 0x15, 0x40, 0x80, 0x04, 0x00, 0x00, 0x00, 0x34, 
	0x00, 0x00, 0x00, 0x00, 0x00, 0x00, 0x00, 0x00, 0x00, 0x00, 0x00, 0x00, 0x00, 0x00, 0x02, 0x8C, 
	0x38, 0x82, 0x00, 0x00, 0x0E, 0x4A, 0x00, 0x00, 0x80, 0x00, 0x0E, 0x7D, 0x7D, 0xE0, 0x20, 0x00, 
	0x00, 0x02, 0x80, 0xD1, 0x00, 0x00, 0x00, 0x00, 0x00, 0x00, 0x00, 0x00, 0x01, 0x67, 0x20, 0x20, 
	0x00, 0x00, 0x00, 0x00, 0x01, 0x20, 0x00, 0x00, 0x60, 0x00, 0x00, 0x00, 0x00, 0x0F, 0x00, 0xB0, 
	0x0F, 0x00, 0x00, 0x00, 0x47, 0x1F, 0xA4, 0x00, 0x04, 0x00, 0x0A, 0x94, 0x18, 0x00, 0x00, 0x00, 
	0x00, 0x00, 0x00, 0x00, 0x00, 0x00, 0x02, 0x00, 0x00, 0x00, 0x00, 0x00, 0x00, 0x00, 0xF0, 0x80, 
	0x20, 0x07, 0x80, 0x00, 0x20, 0x00, 0x03, 0x0C, 0x5C, 0x00, 0x84, 0x00, 0x08, 0x04, 0x79, 0x40, 
	0xC3, 0x40, 0x00, 0x00, 0x00, 0x00, 0xA0, 0x08, 0x00, 0x00, 0x00, 0x00, 0x00, 0x20, 0x83, 0x80, 
	0x00, 0x00, 0x00, 0x00, 0x00, 0x00, 0x05, 0x00, 0x00, 0x00, 0x00, 0x04, 0x00, 0x40, 0x00, 0x00, 
	0x80, 0x00, 0xC0, 0x1D, 0x40, 0x01, 0x02, 0xF1, 0xB2, 0x80, 0x70, 0x00, 0x00, 0x08, 0x0D, 0x40, 
	0x00, 0x03, 0x80, 0x08, 0x00, 0x00, 0x00, 0x00, 0x00, 0x00, 0x00, 0x00, 0x00, 0x00, 0x00, 0x00, 
	0x00, 0x01, 0xC0, 0x00, 0x03, 0xC0, 0x30, 0x00, 0x02, 0x00, 0x80, 0x00, 0x00, 0xB0, 0x00, 0x00, 
	0x0F, 0x15, 0xC0, 0x04, 0x00, 0x00, 0x00, 0x00, 0xF4, 0x00, 0x00, 0x40, 0x00, 0x00, 0x00, 0x00, 
	0x00, 0x00, 0x00, 0x00, 0x03, 0x00, 0x00, 0x80, 0x00, 0xE0, 0x00, 0x01, 0xCC, 0x00, 0x00, 0xE0, 
	0x27, 0x52, 0x00, 0x00, 0x00, 0x00, 0x1C, 0x00, 0x22, 0x00, 0xA5, 0x7F, 0x64, 0x00, 0x30, 0x30, 
	0x0A, 0x06, 0x00, 0x81, 0x80, 0x00, 0xC0, 0x00, 0x00, 0x00, 0x00, 0x00, 0x00, 0x00, 0x01, 0x00, 
	0x00, 0x80, 0x10, 0x00, 0x00, 0x40, 0x80, 0x03, 0x40, 0x00, 0x54, 0x20, 0x00, 0x00, 0x00, 0x11, 
	0x00, 0x00, 0x00, 0x0A, 0xA0, 0xE1, 0xE0, 0x00, 0x52, 0x00, 0x10, 0xBC, 0xA1, 0x00, 0x00, 0x08, 
	0x00, 0x00, 0x11, 0x03, 0x01, 0x01, 0x00, 0x00, 0x00, 0x00, 0x00, 0x00, 0x00, 0x00, 0x00, 0x00, 
	0x00, 0x00, 0x00, 0x00, 0x00, 0x00, 0x00, 0x00, 0x00, 0x00, 0x00, 0x00, 0x00, 0x00, 0x00, 0x00, 
	0x00, 0x00, 0x00, 0x00, 0x00, 0x00, 0x00, 0x00, 0x00, 0x00, 0x00, 0x00, 0x00, 0x00, 0x00, 0x00, 
	0x00, 0x00, 0x00, 0x00, 0x00, 0x00, 0x00, 0x00, 0x00, 0x00, 0x00, 0x00, 0x00, 0x00, 0x00, 0x00, 
	0x00, 0x00, 0x00, 0x00, 0x00, 0x00, 0x00, 0x00, 0x00, 0x00, 0x00, 0x00, 0x00, 0x00, 0x00, 0x00, 
	0x00, 0x00, 0x00, 0x00, 0x00, 0x00, 0x00, 0x00, 0x00, 0x00, 0x00, 0x00, 0x00, 0x00, 0x00, 0x00, 
	0x00, 0x00, 0x00, 0x00, 0x00, 0x00, 0x00, 0x00, 0x00, 0x00, 0x00, 0x10, 0x00, 0x20, 0x00, 0x00, 
	0x00, 0x00, 0x00, 0x00, 0x80, 0x00, 0x00, 0x00, 0x00, 0x00, 0x02, 0x00, 0x00, 0x00, 0x00, 0x00, 
	0x00, 0x00, 0x00, 0x00, 0x00, 0x00, 0x00, 0x00, 0x00, 0x00, 0x00, 0x00, 0x00, 0x00, 0x00, 0x00, 
	0x00, 0x00, 0x00, 0x00, 0x00, 0xE0, 0x00, 0x00, 0x00, 0x00, 0x00, 0x00, 0x00, 0x00, 0x00, 0x00, 
	0x00, 0x00, 0x00, 0x00, 0x00, 0x00, 0x00, 0x00, 0x00, 0x00, 0x00, 0x00, 0x00, 0x00, 0x00, 0x00, 
	0x00, 0x00, 0x00, 0x00, 0x00, 0x00, 0x00, 0x00, 0x00, 0x00, 0x00, 0x00, 0x00, 0x00, 0x00, 0x00, 
	0x00, 0x00, 0x00, 0x00, 0x00, 0x00, 0x00, 0x00, 0x00, 0x00, 0x00, 0x00, 0x00, 0x00, 0x00, 0x00, 
	0x00, 0x00, 0x00, 0x00, 0x00, 0x00, 0x00, 0x00, 0x00, 0x00, 0x00, 0x00, 0x00, 0x00, 0x00, 0x00, 
	0x00, 0x00, 0x00, 0x00, 0x00, 0x00, 0x00, 0x40, 0x00, 0x00, 0x00, 0x00, 0x00, 0x00, 0x00, 0x00, 
	0x00, 0x00, 0x00, 0x00, 0x00, 0x00, 0x00, 0x00, 0x00, 0x00, 0x00, 0x00, 0x00, 0x00, 0x00, 0x00, 
	0x00, 0x00, 0x00, 0x00, 0x08, 0x00, 0x00, 0x00, 0x00, 0x00, 0x00, 0x20, 0x00, 0x00, 0x00, 0x00, 
	0x00, 0x00, 0x00, 0x00, 0x00, 0x00, 0x00, 0x30, 0x00, 0x00, 0x00, 0x00, 0x00, 0x00, 0x00, 0x00, 
	0x00, 0x00, 0x00, 0x00, 0x00, 0x00, 0x00, 0x00, 0x00, 0x00, 0x00, 0x00, 0x00, 0x00, 0x00, 0x00, 
	0x00, 0x00, 0x00, 0x00, 0x00, 0x00, 0x00, 0x00, 0x00, 0x00, 0x00, 0x00, 0x00, 0x00, 0x00, 0x00, 
	0x00, 0x00, 0x00, 0x00, 0x00, 0x00, 0x00, 0x00, 0x80, 0x00, 0x00, 0x00, 0x00, 0x00, 0x00, 0x00, 
	0x00, 0x00, 0x00, 0x00, 0x00, 0x00, 0x00, 0x08, 0x00, 0x00, 0x00, 0x00, 0x00, 0x00, 0x30, 0x00, 
	0x00, 0x00, 0x00, 0x00, 0x00, 0x00, 0x00, 0x00, 0x00, 0x00, 0x10, 0x00, 0x00, 0x00, 0x00, 0x00, 
	0x00, 0x00, 0x00, 0x00, 0x00, 0x00, 0x06, 0x03, 0x00, 0x00, 0x00, 0x00, 0x00, 0x00, 0x00, 0x00, 
	0x00, 0x00, 0x00, 0x00, 0x00, 0x00, 0x00, 0x00, 0x00, 0x00, 0x00, 0x00, 0x00, 0x00, 0x00, 0x00, 
	0x00, 0x00, 0x00, 0x00, 0x00, 0x00, 0x00, 0x00, 0x00, 0x00, 0x00, 0x00, 0x00, 0x00, 0x00, 0x00, 
	0x00, 0x00, 0x00, 0x00, 0x00, 0x00, 0x00, 0x00, 0x00, 0x00, 0x00, 0x00, 0x00, 0x00, 0x00, 0x00, 
	0x20, 0x00, 0x2C, 0x00, 0x00, 0x08, 0x00, 0x00, 0x00, 0x00, 0x00, 0x00, 0x00, 0x00, 0x00, 0x00, 
	0x00, 0x00, 0x00, 0x00, 0x00, 0x00, 0x00, 0x00, 0x00, 0x00, 0x00, 0x00, 0x00, 0x00, 0x00, 0x00, 
	0x00, 0x00, 0x00, 0x00, 0x00, 0x00, 0x00, 0x00, 0x00, 0x02, 0x00, 0x00, 0x00, 0x04, 0x00, 0xC0, 
	0x00, 0x00, 0x01, 0x00, 0x00, 0x00, 0x00, 0x00, 0x00, 0x00, 0x00, 0x00, 0x00, 0x00, 0x00, 0x00, 
	0x00, 0x00, 0x00, 0x00, 0x00, 0x00, 0x00, 0x00, 0x00, 0x00, 0x00, 0x00, 0x00, 0x00, 0x00, 0x00, 
	0x00, 0x00, 0x00, 0x00, 0x00, 0x00, 0x00, 0x00, 0x00, 0x00, 0x00, 0x00, 0x00, 0x00, 0x00, 0x00, 
	0x00, 0x00, 0x00, 0x00, 0x00, 0x00, 0x00, 0x20, 0x00, 0x00, 0x00, 0x00, 0x00, 0x00, 0x80, 0x00, 
	0x00, 0x00, 0x00, 0x00, 0x00, 0x00, 0x00, 0x00, 0x00, 0x00, 0x00, 0x00, 0x00, 0x00, 0x00, 0x00, 
	0x08, 0x00, 0x00, 0x00, 0x00, 0x02, 0x00, 0x00, 0x00, 0x00, 0x00, 0x00, 0x08, 0x00, 0x00, 0x00, 
	0x00, 0x00, 0x00, 0x20, 0x00, 0x00, 0x00, 0x18, 0x00, 0x00, 0x80, 0x00, 0x00, 0x00, 0x00, 0x00, 
	0x00, 0x00, 0x00, 0x00, 0x00, 0x00, 0x08, 0x00, 0x00, 0x00, 0x00, 0x08, 0x00, 0x00, 0x00, 0x00, 
	0x00, 0x00, 0x00, 0x00, 0x00, 0x00, 0x00, 0x00, 0x00, 0x00, 0x00, 0x00, 0x00, 0x00, 0x00, 0x00, 
	0x00, 0x80, 0x00, 0x08, 0x00, 0x00, 0x00, 0x00, 0x00, 0x00, 0x00, 0x00, 0x00, 0x00, 0x00, 0x00, 
	0x00, 0x00, 0x00, 0x04, 0x00, 0x00, 0x00, 0x00, 0x01, 0x00, 0x00, 0x00, 0x00, 0x80, 0x00, 0x00, 
	0x00, 0x00, 0x10, 0x00, 0x00, 0x00, 0x00, 0x00, 0x00, 0x00, 0x02, 0x00, 0x00, 0x00, 0x00, 0x00, 
	0x00, 0x02, 0x00, 0x40, 0x00, 0x00, 0x00, 0x00, 0x00, 0x00, 0x00, 0x00, 0x00, 0x00, 0x00, 0x24, 
	0x00, 0x00, 0x03, 0x40, 0x04, 0x00, 0x90, 0x00, 0x00, 0x00, 0x00, 0x10, 0x03, 0x84, 0x20, 0x00, 
	0x00, 0x00, 0x00, 0x00, 0x10, 0x00, 0x00, 0xC0, 0x00, 0x00, 0x02, 0x00, 0x02, 0x80, 0x00, 0x00, 
	0x00, 0x00, 0x00, 0x00, 0x00, 0x00, 0x00, 0x00, 0x00, 0x0E, 0x00, 0x00, 0x20, 0x08, 0x00, 0x00, 
	0x00, 0x01, 0x40, 0x00, 0x20, 0x00, 0x04, 0x03, 0x00, 0x00, 0x00, 0x00, 0x00, 0x00, 0x00, 0x00, 
	0x08, 0x00, 0x00, 0x00, 0x00, 0x00, 0x00, 0x27, 0xC0, 0x00, 0x00, 0x00, 0x00, 0x01, 0x00, 0x00, 
	0x00, 0x00, 0x30, 0x00, 0x00, 0x00, 0x00, 0x01, 0xAC, 0xA0, 0x0E, 0x00, 0x00, 0x00, 0x10, 0x03, 
	0x04, 0x00, 0x05, 0x80, 0x01, 0x48, 0xD0, 0x00, 0xD0, 0x00, 0x00, 0x00, 0x00, 0x00, 0x00, 0x00, 
	0x1C, 0x74, 0x00, 0x00, 0x00, 0x00, 0x00, 0x70, 0x00, 0x00, 0x00, 0x00, 0x4C, 0x00, 0x00, 0x02, 
	0x00, 0x15, 0x69, 0x00, 0xE0, 0x00, 0x00, 0x00, 0x00, 0x00, 0xC0, 0x00, 0x28, 0x00, 0x14, 0xAE, 
	0xC7, 0x01, 0x00, 0x00, 0x00, 0x00, 0x00, 0x00, 0x00, 0x00, 0x00, 0x00, 0x00, 0x00, 0x04, 0x00, 
	0xF0, 0x00, 0x00, 0x00, 0x20, 0x64, 0x03, 0x00, 0x00, 0x03, 0x00, 0x05, 0xAF, 0x00, 0x00, 0x00, 
	0x00, 0x00, 0x00, 0x00, 0x02, 0x00, 0x04, 0x48, 0x00, 0x6F, 0x00, 0x98, 0x00, 0x00, 0x00, 0x00, 
	0x00, 0x00, 0x00, 0x00, 0x01, 0x00, 0x00, 0x18, 0x00, 0x00, 0x00, 0x00, 0x00, 0x00, 0x02, 0xC0, 
	0x04, 0x00, 0x00, 0x02, 0x06, 0x0D, 0x00, 0x05, 0xC0, 0x00, 0x00, 0x00, 0x00, 0x00, 0x00, 0x00, 
	0xC0, 0x88, 0x2D, 0x90, 0x08, 0x40, 0x00, 0x00, 0x00, 0x00, 0x02, 0x00, 0x00, 0x00, 0x00, 0x00, 
	0x00, 0x00, 0x00, 0x00, 0x0E, 0x00, 0x00, 0x00, 0x3C, 0x40, 0x08, 0x00, 0x80, 0x00, 0x34, 0x07, 
	0x08, 0xA0, 0x00, 0x00, 0x20, 0x04, 0x14, 0x2C, 0x40, 0x04, 0x48, 0xF0, 0x6D, 0xB0, 0x00, 0x00, 
	0x00, 0x00, 0x00, 0x02, 0x00, 0x03, 0x8C, 0x00, 0x00, 0x00, 0x00, 0x00, 0x00, 0x00, 0x10, 0x00, 
	0x00, 0x00, 0x04, 0x01, 0x00, 0x00, 0x09, 0x00, 0x00, 0x00, 0x04, 0x00, 0x00, 0x20, 0x00, 0x7A, 
	0x40, 0x00, 0x40, 0x41, 0x8F, 0xBF, 0x85, 0x80, 0x00, 0x00, 0x00, 0x00, 0x00, 0x00, 0x00, 0x00, 
	0x00, 0x00, 0x00, 0x00, 0x00, 0x00, 0x00, 0x00, 0x80, 0x00, 0x00, 0x20, 0x04, 0x00, 0x00, 0x00, 
	0x00, 0x00, 0x00, 0x0A, 0x00, 0x02, 0x00, 0x24, 0xF6, 0x80, 0x24, 0x00, 0x00, 0x30, 0x14, 0x3E, 
	0x59, 0x00, 0x00, 0x00, 0x00, 0x00, 0x00, 0x00, 0x00, 0x00, 0x00, 0x00, 0x00, 0x00, 0x00, 0x00, 
	0x00, 0x00, 0x00, 0x00, 0x00, 0x04, 0x68, 0x00, 0x00, 0x00, 0x00, 0x00, 0x01, 0xE0, 0x00, 0x00, 
	0x01, 0xA7, 0xBC, 0x00, 0x40, 0x00, 0x00, 0x29, 0x5D, 0x89, 0x8E, 0x00, 0x00, 0x00, 0x00, 0x00, 
	0x00, 0x09, 0x00, 0x00, 0x00, 0x03, 0x02, 0x00, 0x00, 0x00, 0x00, 0x00, 0x0C, 0x00, 0x2E, 0xC0, 
	0x00, 0x72, 0x00, 0x01, 0x40, 0xD0, 0x00, 0x20, 0x08, 0x00, 0x00, 0x00, 0x00, 0x00, 0x00, 0xA0, 
	0x00, 0x00, 0x00, 0x00, 0x00, 0x00, 0x80, 0x00, 0x00, 0x02, 0x40, 0x00, 0x0E, 0x00, 0x00, 0x30, 
	0x08, 0x20, 0x60, 0x00, 0x00, 0x00, 0xC0, 0x00, 0x64, 0x00, 0x01, 0x30, 0x00, 0x01, 0x78, 0x38, 
	0x04, 0x40, 0x80, 0x00, 0x00, 0x00, 0x07, 0x80, 0x0B, 0x00, 0x00, 0x00, 0x00, 0x00, 0x00, 0x08, 
	0x00, 0x00, 0x00, 0x01, 0x00, 0x24, 0x00, 0x00, 0x15, 0x00, 0x00, 0x00, 0x00, 0x10, 0x00, 0x10, 
	0x0D, 0x36, 0x42, 0xC0, 0x01, 0x00, 0x08, 0x00, 0x00, 0x10, 0x00, 0x14, 0x00, 0x00, 0x10, 0x00, 
	0x00, 0x00, 0x50, 0x02, 0x94, 0x0B, 0x90, 0x80, 0x00, 0x40, 0x00, 0x00, 0x02, 0x00, 0x00, 0x00, 
	0x00, 0x00, 0x50, 0x00, 0x00, 0x00, 0x01, 0xE0, 0x01, 0x48, 0x06, 0x0E, 0x04, 0x08, 0x58, 0x08, 
	0x00, 0x0C, 0x01, 0xE0, 0x01, 0x40, 0x24, 0x08, 0x00, 0x03, 0x80, 0x04, 0x00, 0x16, 0x80, 0x18, 
	0x19, 0x00, 0x14, 0x00, 0x00, 0x00, 0x00, 0x00, 0x81, 0xE0, 0x00, 0x00, 0x00, 0x00, 0x00, 0x00, 
	0x00, 0x00, 0x00, 0x0F, 0x24, 0x24, 0x10, 0x00, 0x40, 0x14, 0xAC, 0xD7, 0x80, 0x00, 0x00, 0x80, 
	0x00, 0x08, 0x00, 0x00, 0x00, 0x00, 0x00, 0x40, 0x0B, 0x50, 0x00, 0x00, 0x00, 0x00, 0x00, 0x12, 
	0x08, 0x30, 0x0E, 0x00, 0x00, 0x00, 0x00, 0x00, 0x00, 0x00, 0x00, 0x00, 0x00, 0x80, 0x4E, 0x7A, 
	0x88, 0x00, 0x02, 0x85, 0xC1, 0xB9, 0xA0, 0x00, 0x00, 0x20, 0x83, 0x00, 0x00, 0x00, 0x00, 0x00, 
	0x00, 0x00, 0x10, 0x00, 0x00, 0x00, 0x00, 0x00, 0x00, 0x03, 0x01, 0x00, 0x04, 0x00, 0x00, 0x00, 
	0x00, 0x00, 0x00, 0x18, 0x00, 0x48, 0x00, 0x2C, 0x07, 0x00, 0x12, 0x01, 0x10, 0xB5, 0x0D, 0x08, 
	0x01, 0x03, 0x98, 0x3C, 0xB0, 0x14, 0x20, 0x00, 0x20, 0x00, 0x05, 0x70, 0x00, 0x9A, 0x00, 0xC4, 
	0x00, 0x00, 0x00, 0x30, 0x18, 0x00, 0x60, 0x00, 0x00, 0x00, 0x00, 0x00, 0x01, 0xC0, 0x00, 0x80, 
	0x00, 0x40, 0x7C, 0x00, 0x20, 0x01, 0x0A, 0x0E, 0x00, 0x00, 0x08, 0x08, 0x63, 0xC8, 0x02, 0x06, 
	0x02, 0x02, 0x00, 0x00, 0x46, 0xC1, 0x1C, 0x00, 0x0C, 0x80, 0x24, 0x00, 0x4E, 0x75, 0x60, 0x04, 
	0x10, 0x00, 0x80, 0x00, 0x36, 0xA0, 0x08, 0x00, 0x00, 0x00, 0x2C, 0x00, 0x04, 0x10, 0x00, 0x00, 
	0x02, 0x00, 0x88, 0xA0, 0x40, 0x00, 0x00, 0x02, 0x40, 0x01, 0x00, 0x00, 0x20, 0x77, 0xEA, 0x30, 
	0x00, 0x00, 0x00, 0x00, 0x40, 0x06, 0x47, 0x57, 0x40, 0x7A, 0x80, 0x00, 0x02, 0x00, 0x7F, 0x01, 
	0xE0, 0x14, 0x00, 0x00, 0x4E, 0x20, 0x70, 0x00, 0x08, 0x20, 0xC0, 0x50, 0x84, 0x00, 0x00, 0x00, 
	0x57, 0xE4, 0x02, 0x28, 0x00, 0x00, 0x17, 0x97, 0xE9, 0x00, 0x00, 0x00, 0x08, 0x00, 0x00, 0x00, 
	0x00, 0x00, 0x20, 0x00, 0x00, 0x84, 0x01, 0x43, 0x00, 0x00, 0x00, 0x02, 0x00, 0x78, 0x03, 0x80, 
	0x00, 0x80, 0x04, 0x00, 0xA0, 0x8B, 0x19, 0x40, 0x00, 0x0B, 0x16, 0x80, 0x68, 0x01, 0x00, 0x41, 
	0x68, 0x1F, 0x01, 0x88, 0x08, 0x04, 0xC0, 0x00, 0x00, 0x00, 0x00, 0x06, 0x01, 0x00, 0x00, 0x10, 
	0x15, 0x6C, 0x00, 0x00, 0x14, 0x00, 0x06, 0x4E, 0x74, 0x60, 0x00, 0x08, 0x00, 0x00, 0x50, 0x10, 
	0x08, 0x00, 0x00, 0x13, 0xA4, 0x66, 0x41, 0x20, 0x00, 0x00, 0x01, 0xE0, 0x0F, 0x49, 0x40, 0x00, 
	0x02, 0x00, 0x08, 0xBD, 0x60, 0x00, 0x00, 0x00, 0x00, 0x00, 0x00, 0x01, 0x00, 0x00, 0x00, 0x00, 
	0x32, 0xE0, 0x00, 0x00, 0x02, 0x09, 0x14, 0x00, 0x80, 0x00, 0x00, 0x00, 0x20, 0x00, 0x00, 0x00, 
	0x00, 0x0A, 0x4B, 0x9F, 0x4C, 0x10, 0x08, 0x00, 0x00, 0x00, 0x00, 0x06, 0xAF, 0xDF, 0x00, 0x78, 
	0x00, 0x00, 0x00, 0x00, 0x00, 0x80, 0x01, 0xC0, 0x00, 0x00, 0x6E, 0x00, 0x70, 0x00, 0x10, 0x90, 
	0x08, 0x38, 0x00, 0x00, 0x00, 0x00, 0x00, 0x70, 0x42, 0x00, 0x00, 0x01, 0xB6, 0xE0, 0x15, 0x80, 
	0x40, 0x00, 0x00, 0x00, 0x00, 0x89, 0xAB, 0x24, 0x02, 0xC0, 0x00, 0x00, 0x00, 0x00, 0x00, 0xB0, 
	0x20, 0x40, 0x00, 0x36, 0xE0, 0x00, 0x10, 0x00, 0x20, 0x2E, 0x95, 0x0A, 0x10, 0x02, 0x08, 0x81, 
	0x33, 0x40, 0x6C, 0x00, 0x00, 0x22, 0x05, 0x4D, 0xD1, 0x90, 0x00, 0x00, 0x00, 0x30, 0x02, 0xA6, 
	0x9A, 0x46, 0x00, 0x00, 0x00, 0x00, 0x00, 0x00, 0x78, 0x81, 0x88, 0x00, 0x00, 0x2E, 0x00, 0xA2, 
	0x00, 0x12, 0x17, 0x58, 0xF8, 0x1A, 0x00, 0x00, 0x00, 0x00, 0x68, 0x06, 0x05, 0x00, 0x00, 0x10, 
	0xA0, 0x05, 0x9D, 0x00, 0x00, 0x08, 0x00, 0x00, 0x8A, 0x41, 0xEF, 0x46, 0x80, 0x02, 0x00, 0x00, 
	0x16, 0xB0, 0x10, 0x00, 0x00, 0x00, 0x34, 0x00, 0x00, 0x02, 0x40, 0x01, 0x0C, 0xB0, 0x9E, 0x00, 
	0x08, 0x00, 0x24, 0x17, 0x80, 0x01, 0x00, 0x00, 0x00, 0x64, 0x4A, 0x01, 0xF0, 0x00, 0xC4, 0x00, 
	0x00, 0x02, 0xA8, 0x3A, 0xC0, 0x28, 0x00, 0x28, 0x02, 0x00, 0x7E, 0x39, 0xC0, 0x00, 0x00, 0x00, 
	0x00, 0x00, 0x00, 0x20, 0x01, 0x63, 0xDB, 0x39, 0xC0, 0x80, 0x88, 0x05, 0xA0, 0x7C, 0x00, 0x28, 
	0x00, 0x00, 0x09, 0x6E, 0x93, 0x1E, 0x00, 0x08, 0x80, 0x00, 0x01, 0x09, 0xAB, 0x20, 0x26, 0x80, 
	0x05, 0x00, 0x00, 0x00, 0x00, 0x0C, 0x00, 0x14, 0x03, 0x37, 0xC2, 0x44, 0x04, 0x00, 0x00, 0x02, 
	0x07, 0x08, 0x20, 0x10, 0x00, 0x00, 0xB0, 0x34, 0x3E, 0x50, 0x50, 0x48, 0x80, 0x10, 0x70, 0xB0, 
	0x00, 0x40, 0x80, 0x00, 0x02, 0xA6, 0x9A, 0x54, 0x70, 0x00, 0x50, 0x00, 0x00, 0x00, 0x78, 0x10, 
	0x01, 0x42, 0x83, 0xE0, 0x01, 0x00, 0x40, 0x18, 0x20, 0x60, 0x00, 0x14, 0x41, 0x00, 0x04, 0x08, 
	0x00, 0x03, 0xD0, 0x05, 0x00, 0x80, 0x01, 0xAF, 0x80, 0x00, 0x14, 0x00, 0x26, 0x00, 0x05, 0xA0, 
	0x7B, 0xC2, 0x80, 0x00, 0x25, 0x81, 0x40, 0xE0, 0x00, 0x00, 0x00, 0x0F, 0x3A, 0xC3, 0x08, 0x20, 
	0x20, 0x00, 0x01, 0xEF, 0x8A, 0x00, 0x00, 0x00, 0x20, 0x04, 0x2C, 0x67, 0xC0, 0x00, 0x02, 0x06, 
	0x50, 0x30, 0x00, 0x00, 0x04, 0x00, 0x40, 0x06, 0xAF, 0x37, 0x60, 0x28, 0x04, 0x00, 0x58, 0x29, 
	0xC1, 0x00, 0x00, 0x00, 0x00, 0x00, 0x60, 0x05, 0x05, 0x00, 0x10, 0x15, 0xFE, 0x70, 0xB0, 0x00, 
	0x00, 0x00, 0x00, 0x72, 0x07, 0xF8, 0x00, 0x00, 0x20, 0x41, 0x88, 0x0E, 0x04, 0x00, 0x00, 0x00, 
	0x00, 0x21, 0x00, 0x26, 0xC0, 0x00, 0x03, 0x01, 0x09, 0x2C, 0xD9, 0x00, 0x80, 0x00, 0x00, 0x2C, 
	0x03, 0x80, 0x02, 0x06, 0x20, 0x3E, 0x09, 0x89, 0x00, 0x08, 0x12, 0x81, 0x10, 0x00, 0x28, 0x80, 
	0x30, 0x48, 0x00, 0x20, 0x18, 0x0E, 0x00, 0x84, 0x00, 0x00, 0x06, 0x00, 0x00, 0x20, 0x00, 0x44, 
	0x20, 0x00, 0x60, 0x01, 0x18, 0x04, 0x00, 0x00, 0x00, 0x00, 0x00, 0x00, 0x20, 0x02, 0x00, 0xFE, 
	0x98, 0xD0, 0x00, 0xC0, 0x28, 0x18, 0x20, 0x46, 0x97, 0x02, 0x00, 0x82, 0x0C, 0x01, 0x1E, 0x80, 
	0x0C, 0x80, 0x00, 0x00, 0x00, 0x00, 0x00, 0x00, 0x10, 0x00, 0x05, 0x28, 0x02, 0x00, 0x9A, 0x00, 
	0x00, 0x00, 0x2C, 0x03, 0x00, 0x00, 0x04, 0x88, 0x01, 0x09, 0x00, 0x08, 0x00, 0x00, 0xB8, 0x1A, 
	0x00, 0x68, 0x10, 0x00, 0x02, 0xB7, 0xFD, 0x70, 0x81, 0x08, 0x00, 0x00, 0x00, 0x00, 0x00, 0x00, 
	0x00, 0x00, 0x80, 0x00, 0x02, 0x80, 0xC8, 0x79, 0xF0, 0x00, 0x00, 0x00, 0x00, 0x04, 0x00, 0x00, 
	0x08, 0x00, 0x08, 0x80, 0x00, 0x00, 0x01, 0x07, 0xA1, 0x3C, 0x67, 0xE8, 0x00, 0x00, 0x07, 0x7D, 
	0xF8, 0x0A, 0x1D, 0x40, 0x08, 0x00, 0x00, 0x00, 0x00, 0x00, 0x00, 0x00, 0x40, 0x00, 0x09, 0x5D, 
	0xC0, 0x0A, 0x00, 0x82, 0x00, 0x28, 0xC3, 0x44, 0x40, 0x02, 0x08, 0x1E, 0xFD, 0x0F, 0x00, 0x01, 
	0x02, 0x00, 0x02, 0x40, 0x36, 0x00, 0x00, 0x01, 0x3A, 0x4A, 0x98, 0x84, 0x14, 0x04, 0x00, 0x00, 
	0x00, 0x00, 0x00, 0x00, 0x00, 0x02, 0x02, 0x02, 0x84, 0xFE, 0x58, 0x10, 0x00, 0x00, 0x02, 0xA0, 
	0x04, 0x02, 0x02, 0x10, 0x43, 0xE1, 0x80, 0x00, 0x08, 0x00, 0x2A, 0x50, 0x24, 0x02, 0x50, 0x00, 
	0x00, 0x23, 0x46, 0x0F, 0x00, 0xA0, 0x80, 0x00, 0x02, 0x00, 0x20, 0x00, 0x00, 0x00, 0x00, 0x00, 
	0x01, 0x08, 0x01, 0x00, 0x0A, 0x00, 0x80, 0x00, 0x20, 0x03, 0x80, 0x20, 0x02, 0x84, 0x00, 0x87, 
	0x99, 0x00, 0x00, 0x00, 0xB0, 0x72, 0x80, 0x2E, 0x60, 0x00, 0x00, 0x14, 0x2A, 0x10, 0xF4, 0x14, 
	0x00, 0x00, 0x00, 0x06, 0x08, 0x18, 0x00, 0x00, 0x00, 0x00, 0x08, 0x00, 0x1E, 0x59, 0xB0, 0x14, 
	0x00, 0x00, 0x00, 0x24, 0x00, 0x00, 0x08, 0x00, 0x01, 0xD1, 0x90, 0x00, 0x10, 0x07, 0x0F, 0x80, 
	0x00, 0x10, 0x00, 0x00, 0x02, 0x94, 0x11, 0x80, 0x81, 0x00, 0x00, 0x00, 0x00, 0xA1, 0x00, 0x3C, 
	0x00, 0x00, 0x00, 0x02, 0x00, 0x14, 0x00, 0x0E, 0x00, 0x40, 0x00, 0x38, 0x00, 0x01, 0x40, 0x00, 
	0x1D, 0x15, 0xD0, 0x10, 0x00, 0x00, 0x00, 0x00, 0x00, 0x00, 0x62, 0x80, 0x00, 0x01, 0x62, 0xD8, 
	0x00, 0x00, 0x00, 0x00, 0x00, 0x30, 0x02, 0x00, 0x00, 0x54, 0x38, 0x00, 0x00, 0x09, 0x00, 0x00, 
	0x00, 0x00, 0x88, 0x00, 0x00, 0x1E, 0x70, 0x00, 0x00, 0x21, 0xE9, 0x6A, 0x00, 0xE1, 0xC0, 0x00, 
	0x00, 0x83, 0x00, 0x47, 0x10, 0x00, 0x00, 0x06, 0xAD, 0xB5, 0x8C, 0x00, 0x00, 0x0C, 0x00, 0x00, 
	0x00, 0x00, 0x00, 0x22, 0x83, 0x03, 0x00, 0x00, 0x00, 0x00, 0x09, 0x00, 0x0C, 0x00, 0x30, 0x43, 
	0x00, 0x02, 0x20, 0x88, 0x00, 0x00, 0x8A, 0x80, 0x08, 0x02, 0xC0, 0x72, 0x40, 0x28, 0x30, 0x30, 
	0x00, 0x00, 0x00, 0x58, 0xC0, 0x00, 0x84, 0x00, 0x00, 0x00, 0x00, 0x00, 0x0E, 0x00, 0x00, 0x20, 
	0x00, 0x00, 0x00, 0x00, 0x10, 0x00, 0xC0, 0x00, 0x4E, 0x74, 0x00, 0x28, 0x08, 0x00, 0x08, 0x71, 
	0xC4, 0x00, 0xE0, 0x24, 0x0D, 0x20, 0x02, 0x84, 0x03, 0x00, 0x00, 0x00, 0x0F, 0x81, 0x80, 0x08, 
	0x80, 0x20, 0x08, 0x22, 0x00, 0x40, 0x04, 0x00, 0x04, 0x00, 0x30, 0x94, 0xD0, 0x00, 0x00, 0x96, 
	0x07, 0x70, 0x03, 0x00, 0x44, 0x04, 0x06, 0x3D, 0xE0, 0x0A, 0x00, 0x14, 0x02, 0x05, 0x08, 0x02, 
	0x3A, 0x80, 0x50, 0x00, 0x82, 0x6E, 0x19, 0xF0, 0x01, 0x40, 0x00, 0x40, 0x02, 0x00, 0x06, 0x80, 
	0x70, 0x00, 0x40, 0x03, 0x0E, 0xED, 0x00, 0x01, 0x41, 0x40, 0x86, 0x80, 0x04, 0x18, 0x52, 0x00, 
	0x02, 0x1F, 0x01, 0x80, 0x01, 0x20, 0x20, 0x55, 0xA0, 0xE7, 0xD0, 0x05, 0x00, 0x06, 0x34, 0x8D, 
	0x1F, 0x00, 0x14, 0x00, 0x02, 0x00, 0x22, 0x00, 0x00, 0x03, 0xC0, 0x50, 0x01, 0x00, 0x02, 0x00, 
	0x80, 0x00, 0x00, 0x05, 0x35, 0xC3, 0x40, 0x00, 0x22, 0x00, 0x4C, 0x00, 0x00, 0x94, 0x00, 0x00, 
	0x40, 0xF3, 0x3E, 0x26, 0x80, 0x00, 0x20, 0x06, 0x6E, 0x70, 0xE0, 0x10, 0x04, 0x06, 0x00, 0x06, 
	0x00, 0x02, 0x94, 0x00, 0x00, 0x00, 0x08, 0x20, 0x40, 0x19, 0x80, 0x00, 0x00, 0x80, 0x40, 0x04, 
	0x08, 0x08, 0x10, 0x04, 0xD8, 0x50, 0xAC, 0x00, 0x10, 0x40, 0x0B, 0xED, 0xC2, 0xD0, 0x00, 0x00, 
	0x00, 0x2C, 0x9F, 0x0B, 0x00, 0x00, 0x00, 0x00, 0x01, 0xC0, 0x09, 0x00, 0x00, 0x10, 0x14, 0x00, 
	0x00, 0x00, 0x00, 0x00, 0xA0, 0x10, 0x00, 0x30, 0x04, 0x01, 0x27, 0x03, 0x08, 0x00, 0x00, 0x00, 
	0xE0, 0x90, 0x00, 0x10, 0x03, 0x00, 0x01, 0x10, 0x44, 0x00, 0x01, 0xC0, 0x71, 0xE8, 0x03, 0x04, 
	0x00, 0x00, 0x82, 0x40, 0x80, 0x00, 0x00, 0x42, 0x40, 0x00, 0x00, 0x00, 0x00, 0x01, 0x00, 0x00, 
	0x00, 0x00, 0x60, 0x84, 0x22, 0x08, 0x00, 0x0C, 0x10, 0x09, 0x14, 0x00, 0x20, 0x00, 0x00, 0x00, 
	0x00, 0x00, 0x00, 0x90, 0x20, 0x00, 0x19, 0x40, 0x00, 0x80, 0x00, 0x00, 0x00, 0x00, 0x00, 0x20, 
	0x00, 0x04, 0x00, 0x00, 0x00, 0x00, 0x00, 0x00, 0x10, 0x00, 0x2C, 0x00, 0x00, 0x04, 0x80, 0x04, 
	0x00, 0x90, 0x10, 0x41, 0x10, 0x00, 0x20, 0x00, 0x02, 0x40, 0x02, 0x44, 0x22, 0x9F, 0x6D, 0x50, 
	0xC4, 0x01, 0x00, 0x00, 0x00, 0x00, 0x00, 0x00, 0x0E, 0x00, 0x00, 0x00, 0x00, 0x00, 0x00, 0x00, 
	0x00, 0x00, 0x00, 0x00, 0x40, 0x00, 0x00, 0x00, 0x08, 0x00, 0x00, 0x00, 0xE3, 0x80, 0x00, 0x20, 
	0x00, 0x20, 0xC7, 0x80, 0x40, 0x00, 0xA8, 0x5E, 0xE8, 0x01, 0x00, 0x00, 0x0C, 0x00, 0x00, 0x00, 
	0x00, 0x00, 0x00, 0x29, 0x04, 0x00, 0x00, 0x00, 0x00, 0x00, 0x20, 0x11, 0x00, 0x24, 0xC0, 0x01, 
	0x04, 0x00, 0x3D, 0x25, 0xB0, 0x00, 0x00, 0x10, 0x00, 0x18, 0xB2, 0x40, 0x03, 0x04, 0x40, 0x00, 
	0x02, 0xCF, 0x71, 0xB0, 0x01, 0x04, 0x80, 0x00, 0x00, 0x00, 0x00, 0x00, 0x00, 0x02, 0x00, 0x00, 
	0x00, 0x00, 0x00, 0x04, 0xC8, 0x00, 0x06, 0x60, 0x00, 0x00, 0x42, 0x03, 0xF1, 0xDF, 0x00, 0x00, 
	0x00, 0x00, 0x05, 0xA0, 0x68, 0xE0, 0x20, 0x20, 0x00, 0x02, 0x1E, 0xC8, 0x0A, 0x00, 0x00, 0x00, 
	0x02, 0x00, 0x00, 0x00, 0x00, 0x00, 0x00, 0x04, 0x00, 0x00, 0x00, 0x00, 0x00, 0x00, 0x10, 0x00, 
	0x28, 0x00, 0x00, 0x04, 0x00, 0x08, 0x01, 0x00, 0x88, 0x00, 0x10, 0x00, 0x00, 0xD0, 0x02, 0x40, 
	0x00, 0x40, 0x00, 0x01, 0xFC, 0x78, 0x90, 0x43, 0x00, 0x00, 0x00, 0x00, 0x00, 0x00, 0x00, 0x00, 
	0x00, 0x00, 0x00, 0x00, 0x00, 0x00, 0x08, 0x00, 0x00, 0x00, 0x00, 0x20, 0x00, 0x0A, 0x08, 0x00, 
	0x0C, 0x10, 0x00, 0x00, 0x00, 0x24, 0x00, 0x01, 0x67, 0x08, 0x10, 0x01, 0x02, 0x2C, 0xE1, 0x81, 
	0xA0, 0x00, 0x00, 0xC0, 0x08, 0xC0, 0x09, 0x00, 0x00, 0x10, 0x24, 0x00, 0x00, 0x00, 0x00, 0x00, 
	0x1C, 0x10, 0x00, 0x25, 0xC4, 0x11, 0x24, 0x20, 0x00, 0x04, 0x03, 0x00, 0x00, 0x10, 0x08, 0x82, 
	0x50, 0x02, 0x00, 0x00, 0x4C, 0x00, 0x83, 0xCD, 0x01, 0xF0, 0x01, 0x00, 0x0F, 0xA0, 0x02, 0x40, 
	0x00, 0x00, 0x00, 0x40, 0x00, 0x00, 0x00, 0x00, 0x00, 0x00, 0x00, 0x00, 0x00, 0x04, 0x78, 0x00, 
	0x00, 0x19, 0x00, 0x00, 0x80, 0x00, 0x00, 0x00, 0x08, 0x27, 0x61, 0xE6, 0x80, 0x00, 0x00, 0x00, 
	0x1E, 0xC0, 0x0F, 0xA0, 0x00, 0x00, 0x80, 0x00, 0x00, 0x00, 0x00, 0x00, 0x00, 0x07, 0x00, 0x00, 
	0x00, 0x00, 0x00, 0x00, 0x10, 0x00, 0x2C, 0x22, 0x00, 0x06, 0x00, 0x00, 0x00, 0x00, 0x8A, 0x34, 
	0xBC, 0x18, 0x20, 0x00, 0x02, 0x68, 0x70, 0x70, 0x00, 0x80, 0x00, 0xF0, 0xA9, 0x81, 0x80, 0x08, 
	0x00, 0x00, 0x00, 0x00, 0x00, 0x38, 0x00, 0x30, 0x00, 0x00, 0x00, 0x02, 0x00, 0x00, 0x00, 0x00, 
	0x0E, 0x70, 0x00, 0x20, 0x00, 0x00, 0x00, 0x39, 0xB0, 0x02, 0x80, 0x20, 0x00, 0x61, 0xE7, 0x40, 
	0x03, 0x00, 0x00, 0x00, 0xA3, 0x81, 0x40, 0x08, 0x00, 0x80, 0x00, 0x00, 0x00, 0x00, 0x00, 0x00, 
	0x05, 0x00, 0x00, 0x00, 0x00, 0x00, 0xA0, 0x00, 0x0D, 0x28, 0x03, 0xCD, 0x51, 0x00, 0x00, 0x24, 
	0x00, 0x90, 0x00, 0x12, 0x80, 0x00, 0xB0, 0x00, 0x30, 0x02, 0x50, 0x00, 0x30, 0xD8, 0x00, 0xE0, 
	0x00, 0x40, 0x08, 0x00, 0x00, 0x00, 0x00, 0x1C, 0x00, 0x20, 0x40, 0x00, 0x00, 0x00, 0x02, 0x04, 
	0x00, 0x08, 0x82, 0x0E, 0x05, 0x02, 0x50, 0x19, 0x02, 0x00, 0x78, 0xA0, 0x01, 0x30, 0x24, 0x08, 
	0x00, 0x07, 0xC0, 0x14, 0x00, 0x0F, 0x27, 0xD0, 0x0E, 0x20, 0x14, 0x00, 0x82, 0x01, 0x42, 0x00, 
	0x00, 0x00, 0x00, 0x04, 0x00, 0x00, 0x00, 0x00, 0x00, 0x00, 0x10, 0x0B, 0x39, 0xE3, 0xC0, 0x04, 
	0x04, 0x20, 0x14, 0x09, 0x98, 0x40, 0x92, 0x0C, 0x00, 0xD0, 0x00, 0x40, 0x00, 0xC0, 0x00, 0x01, 
	0x5C, 0x30, 0x00, 0x15, 0x00, 0x08, 0x01, 0x02, 0x00, 0x02, 0x0E, 0x70, 0x00, 0x20, 0x00, 0x00, 
	0x00, 0x00, 0x00, 0x00, 0x80, 0x80, 0x56, 0x04, 0x00, 0x20, 0x12, 0x01, 0x58, 0x79, 0xE8, 0x04, 
	0x90, 0x24, 0x08, 0x01, 0x63, 0x88, 0x02, 0x00, 0x28, 0x76, 0xB8, 0x00, 0x10, 0x88, 0x00, 0x00, 
	0x00, 0x01, 0x00, 0x20, 0x00, 0x00, 0x04, 0x00, 0x00, 0x00, 0x00, 0x00, 0x48, 0x18, 0x00, 0x2C, 
	0x00, 0x01, 0x23, 0x00, 0x3F, 0x2D, 0xB0, 0x19, 0x00, 0x98, 0x00, 0xA4, 0x73, 0x00, 0x6C, 0x10, 
	0x70, 0x08, 0x40, 0x0B, 0x00, 0x00, 0x01, 0x80, 0x00, 0x00, 0x02, 0x00, 0x00, 0x40, 0x00, 0x04, 
	0x00, 0x00, 0x00, 0x00, 0x00, 0x00, 0x00, 0x80, 0x00, 0x00, 0x00, 0x84, 0x20, 0x01, 0x61, 0x7C, 
	0x01, 0xA0, 0x10, 0xC0, 0x05, 0x8F, 0x84, 0x02, 0x00, 0x02, 0x01, 0x80, 0x00, 0x10, 0x08, 0x00, 
	0x0C, 0x80, 0x00, 0x00, 0x01, 0x00, 0x2C, 0x00, 0x02, 0x04, 0x00, 0x00, 0x00, 0x00, 0x00, 0x00, 
	0x10, 0x00, 0x3C, 0x03, 0x00, 0x00, 0x26, 0x08, 0x00, 0x00, 0x10, 0x14, 0x90, 0x00, 0x00, 0x00, 
	0x00, 0x00, 0x52, 0x40, 0x18, 0x01, 0xC0, 0x00, 0xF8, 0x09, 0x00, 0x00, 0x00, 0x02, 0x00, 0x00, 
	0x00, 0x00, 0x00, 0x00, 0x00, 0x00, 0x00, 0x00, 0x01, 0x40, 0x00, 0x00, 0x0E, 0x04, 0x00, 0x04, 
	0x08, 0x00, 0x0A, 0x71, 0xA0, 0x04, 0x00, 0x00, 0x00, 0x01, 0x60, 0x28, 0x10, 0x00, 0x90, 0x20, 
	0x00, 0x00, 0x40, 0x40, 0x00, 0x00, 0x00, 0x01, 0x00, 0x20, 0x00, 0x00, 0x04, 0x00, 0x00, 0x00, 
	0x00, 0x00, 0x00, 0x12, 0x00, 0x3B, 0xC0, 0x01, 0x00, 0x00, 0x00, 0x00, 0x0F, 0x1F, 0x00, 0x10, 
	0x00, 0x00, 0x00, 0x00, 0x69, 0x00, 0x48, 0x00, 0x61, 0xC8, 0x90, 0xD0, 0x01, 0x00, 0x00, 0x00, 
	0x02, 0x00, 0x00, 0x00, 0x00, 0x00, 0x00, 0x00, 0x00, 0x00, 0x00, 0x00, 0x00, 0x00, 0x06, 0x00, 
	0x00, 0x05, 0x00, 0x00, 0x21, 0xC0, 0x00, 0xA0, 0x00, 0x00, 0x00, 0x00, 0x00, 0x02, 0xC2, 0x00, 
	0x00, 0x09, 0x00, 0x01, 0x1F, 0x00, 0x00, 0x00, 0x00, 0x00, 0x00, 0x0D, 0x00, 0x02, 0x40, 0x04, 
	0x00, 0x00, 0x00, 0x00, 0x00, 0x00, 0x10, 0x00, 0x24, 0x07, 0x80, 0x00, 0x00, 0x01, 0x42, 0x07, 
	0x9B, 0xA0, 0x10, 0x00, 0x50, 0x0A, 0xB4, 0x02, 0x04, 0x48, 0x08, 0x80, 0x10, 0x00, 0x00, 0x81, 
	0x00, 0x00, 0x00, 0x02, 0x40, 0x80, 0x00, 0x04, 0x00, 0x00, 0x00, 0x00, 0x00, 0x00, 0x00, 0x00, 
	0x00, 0x00, 0x40, 0x24, 0x50, 0x00, 0x18, 0x15, 0x7A, 0x38, 0xA4, 0x00, 0x00, 0x0A, 0x01, 0x02, 
	0x00, 0x0C, 0x20, 0x00, 0x80, 0x01, 0xC0, 0x00, 0x81, 0x80, 0x00, 0x80, 0x00, 0x02, 0x00, 0x00, 
	0x00, 0x00, 0x04, 0x02, 0x82, 0x82, 0x00, 0x80, 0x38, 0x10, 0x00, 0x20, 0x04, 0x04, 0x00, 0x02, 
	0x28, 0x94, 0xE1, 0x9A, 0x14, 0x50, 0x00, 0x20, 0x04, 0x02, 0x40, 0x00, 0x40, 0x00, 0x09, 0x60, 
	0x71, 0xB1, 0x41, 0x00, 0x08, 0x00, 0x02, 0x00, 0x03, 0x1C, 0x00, 0x80, 0x00, 0x08, 0x28, 0x6A, 
	0x38, 0x04, 0x94, 0x00, 0x00, 0x1C, 0x70, 0x80, 0x00, 0x0A, 0x87, 0xF9, 0x39, 0xD1, 0x48, 0x20, 
	0x20, 0x00, 0x68, 0x67, 0x00, 0x00, 0x01, 0x00, 0x87, 0x87, 0x8A, 0x01, 0x00, 0x00, 0x80, 0x00, 
	0x00, 0x05, 0x00, 0x24, 0x00, 0x06, 0x00, 0x00, 0x00, 0x0F, 0x1F, 0x00, 0x18, 0x00, 0x2E, 0x60, 
	0x05, 0x03, 0x00, 0x29, 0x43, 0xBF, 0x0C, 0x40, 0x1A, 0x00, 0xDB, 0xF3, 0x00, 0x40, 0x00, 0x60, 
	0x00, 0x93, 0x4A, 0x08, 0xF0, 0x01, 0x80, 0x08, 0x00, 0x02, 0x40, 0x00, 0x0E, 0x70, 0x00, 0x20, 
	0x00, 0x00, 0x00, 0x81, 0xC0, 0x00, 0x80, 0x00, 0x4E, 0x38, 0x00, 0x20, 0x02, 0x81, 0x59, 0x80, 
	0x12, 0x00, 0xA0, 0x4E, 0x70, 0x04, 0x06, 0x2D, 0x13, 0x00, 0x16, 0x81, 0x95, 0x08, 0x00, 0x08, 
	0x80, 0x80, 0x00, 0x00, 0x00, 0x00, 0x20, 0x00, 0x04, 0x20, 0x02, 0x36, 0xA7, 0x0C, 0x00, 0x04, 
	0x09, 0x72, 0xC3, 0xA8, 0x24, 0x00, 0x30, 0x4E, 0x80, 0x1A, 0x20, 0x10, 0x00, 0x00, 0x00, 0x00, 
	0x00, 0x00, 0x40, 0x03, 0xF0, 0xFA, 0x71, 0xF0, 0x01, 0x40, 0x08, 0x00, 0x00, 0x00, 0x00, 0x0E, 
	0x38, 0x00, 0x48, 0x00, 0x11, 0x60, 0x00, 0x10, 0x95, 0x48, 0x07, 0x20, 0x01, 0x0C, 0x50, 0x03, 
	0x0B, 0xC1, 0x59, 0xC4, 0x01, 0x00, 0x00, 0x00, 0x00, 0x00, 0x00, 0x04, 0x00, 0x16, 0x35, 0xD8, 
	0x1F, 0x14, 0x10, 0x00, 0x80, 0x00, 0x02, 0x00, 0x41, 0xC3, 0x40, 0x04, 0x00, 0x00, 0x00, 0x07, 
	0x00, 0x00, 0x50, 0x05, 0x26, 0xC4, 0x00, 0x00, 0x25, 0x10, 0xAC, 0xCB, 0x0E, 0x00, 0x10, 0x00, 
	0x00, 0x00, 0x00, 0x39, 0x44, 0x40, 0x28, 0x40, 0x0B, 0xD0, 0x00, 0x01, 0x00, 0x08, 0x00, 0x02, 
	0x00, 0x06, 0x00, 0x3C, 0x00, 0x20, 0x00, 0x00, 0x00, 0x80, 0x00, 0x08, 0x80, 0x00, 0x3C, 0x70, 
	0x08, 0x00, 0x00, 0x00, 0x0C, 0x80, 0x18, 0x00, 0x80, 0x00, 0x00, 0x01, 0x60, 0x48, 0x22, 0x00, 
	0x80, 0x00, 0x10, 0x0E, 0x40, 0x08, 0x00, 0x00, 0x00, 0x00, 0x00, 0x00, 0x00, 0x00, 0x03, 0xA0, 
	0x00, 0x02, 0x00, 0x00, 0x00, 0x00, 0x00, 0x34, 0x00, 0x10, 0x27, 0x80, 0x10, 0x25, 0x00, 0x00, 
	0x18, 0x08, 0x00, 0xBC, 0x7C, 0x3C, 0x20, 0x02, 0x00, 0x00, 0x00, 0xC0, 0x50, 0x00, 0x14, 0x00, 
	0x00, 0x00, 0x00, 0x00, 0x00, 0x00, 0x00, 0x00, 0x20, 0x08, 0x20, 0xE0, 0x50, 0xA0, 0x00, 0x00, 
	0x00, 0x40, 0x72, 0x01, 0x30, 0x01, 0x00, 0x78, 0x01, 0x80, 0x00, 0xC0, 0x2B, 0xCB, 0xA2, 0xE0, 
	0x03, 0x50, 0x00, 0x90, 0x20, 0x08, 0x00, 0x14, 0x80, 0x80, 0x00, 0x00, 0x00, 0x00, 0x00, 0x02, 
	0x00, 0x00, 0x05, 0x00, 0x0C, 0x05, 0x0B, 0x00, 0x00, 0x00, 0x30, 0x00, 0x00, 0x24, 0x00, 0x26, 
	0x54, 0x9D, 0x80, 0x00, 0x00, 0x00, 0xAD, 0xB3, 0x54, 0x7E, 0x05, 0x00, 0x00, 0x80, 0x10, 0x50, 
	0x00, 0x00, 0x00, 0x00, 0x00, 0x00, 0x00, 0x00, 0x00, 0x04, 0x00, 0x08, 0x09, 0x02, 0x00, 0x00, 
	0x18, 0x00, 0x00, 0x00, 0x00, 0x00, 0x00, 0x04, 0x02, 0x96, 0x1C, 0x50, 0xC1, 0x88, 0x00, 0x25, 
	0xED, 0x80, 0x02, 0x86, 0x20, 0x00, 0x80, 0x01, 0xCD, 0x9E, 0x10, 0x00, 0x00, 0x00, 0x00, 0x00, 
	0x00, 0x00, 0x00, 0x00, 0x00, 0x02, 0x04, 0x00, 0xD5, 0x0A, 0x01, 0x40, 0x80, 0x73, 0xC0, 0x06, 
	0x24, 0x06, 0x84, 0x00, 0xD0, 0x1F, 0x00, 0x00, 0x00, 0x7E, 0xB7, 0xAC, 0x00, 0x30, 0x00, 0x00, 
	0x80, 0x00, 0x00, 0xA3, 0x88, 0x00, 0x00, 0x00, 0x00, 0x00, 0x00, 0x00, 0x02, 0x80, 0x08, 0x08, 
	0x00, 0x00, 0x00, 0x00, 0x08, 0x00, 0x06, 0xC4, 0x20, 0x04, 0x02, 0x18, 0x00, 0x00, 0x01, 0xE0, 
	0x00, 0x00, 0x23, 0xC8, 0x73, 0x47, 0xA0, 0x00, 0x00, 0x80, 0x01, 0xC5, 0x9B, 0x01, 0x00, 0x00, 
	0x02, 0x00, 0x00, 0x00, 0x00, 0x00, 0x00, 0x00, 0x00, 0x00, 0x1C, 0x00, 0x0A, 0x00, 0x00, 0x00, 
	0x20, 0x02, 0x00, 0x04, 0x00, 0x20, 0x06, 0x97, 0x00, 0x99, 0x00, 0x00, 0xBD, 0x77, 0x74, 0x02, 
	0x84, 0x00, 0x00, 0x80, 0x10, 0x00, 0xA0, 0xC0, 0x00, 0x00, 0x00, 0x00, 0x00, 0x00, 0x00, 0x00, 
	0x00, 0x08, 0x09, 0x02, 0x00, 0x50, 0x00, 0x00, 0x00, 0x00, 0x00, 0x00, 0x00, 0x00, 0x01, 0x02, 
	0x41, 0xB8, 0x01, 0xC8, 0x00, 0x23, 0xC0, 0x2D, 0xE2, 0x90, 0x20, 0x00, 0x80, 0x01, 0xE0, 0x1B, 
	0x00, 0x00, 0x00, 0x00, 0x00, 0x00, 0x00, 0x00, 0x04, 0x00, 0x00, 0x02, 0x08, 0x00, 0x00, 0x00, 
	0x94, 0x00, 0x00, 0x2E, 0xE0, 0x08, 0x04, 0x04, 0x32, 0x84, 0xA0, 0x1F, 0x00, 0x00, 0x00, 0x3E, 
	0xFC, 0x02, 0x60, 0x00, 0x00, 0x00, 0x40, 0x0C, 0x00, 0x0B, 0x84, 0x00, 0x00, 0x30, 0x00, 0x00, 
	0x00, 0x00, 0x70, 0x00, 0x00, 0x18, 0x00, 0x0C, 0x00, 0x05, 0x94, 0x00, 0x00, 0x6E, 0x21, 0x00, 
	0x00, 0x03, 0x15, 0xE1, 0x01, 0xF8, 0x08, 0x00, 0x23, 0xE5, 0xF1, 0x63, 0x83, 0x00, 0x00, 0x80, 
	0x00, 0x00, 0x00, 0x58, 0x80, 0x00, 0x00, 0x00, 0x00, 0x00, 0x00, 0x00, 0x00, 0x00, 0x00, 0x00, 
	0x02, 0x00, 0x00, 0x00, 0x08, 0x00, 0x28, 0x20, 0x20, 0x07, 0x00, 0x00, 0x1E, 0xA0, 0x8E, 0x1C, 
	0x28, 0x00, 0xF1, 0x53, 0x7C, 0x02, 0x80, 0x30, 0x00, 0x00, 0x20, 0x00, 0x05, 0x80, 0x80, 0x00, 
	0x00, 0x00, 0x00, 0x00, 0x00, 0x38, 0x00, 0x00, 0x18, 0x21, 0xC0, 0x00, 0x00, 0x00, 0x80, 0x00, 
	0x5E, 0x00, 0x00, 0x20, 0x00, 0x04, 0x6A, 0x31, 0xF0, 0x02, 0xC0, 0x2F, 0x2B, 0x05, 0xE3, 0x86, 
	0x02, 0x00, 0x82, 0x1C, 0x00, 0x00, 0x00, 0x08, 0x80, 0x00, 0x00, 0x00, 0x00, 0x00, 0x00, 0x00, 
	0x0D, 0xA1, 0x00, 0x02, 0x00, 0x00, 0x01, 0x12, 0x09, 0x60, 0x07, 0x68, 0x01, 0x00, 0x3E, 0x82, 
	0xFD, 0x0B, 0x00, 0x10, 0x00, 0xD1, 0xFF, 0x00, 0x00, 0x06, 0x50, 0x00, 0x00, 0x00, 0x00, 0x0A, 
	0xC1, 0x40, 0x00, 0x00, 0x00, 0x00, 0x00, 0x00, 0x00, 0x02, 0x40, 0x08, 0x21, 0xE0, 0x00, 0x00, 
	0x89, 0x00, 0x07, 0x40, 0x77, 0x10, 0x50, 0x03, 0xD4, 0x60, 0x38, 0x00, 0xC1, 0x00, 0x2A, 0x1B, 
	0xFC, 0x00, 0x00, 0x14, 0x00, 0x82, 0x0C, 0x00, 0x00, 0x01, 0x14, 0x00, 0x02, 0x01, 0x0F, 0x00, 
	0x00, 0x00, 0x00, 0x00, 0x00, 0x00, 0x00, 0x0B, 0x0F, 0x00, 0x00, 0x09, 0x23, 0xE3, 0x80, 0x04, 
	0x02, 0x09, 0x34, 0xF7, 0x9E, 0x00, 0x00, 0x00, 0x0C, 0xBF, 0xDC, 0x02, 0x02, 0x00, 0x00, 0x40, 
	0x0F, 0x90, 0x00, 0xC0, 0x00, 0x00, 0x00, 0x02, 0xF0, 0x70, 0x00, 0x00, 0x00, 0x00, 0x00, 0x21, 
	0xC0, 0x80, 0x10, 0xC4, 0x00, 0x00, 0x76, 0x00, 0x01, 0x20, 0x00, 0x60, 0x00, 0xD1, 0xE0, 0x00, 
	0x00, 0x2A, 0xD9, 0x36, 0xC8, 0x10, 0x00, 0x00, 0x80, 0x00, 0x08, 0x00, 0x00, 0x00, 0x00, 0x00, 
	0x00, 0x00, 0x00, 0x00, 0x00, 0x00, 0x12, 0x80, 0x08, 0x01, 0x00, 0x00, 0x01, 0x40, 0x00, 0x24, 
	0x04, 0x00, 0x03, 0x64, 0x00, 0x00, 0x00, 0x08, 0x00, 0x08, 0x00, 0x40, 0xFC, 0x04, 0x68, 0x00, 
	0x34, 0x41, 0x68, 0x10, 0x00, 0xD4, 0x00, 0x80, 0x00, 0x00, 0x00, 0x00, 0x00, 0x00, 0x70, 0x00, 
	0x20, 0x08, 0x00, 0x0E, 0x00, 0x00, 0xDC, 0x00, 0x00, 0x0E, 0x3A, 0x00, 0x24, 0x28, 0x21, 0x40, 
	0x70, 0xE4, 0x00, 0xE0, 0x04, 0x0F, 0xEB, 0x42, 0x00, 0x02, 0x81, 0x96, 0x81, 0xE1, 0x81, 0x00, 
	0x08, 0x00, 0x00, 0x00, 0x00, 0x00, 0x00, 0x00, 0x00, 0x00, 0x80, 0x08, 0x01, 0x00, 0x00, 0x00, 
	0x80, 0x00, 0x2C, 0x20, 0x00, 0x00, 0x00, 0x00, 0x00, 0x00, 0x00, 0x00, 0x00, 0x00, 0x0A, 0x00, 
	0x00, 0x28, 0x52, 0x00, 0x03, 0xE8, 0x1F, 0x00, 0xB0, 0x00, 0x00, 0x00, 0x00, 0x00, 0x00, 0x00, 
	0x00, 0x00, 0x00, 0x00, 0x08, 0x00, 0x1C, 0x18, 0x80, 0x10, 0x00, 0x00, 0x4E, 0x00, 0x00, 0x00, 
	0x00, 0x21, 0x60, 0x00, 0x00, 0x00, 0x00, 0x00, 0xA5, 0x78, 0x00, 0x60, 0x10, 0x00, 0x14, 0x1D, 
	0xD7, 0x80, 0x00, 0x00, 0x00, 0x00, 0x00, 0x00, 0x00, 0x00, 0x00, 0x00, 0x00, 0x00, 0x00, 0x00, 
	0x00, 0x00, 0x00, 0x02, 0x00, 0x28, 0x00, 0x17, 0x40, 0x00, 0x10, 0xC4, 0xE0, 0x1E, 0x20, 0x00, 
	0x00, 0x4A, 0x72, 0x64, 0x24, 0x05, 0x00, 0x00, 0x15, 0xFC, 0x08, 0xD3, 0x42, 0x00, 0x00, 0x00, 
	0x00, 0x00, 0x00, 0x00, 0x00, 0x00, 0x00, 0x00, 0x00, 0x00, 0x18, 0x00, 0x00, 0x00, 0x06, 0x00, 
	0x00, 0x82, 0x00, 0x00, 0x0F, 0xED, 0x00, 0xF4, 0xC0, 0x00, 0x48, 0x55, 0x00, 0x02, 0xA8, 0x20, 
	0x00, 0x01, 0xAD, 0x85, 0x00, 0x00, 0x00, 0x00, 0x02, 0x00, 0x00, 0x00, 0x00, 0x40, 0x00, 0x00, 
	0x80, 0x00, 0x00, 0x01, 0x80, 0x0C, 0x00, 0x00, 0x28, 0x07, 0xC0, 0x00, 0x04, 0x09, 0x14, 0xD9, 
	0x0D, 0x00, 0x00, 0x02, 0x00, 0xB0, 0x14, 0x35, 0x32, 0x00, 0x00, 0x00, 0x00, 0x11, 0xE0, 0x00, 
	0x00, 0x00, 0x00, 0x00, 0x00, 0x00, 0x20, 0x00, 0x00, 0x00, 0x08, 0x20, 0xC0, 0xD9, 0x80, 0x00, 
	0x00, 0x00, 0x1C, 0x70, 0x00, 0x00, 0x00, 0x02, 0x1C, 0x80, 0x00, 0x00, 0x00, 0x64, 0x08, 0x00, 
	0x00, 0x60, 0x50, 0x00, 0x00, 0x00, 0x08, 0x08, 0x00, 0x00, 0x00, 0x00, 0x00, 0x00, 0x00, 0x00, 
	0x00, 0x00, 0x40, 0x80, 0x04, 0x00, 0xA1, 0x08, 0x00, 0x00, 0x00, 0x30, 0x44, 0x15, 0x10, 0x00, 
	0x00, 0x04, 0x00, 0x0B, 0x20, 0x00, 0x00, 0x58, 0x13, 0xC2, 0x7C, 0x05, 0x00, 0x02, 0x80, 0x00, 
	0x00, 0x00, 0x10, 0x00, 0x00, 0x30, 0x00, 0x00, 0x00, 0x00, 0x00, 0x02, 0x00, 0x08, 0x00, 0x01, 
	0x80, 0x10, 0x00, 0x00, 0x00, 0x0E, 0x38, 0x85, 0x00, 0x01, 0x00, 0x00, 0x01, 0x85, 0xC0, 0x08, 
	0x02, 0x4F, 0xF5, 0xE7, 0x00, 0x60, 0x00, 0x28, 0x0E, 0xC0, 0x20, 0x00, 0x80, 0x00, 0x00, 0x00, 
	0x03, 0x3B, 0x00, 0x00, 0x00, 0x00, 0x40, 0x00, 0x02, 0x00, 0x00, 0x00, 0x08, 0x00, 0x2C, 0x03, 
	0x2F, 0x03, 0x00, 0x00, 0x00, 0x00, 0x10, 0x00, 0x08, 0x00, 0x00, 0x07, 0xD6, 0x3C, 0x80, 0x20, 
	0x04, 0xCE, 0xCA, 0x01, 0x00, 0x00, 0xC0, 0x00, 0x00, 0x02, 0xCC, 0x10, 0x00, 0x38, 0x00, 0x00, 
	0x08, 0x20, 0xC0, 0x00, 0x00, 0x00, 0x80, 0x00, 0x1C, 0x3C, 0x00, 0x30, 0x00, 0x00, 0x00, 0x00, 
	0xA8, 0x00, 0x80, 0x00, 0x55, 0x2D, 0xC2, 0xD2, 0x03, 0x80, 0xB3, 0x04, 0x00, 0x1E, 0x40, 0x0C, 
	0x00, 0x00, 0x00, 0x03, 0x31, 0x00, 0x03, 0x00, 0x05, 0x80, 0x08, 0x01, 0x00, 0x00, 0x00, 0x36, 
	0x0B, 0x2C, 0x03, 0x84, 0x04, 0x00, 0x00, 0x00, 0x00, 0x0F, 0x20, 0x11, 0x08, 0x81, 0x53, 0x00, 
	0x40, 0x80, 0x40, 0x00, 0x01, 0xC0, 0x10, 0xB0, 0x81, 0x00, 0x00, 0x00, 0x03, 0xCC, 0x78, 0x00, 
	0x04, 0x00, 0x40, 0x08, 0x00, 0x0C, 0x00, 0x00, 0x01, 0x40, 0x07, 0xC0, 0x04, 0x49, 0x50, 0x00, 
	0x00, 0x00, 0x00, 0xB4, 0x01, 0x20, 0xCE, 0x78, 0x34, 0x06, 0x10, 0x04, 0x00, 0x40, 0x20, 0xA8, 
	0x01, 0x00, 0x10, 0x00, 0x02, 0x04, 0x00, 0x01, 0x00, 0x02, 0xC0, 0x00, 0x80, 0x08, 0x01, 0x05, 
	0x00, 0x40, 0x00, 0x09, 0x3C, 0xC0, 0x00, 0x00, 0x02, 0x36, 0xFC, 0x8F, 0x2F, 0xB5, 0x40, 0x02, 
	0x10, 0x02, 0xC2, 0x3C, 0x01, 0x01, 0x00, 0x03, 0xC0, 0x00, 0x90, 0x00, 0x00, 0x00, 0x00, 0x01, 
	0x00, 0x00, 0x00, 0x60, 0x00, 0x00, 0x08, 0x00, 0x1A, 0x00, 0x02, 0x00, 0x00, 0x00, 0x6E, 0x00, 
	0x68, 0x00, 0x63, 0x9E, 0x01, 0x01, 0xA5, 0xC0, 0x00, 0x20, 0x00, 0x00, 0x60, 0x00, 0x00, 0x00, 
	0x40, 0x20, 0x00, 0x00, 0x20, 0x00, 0x00, 0x00, 0x01, 0x0D, 0x37, 0x60, 0x02, 0xC0, 0x00, 0x00, 
	0x00, 0x02, 0x00, 0x00, 0x00, 0xA0, 0x00, 0x2E, 0xC0, 0x06, 0x02, 0x01, 0x04, 0x00, 0x80, 0x00, 
	0x00, 0x00, 0x80, 0x8D, 0x14, 0x14, 0x40, 0x04, 0x20, 0x00, 0x14, 0x10, 0x08, 0x08, 0xC8, 0x80, 
	0x00, 0x00, 0x00, 0xC7, 0xB2, 0x00, 0x04, 0x00, 0x00, 0x08, 0x21, 0x60, 0x00, 0x02, 0xD8, 0x00, 
	0x00, 0x2E, 0x02, 0x84, 0x20, 0x08, 0x00, 0x01, 0x00, 0x00, 0x00, 0x00, 0x08, 0xD7, 0xF0, 0x02, 
	0x00, 0x22, 0x00, 0x81, 0x5F, 0x81, 0x8E, 0x5C, 0x4C, 0x00, 0x00, 0x00, 0x00, 0x00, 0x00, 0x03, 
	0x80, 0x10, 0x00, 0x00, 0x00, 0x00, 0x00, 0x1C, 0x00, 0x00, 0x30, 0x20, 0x00, 0x00, 0x00, 0x04, 
	0x00, 0x80, 0x00, 0x00, 0x00, 0x12, 0x55, 0x02, 0x36, 0x79, 0x00, 0x00, 0x01, 0x09, 0xCE, 0x00, 
	0x00, 0x00, 0x00, 0x00, 0x00, 0x00, 0x00, 0x00, 0x00, 0x00, 0x02, 0x00, 0x00, 0x00, 0x00, 0x00, 
	0x00, 0x00, 0x00, 0x00, 0x14, 0x00, 0x00, 0x00, 0x08, 0x00, 0x01, 0x02, 0x02, 0x00, 0x00, 0x2A, 
	0x55, 0x31, 0x47, 0xE0, 0x00, 0x80, 0xA0, 0x60, 0x00, 0x18, 0x00, 0x00, 0x00, 0x00, 0x00, 0x00, 
	0x00, 0x00, 0x00, 0x05, 0x00, 0x00, 0x00, 0x00, 0x00, 0x00, 0x38, 0x00, 0x80, 0x68, 0x03, 0x55, 
	0x00, 0xA0, 0x04, 0x00, 0xB0, 0x00, 0x00, 0x00, 0x04, 0x8D, 0x14, 0x26, 0x00, 0x00, 0x00, 0x00, 
	0x28, 0x0D, 0x10, 0xE2, 0x00, 0x00, 0x00, 0x00, 0x00, 0x00, 0x00, 0x00, 0x00, 0x00, 0x00, 0x00, 
	0x00, 0x00, 0x18, 0x04, 0x00, 0x00, 0x03, 0x40, 0x06, 0x01, 0x04, 0x38, 0x00, 0x00, 0x00, 0x00, 
	0x10, 0x00, 0x08, 0xD7, 0x6B, 0x46, 0x80, 0x00, 0x80, 0x81, 0x5E, 0x00, 0x21, 0x40, 0x00, 0x00, 
	0x02, 0x00, 0x00, 0x00, 0x00, 0x03, 0x90, 0x00, 0x00, 0x00, 0x00, 0x00, 0x08, 0x00, 0x00, 0x00, 
	0x29, 0xC2, 0x00, 0x00, 0x00, 0x04, 0x00, 0xC0, 0x08, 0x00, 0x01, 0x00, 0x5F, 0x02, 0x64, 0x42, 
	0x82, 0x00, 0x02, 0x05, 0xC0, 0x00, 0x00, 0x14, 0x00, 0x00, 0x00, 0x00, 0x00, 0x00, 0x06, 0x02, 
	0x80, 0x00, 0x00, 0x00, 0x00, 0x00, 0x00, 0x00, 0x00, 0x00, 0x60, 0x00, 0x00, 0x00, 0x08, 0x00, 
	0x00, 0x00, 0x18, 0x00, 0x00, 0x00, 0x57, 0x20, 0x02, 0x00, 0x30, 0x00, 0xA0, 0x61, 0x81, 0x8A, 
	0x00, 0xA0, 0x00, 0x00, 0x00, 0x00, 0x01, 0x78, 0x00, 0x00, 0x00, 0x00, 0x00, 0x00, 0x00, 0x00, 
	0x40, 0x00, 0x00, 0x3D, 0xC3, 0x06, 0x28, 0x05, 0x31, 0xD4, 0xB1, 0x00, 0x00, 0x00, 0x00, 0x00, 
	0x00, 0x00, 0x28, 0x02, 0x02, 0x00, 0x14, 0x10, 0x50, 0x80, 0x00, 0x00, 0x00, 0x30, 0x00, 0x81, 
	0x02, 0x00, 0x00, 0x00, 0x00, 0x00, 0x00, 0x00, 0x10, 0x08, 0x00, 0x00, 0x00, 0x40, 0x76, 0x84, 
	0x08, 0x03, 0x2C, 0x61, 0x81, 0x80, 0x00, 0x00, 0x00, 0x00, 0x01, 0x60, 0x40, 0x10, 0x00, 0x81, 
	0x5F, 0xE8, 0x00, 0x01, 0x40, 0x00, 0x00, 0x00, 0x00, 0xA0, 0x80, 0x00, 0x00, 0x03, 0x00, 0x08, 
	0x00, 0x00, 0x09, 0x00, 0x00, 0x00, 0x2C, 0x42, 0x00, 0x03, 0x04, 0x29, 0x40, 0xA7, 0x0B, 0x80, 
	0x02, 0x08, 0x50, 0x08, 0x00, 0x20, 0x02, 0x30, 0x00, 0x00, 0x00, 0x08, 0x00, 0x08, 0xC0, 0x00, 
	0x00, 0x10, 0x0A, 0x37, 0x9C, 0x78, 0x00, 0x20, 0x00, 0x00, 0x0A, 0x00, 0x10, 0x00, 0x00, 0x00, 
	0x0E, 0x00, 0x00, 0x38, 0x01, 0x68, 0x01, 0x80, 0x84, 0x00, 0x00, 0x05, 0x07, 0xF0, 0x02, 0x00, 
	0x13, 0x00, 0x00, 0x00, 0x07, 0x8E, 0x09, 0x08, 0x80, 0x00, 0x00, 0x00, 0x00, 0x01, 0x40, 0x00, 
	0x05, 0x22, 0x01, 0x42, 0xD0, 0x00, 0x40, 0x12, 0x0D, 0x28, 0x03, 0x46, 0x21, 0x00, 0x00, 0x00, 
	0x00, 0x18, 0x00, 0x10, 0x00, 0x00, 0xB3, 0xC0, 0xBC, 0x02, 0x10, 0x02, 0x07, 0x40, 0x10, 0x05, 
	0x80, 0x40, 0x00, 0x00, 0x00, 0x00, 0x00, 0x00, 0x00, 0x00, 0x48, 0x00, 0x29, 0x61, 0x00, 0x00, 
	0x05, 0x40, 0x82, 0x00, 0x04, 0x04, 0x50, 0x00, 0x00, 0x00, 0x01, 0xF0, 0x01, 0x00, 0x01, 0x88, 
	0x28, 0x03, 0xC0, 0x15, 0x01, 0xA0, 0x61, 0xE8, 0x18, 0x00, 0x14, 0x00, 0x00, 0x00, 0x80, 0x09, 
	0x03, 0x44, 0x00, 0x00, 0x00, 0x00, 0x00, 0x00, 0x00, 0x00, 0x00, 0x0F, 0x30, 0x03, 0xC0, 0x00, 
	0x00, 0x04, 0x00, 0xA0, 0x08, 0x40, 0x00, 0x10, 0xAF, 0x03, 0x5C, 0x6E, 0x32, 0x00, 0x01, 0x01, 
	0x4D, 0x00, 0x00, 0x00, 0x00, 0x00, 0x00, 0x06, 0x40, 0x80, 0x00, 0x28, 0x00, 0x00, 0x00, 0x00, 
	0x00, 0x00, 0x00, 0x00, 0x00, 0x80, 0x40, 0x04, 0x00, 0x00, 0x08, 0x00, 0x00, 0x00, 0x0A, 0x14, 
	0x00, 0x00, 0x55, 0xE0, 0x02, 0x28, 0x40, 0x20, 0x30, 0x0D, 0xB0, 0x00, 0x00, 0x00, 0x00, 0x00, 
	0x62, 0x00, 0x3F, 0x72, 0x00, 0x80, 0x11, 0x00, 0x82, 0x00, 0x00, 0x01, 0x03, 0x00, 0x00, 0x00, 
	0x00, 0x00, 0x00, 0x00, 0x00, 0x00, 0x00, 0x00, 0x00, 0x00, 0x00, 0x00, 0x00, 0x00, 0x00, 0x00, 
	0x00, 0x00, 0x00, 0x00, 0x00, 0x00, 0x00, 0x00, 0x00, 0x00, 0x00, 0x00, 0x00, 0x00, 0x00, 0x00, 
	0x00, 0x00, 0x00, 0x00, 0x00, 0x00, 0x00, 0x00, 0x00, 0x00, 0x00, 0x00, 0x00, 0x00, 0x00, 0x00, 
	0x00, 0x00, 0x00, 0x00, 0x00, 0x00, 0x00, 0x00, 0x00, 0x00, 0x00, 0x00, 0x00, 0x00, 0x00, 0x00, 
	0x00, 0x00, 0x00, 0x00, 0x00, 0x00, 0x00, 0x00, 0x00, 0x00, 0x00, 0x00, 0x00, 0x00, 0x00, 0x00, 
	0x00, 0x00, 0x00, 0x00, 0x00, 0x00, 0x00, 0x00, 0x00, 0x00, 0x00, 0x00, 0x00, 0x00, 0x00, 0x00, 
	0x00, 0x00, 0x00, 0x00, 0x00, 0x00, 0x00, 0x00, 0x00, 0x00, 0x00, 0x00, 0x00, 0x00, 0x00, 0x00, 
	0x00, 0x00, 0x00, 0x00, 0x00, 0x00, 0x00, 0x00, 0x00, 0x00, 0x00, 0x00, 0x00, 0x00, 0x00, 0x00, 
	0x00, 0x00, 0x00, 0x00, 0x00, 0x00, 0x00, 0x00, 0x00, 0x00, 0x00, 0x00, 0x00, 0x00, 0x00, 0x00, 
	0x00, 0x00, 0x00, 0x00, 0x00, 0x00, 0x00, 0x00, 0x00, 0x00, 0x00, 0x00, 0x00, 0x00, 0x00, 0x00, 
	0x00, 0x00, 0x00, 0x00, 0x00, 0x00, 0x00, 0x00, 0x00, 0x00, 0x00, 0x00, 0x00, 0x00, 0x00, 0x00, 
	0x00, 0x00, 0x00, 0x00, 0x00, 0x00, 0x00, 0x00, 0x00, 0x00, 0x00, 0x00, 0x00, 0x00, 0x00, 0x00, 
	0x00, 0x00, 0x00, 0x00, 0x00, 0x00, 0x00, 0x00, 0x00, 0x00, 0x00, 0x00, 0x00, 0x00, 0x00, 0x00, 
	0x00, 0x00, 0x00, 0x00, 0x00, 0x00, 0x00, 0x00, 0x00, 0x00, 0x00, 0x00, 0x00, 0x00, 0x00, 0x00, 
	0x00, 0x00, 0x00, 0x00, 0x00, 0x00, 0x00, 0x00, 0x00, 0x00, 0x00, 0x00, 0x00, 0x00, 0x00, 0x00, 
	0x00, 0x00, 0x00, 0x00, 0x00, 0x00, 0x00, 0x00, 0x00, 0x00, 0x00, 0x00, 0x00, 0x00, 0x00, 0x00, 
	0x00, 0x00, 0x00, 0x00, 0x00, 0x00, 0x00, 0x00, 0x00, 0x00, 0x00, 0x00, 0x00, 0x00, 0x00, 0x00, 
	0x00, 0x00, 0x00, 0x00, 0x00, 0x00, 0x00, 0x00, 0x00, 0x00, 0x00, 0x00, 0x00, 0x00, 0x00, 0x00, 
	0x00, 0x00, 0x00, 0x00, 0x00, 0x00, 0x00, 0x00, 0x00, 0x00, 0x00, 0x00, 0x00, 0x00, 0x00, 0x00, 
	0x00, 0x00, 0x00, 0x00, 0x00, 0x00, 0x00, 0x00, 0x00, 0x00, 0x00, 0x00, 0x00, 0x00, 0x00, 0x00, 
	0x00, 0x00, 0x00, 0x00, 0x00, 0x00, 0x00, 0x00, 0x00, 0x00, 0x00, 0x00, 0x00, 0x00, 0x00, 0x00, 
	0x00, 0x00, 0x00, 0x00, 0x00, 0x00, 0x00, 0x00, 0x00, 0x00, 0x00, 0x00, 0x00, 0x00, 0x00, 0x00, 
	0x00, 0x00, 0x00, 0x00, 0x00, 0x00, 0x00, 0x00, 0x00, 0x00, 0x00, 0x00, 0x00, 0x00, 0x00, 0x00, 
	0x00, 0x00, 0x00, 0x00, 0x00, 0x00, 0x00, 0x00, 0x00, 0x00, 0x00, 0x00, 0x00, 0x00, 0x00, 0x00, 
	0x00, 0x00, 0x00, 0x00, 0x00, 0x00, 0x00, 0x00, 0x00, 0x00, 0x00, 0x00, 0x00, 0x00, 0x00, 0x00, 
	0x00, 0x00, 0x00, 0x00, 0x00, 0x00, 0x00, 0x00, 0x00, 0x00, 0x00, 0x00, 0x00, 0x00, 0x00, 0x00, 
	0x00, 0x00, 0x00, 0x00, 0x00, 0x00, 0x00, 0x00, 0x00, 0x00, 0x00, 0x00, 0x00, 0x00, 0x00, 0x00, 
	0x00, 0x00, 0x00, 0x00, 0x00, 0x00, 0x00, 0x00, 0x00, 0x00, 0x00, 0x00, 0x00, 0x00, 0x00, 0x00, 
	0x00, 0x00, 0x00, 0x00, 0x00, 0x00, 0x00, 0x00, 0x00, 0x00, 0x00, 0x00, 0x00, 0x00, 0x00, 0x00, 
	0x00, 0x00, 0x00, 0x00, 0x00, 0x00, 0x00, 0x00, 0x00, 0x00, 0x00, 0x00, 0x00, 0x00, 0x00, 0x00, 
	0x00, 0x00, 0x00, 0x00, 0x00, 0x00, 0x00, 0x00, 0x00, 0x00, 0x00, 0x00, 0x00, 0x00, 0x00, 0x00, 
	0x00, 0x00, 0x00, 0x00, 0x00, 0x00, 0x00, 0x00, 0x00, 0x00, 0x00, 0x00, 0x00, 0x00, 0x00, 0x00, 
	0x00, 0x00, 0x00, 0x00, 0x00, 0x00, 0x00, 0x00, 0x00, 0x00, 0x00, 0x00, 0x00, 0x00, 0x00, 0x00, 
	0x00, 0x00, 0x00, 0x00, 0x00, 0x00, 0x00, 0x00, 0x00, 0x00, 0x00, 0x00, 0x00, 0x00, 0x00, 0x00, 
	0x00, 0x00, 0x00, 0x00, 0x00, 0x00, 0x00, 0x00, 0x00, 0x00, 0x00, 0x00, 0x00, 0x00, 0x00, 0x00, 
	0x00, 0x00, 0x00, 0x00, 0x00, 0x00, 0x00, 0x00, 0x00, 0x00, 0x00, 0x00, 0x00, 0x00, 0x00, 0x00, 
	0x00, 0x00, 0x00, 0x00, 0x00, 0x00, 0x00, 0x00, 0x00, 0x00, 0x00, 0x00, 0x00, 0x00, 0x00, 0x00, 
	0x00, 0x00, 0x00, 0x00, 0x00, 0x00, 0x00, 0x00, 0x00, 0x00, 0x00, 0x00, 0x00, 0x00, 0x00, 0x00, 
	0x00, 0x00, 0x00, 0x00, 0x00, 0x00, 0x00, 0x00, 0x00, 0x00, 0x00, 0x00, 0x00, 0x00, 0x00, 0x00, 
	0x00, 0x00, 0x00, 0x00, 0x00, 0x00, 0x00, 0x00, 0x00, 0x00, 0x00, 0x00, 0x00, 0x00, 0x00, 0x00, 
	0x00, 0x00, 0x00, 0x00, 0x00, 0x00, 0x00, 0x00, 0x00, 0x00, 0x00, 0x00, 0x00, 0x00, 0x00, 0x00, 
	0x00, 0x00, 0x00, 0x00, 0x00, 0x00, 0x00, 0x00, 0x00, 0x00, 0x00, 0x00, 0x00, 0x00, 0x00, 0x00, 
	0x00, 0x00, 0x00, 0x00, 0x00, 0x00, 0x00, 0x00, 0x00, 0x00, 0x00, 0x00, 0x00, 0x00, 0x00, 0x00, 
	0x00, 0x00, 0x00, 0x00, 0x00, 0x00, 0x00, 0x00, 0x00, 0x00, 0x00, 0x00, 0x00, 0x00, 0x00, 0x00, 
	0x00, 0x00, 0x00, 0x00, 0x00, 0x00, 0x00, 0x00, 0x00, 0x00, 0x00, 0x00, 0x00, 0x00, 0x00, 0x00, 
	0x00, 0x00, 0x00, 0x00, 0x00, 0x00, 0x00, 0x00, 0x00, 0x00, 0x00, 0x00, 0x00, 0x00, 0x00, 0x00, 
	0x00, 0x00, 0x00, 0x00, 0x00, 0x00, 0x00, 0x00, 0x00, 0x00, 0x00, 0x00, 0x00, 0x00, 0x00, 0x00, 
	0x00, 0x00, 0x00, 0x00, 0x00, 0x00, 0x00, 0x00, 0x00, 0x00, 0x00, 0x00, 0x00, 0x00, 0x00, 0x00, 
	0x00, 0x00, 0x00, 0x00, 0x00, 0x00, 0x00, 0x00, 0x00, 0x00, 0x00, 0x00, 0x00, 0x00, 0x00, 0x00, 
	0x00, 0x00, 0x00, 0x00, 0x00, 0x00, 0x00, 0x00, 0x00, 0x00, 0x00, 0x00, 0x00, 0x00, 0x00, 0x00, 
	0x00, 0x00, 0x00, 0x00, 0x00, 0x00, 0x00, 0x00, 0x00, 0x00, 0x00, 0x00, 0x00, 0x00, 0x00, 0x00, 
	0x00, 0x00, 0x00, 0x00, 0x00, 0x00, 0x00, 0x00, 0x00, 0x00, 0x00, 0x00, 0x00, 0x00, 0x00, 0x00, 
	0x00, 0x00, 0x00, 0x00, 0x00, 0x00, 0x00, 0x00, 0x00, 0x00, 0x00, 0x00, 0x00, 0x00, 0x00, 0x00, 
	0x00, 0x00, 0x00, 0x00, 0x00, 0x00, 0x00, 0x00, 0x00, 0x00, 0x00, 0x00, 0x00, 0x00, 0x00, 0x00, 
	0x00, 0x00, 0x00, 0x00, 0x00, 0x00, 0x00, 0x00, 0x00, 0x00, 0x00, 0x00, 0x00, 0x00, 0x00, 0x00, 
	0x00, 0x00, 0x00, 0x00, 0x00, 0x00, 0x00, 0x00, 0x00, 0x00, 0x00, 0x00, 0x00, 0x00, 0x00, 0x00, 
	0x00, 0x00, 0x00, 0x00, 0x00, 0x00, 0x00, 0x00, 0x00, 0x00, 0x00, 0x00, 0x00, 0x00, 0x00, 0x00, 
	0x00, 0x00, 0x00, 0x00, 0x00, 0x00, 0x00, 0x00, 0x00, 0x00, 0x00, 0x00, 0x00, 0x00, 0x00, 0x00, 
	0x00, 0x00, 0x00, 0x00, 0x00, 0x00, 0x00, 0x00, 0x00, 0x00, 0x00, 0x00, 0x00, 0x00, 0x00, 0x00, 
	0x00, 0x00, 0x00, 0x00, 0x00, 0x00, 0x00, 0x00, 0x00, 0x00, 0x00, 0x00, 0x00, 0x00, 0x00, 0x00, 
	0x00, 0x00, 0x00, 0x00, 0x00, 0x00, 0x00, 0x00, 0x00, 0x00, 0x00, 0x00, 0x00, 0x00, 0x00, 0x00, 
	0x00, 0x00, 0x00, 0x00, 0x00, 0x00, 0x00, 0x00, 0x00, 0x00, 0x00, 0x00, 0x00, 0x00, 0x00, 0x00, 
	0x00, 0x00, 0x00, 0x00, 0x00, 0x00, 0x00, 0x00, 0x00, 0x00, 0x00, 0x00, 0x00, 0x00, 0x00, 0x00, 
	0x00, 0x00, 0x00, 0x00, 0x00, 0x00, 0x00, 0x00, 0x00, 0x00, 0x00, 0x00, 0x00, 0x00, 0x00, 0x82, 
	0x00, 0x80, 0x01, 0x03, 0x00, 0x00, 0x00, 0x00, 0x00, 0x00, 0x00, 0x00, 0x00, 0x00, 0x00, 0x00, 
	0x00, 0x00, 0x00, 0x00, 0x00, 0x00, 0x00, 0x00, 0x00, 0x00, 0x00, 0x00, 0x00, 0x00, 0x00, 0x00, 
	0x00, 0x00, 0x00, 0x00, 0x00, 0x00, 0x00, 0x00, 0x00, 0x00, 0x00, 0x00, 0x00, 0x00, 0x00, 0x00, 
	0x00, 0x00, 0x00, 0x00, 0x00, 0x00, 0x00, 0x00, 0x00, 0x00, 0x00, 0x00, 0x00, 0x00, 0x00, 0x00, 
	0x00, 0x00, 0x00, 0x00, 0x00, 0x00, 0x00, 0x00, 0x00, 0x00, 0x00, 0x00, 0x00, 0x00, 0x00, 0x00, 
	0x00, 0x00, 0x00, 0x00, 0x00, 0x00, 0x00, 0x00, 0x00, 0x00, 0x00, 0x00, 0x00, 0x00, 0x00, 0x00, 
	0x00, 0x00, 0x00, 0x00, 0x00, 0x00, 0x00, 0x00, 0x00, 0x00, 0x00, 0x00, 0x00, 0x00, 0x00, 0x00, 
	0x00, 0x00, 0x00, 0x00, 0x00, 0x00, 0x00, 0x00, 0x00, 0x00, 0x00, 0x00, 0x00, 0x00, 0x00, 0x00, 
	0x00, 0x00, 0x00, 0x00, 0x00, 0x00, 0x00, 0x00, 0x00, 0x00, 0x00, 0x00, 0x00, 0x00, 0x00, 0x00, 
	0x00, 0x00, 0x00, 0x00, 0x00, 0x00, 0x00, 0x00, 0x00, 0x00, 0x00, 0x00, 0x00, 0x00, 0x00, 0x00, 
	0x00, 0x00, 0x00, 0x00, 0x00, 0x00, 0x00, 0x00, 0x00, 0x00, 0x00, 0x00, 0x00, 0x00, 0x00, 0x00, 
	0x00, 0x00, 0x00, 0x00, 0x00, 0x00, 0x00, 0x00, 0x00, 0x00, 0x00, 0x00, 0x00, 0x00, 0x00, 0x00, 
	0x00, 0x00, 0x00, 0x00, 0x00, 0x00, 0x00, 0x00, 0x00, 0x00, 0x00, 0x00, 0x00, 0x00, 0x00, 0x00, 
	0x00, 0x00, 0x00, 0x00, 0x00, 0x00, 0x00, 0x00, 0x00, 0x00, 0x00, 0x00, 0x00, 0x00, 0x00, 0x00, 
	0x00, 0x00, 0x00, 0x00, 0x00, 0x00, 0x00, 0x00, 0x00, 0x00, 0x00, 0x00, 0x00, 0x00, 0x00, 0x00, 
	0x00, 0x00, 0x00, 0x00, 0x00, 0x00, 0x00, 0x00, 0x00, 0x00, 0x00, 0x00, 0x00, 0x00, 0x00, 0x00, 
	0x00, 0x00, 0x00, 0x00, 0x00, 0x00, 0x00, 0x00, 0x00, 0x00, 0x00, 0x00, 0x00, 0x00, 0x00, 0x00, 
	0x00, 0x00, 0x00, 0x00, 0x00, 0x00, 0x00, 0x00, 0x00, 0x00, 0x00, 0x00, 0x00, 0x00, 0x00, 0x00, 
	0x00, 0x00, 0x00, 0x00, 0x00, 0x00, 0x00, 0x00, 0x00, 0x00, 0x00, 0x00, 0x00, 0x00, 0x00, 0x00, 
	0x00, 0x00, 0x00, 0x00, 0x00, 0x00, 0x00, 0x00, 0x00, 0x00, 0x00, 0x00, 0x00, 0x00, 0x00, 0x00, 
	0x00, 0x00, 0x00, 0x00, 0x00, 0x00, 0x00, 0x00, 0x00, 0x00, 0x00, 0x00, 0x00, 0x00, 0x00, 0x00, 
	0x00, 0x00, 0x00, 0x00, 0x00, 0x00, 0x00, 0x00, 0x00, 0x00, 0x00, 0x00, 0x00, 0x00, 0x00, 0x00, 
	0x00, 0x00, 0x00, 0x00, 0x00, 0x00, 0x00, 0x00, 0x00, 0x00, 0x00, 0x00, 0x00, 0x00, 0x00, 0x00, 
	0x00, 0x00, 0x00, 0x00, 0x00, 0x00, 0x00, 0x00, 0x00, 0x00, 0x00, 0x00, 0x00, 0x00, 0x00, 0x00, 
	0x00, 0x00, 0x00, 0x00, 0x00, 0x00, 0x00, 0x00, 0x00, 0x00, 0x00, 0x00, 0x00, 0x00, 0x00, 0x00, 
	0x00, 0x00, 0x00, 0x00, 0x00, 0x00, 0x00, 0x00, 0x00, 0x00, 0x00, 0x00, 0x00, 0x00, 0x00, 0x00, 
	0x00, 0x00, 0x00, 0x00, 0x00, 0x00, 0x00, 0x00, 0x00, 0x00, 0x00, 0x00, 0x00, 0x00, 0x00, 0x00, 
	0x00, 0x00, 0x00, 0x00, 0x00, 0x00, 0x00, 0x00, 0x00, 0x00, 0x00, 0x00, 0x00, 0x00, 0x00, 0x00, 
	0x00, 0x00, 0x00, 0x00, 0x00, 0x00, 0x00, 0x00, 0x00, 0x00, 0x00, 0x00, 0x00, 0x00, 0x00, 0x00, 
	0x00, 0x00, 0x00, 0x00, 0x00, 0x00, 0x00, 0x00, 0x00, 0x00, 0x00, 0x00, 0x00, 0x00, 0x00, 0x00, 
	0x00, 0x00, 0x00, 0x00, 0x00, 0x00, 0x00, 0x00, 0x00, 0x00, 0x00, 0x00, 0x00, 0x00, 0x00, 0x00, 
	0x00, 0x00, 0x00, 0x00, 0x00, 0x00, 0x00, 0x00, 0x00, 0x00, 0x00, 0x00, 0x00, 0x00, 0x00, 0x00, 
	0x00, 0x00, 0x00, 0x00, 0x00, 0x00, 0x00, 0x00, 0x00, 0x00, 0x00, 0x00, 0x00, 0x00, 0x00, 0x00, 
	0x00, 0x00, 0x00, 0x00, 0x00, 0x00, 0x00, 0x00, 0x00, 0x00, 0x00, 0x00, 0x00, 0x00, 0x00, 0x00, 
	0x00, 0x00, 0x00, 0x00, 0x00, 0x00, 0x00, 0x00, 0x00, 0x00, 0x00, 0x00, 0x00, 0x00, 0x00, 0x00, 
	0x00, 0x00, 0x00, 0x00, 0x00, 0x00, 0x00, 0x00, 0x00, 0x00, 0x00, 0x00, 0x00, 0x00, 0x00, 0x00, 
	0x00, 0x00, 0x00, 0x00, 0x00, 0x00, 0x00, 0x00, 0x00, 0x00, 0x00, 0x00, 0x00, 0x00, 0x00, 0x00, 
	0x00, 0x00, 0x00, 0x00, 0x00, 0x00, 0x00, 0x00, 0x00, 0x00, 0x00, 0x00, 0x00, 0x00, 0x00, 0x00, 
	0x00, 0x00, 0x00, 0x00, 0x00, 0x00, 0x00, 0x00, 0x00, 0x00, 0x00, 0x00, 0x00, 0x00, 0x00, 0x00, 
	0x00, 0x00, 0x00, 0x00, 0x00, 0x00, 0x00, 0x00, 0x00, 0x00, 0x00, 0x00, 0x00, 0x00, 0x00, 0x00, 
	0x00, 0x00, 0x00, 0x00, 0x00, 0x00, 0x00, 0x00, 0x00, 0x00, 0x00, 0x00, 0x00, 0x00, 0x00, 0x00, 
	0x00, 0x00, 0x00, 0x00, 0x00, 0x00, 0x00, 0x00, 0x00, 0x00, 0x00, 0x00, 0x00, 0x00, 0x00, 0x00, 
	0x00, 0x00, 0x00, 0x00, 0x00, 0x00, 0x00, 0x00, 0x00, 0x00, 0x00, 0x00, 0x00, 0x00, 0x00, 0x00, 
	0x00, 0x00, 0x00, 0x00, 0x00, 0x00, 0x00, 0x00, 0x00, 0x00, 0x00, 0x00, 0x00, 0x00, 0x00, 0x00, 
	0x00, 0x00, 0x00, 0x00, 0x00, 0x00, 0x00, 0x00, 0x00, 0x00, 0x00, 0x00, 0x00, 0x00, 0x00, 0x00, 
	0x00, 0x00, 0x00, 0x00, 0x00, 0x00, 0x00, 0x00, 0x00, 0x00, 0x00, 0x00, 0x00, 0x00, 0x00, 0x00, 
	0x00, 0x00, 0x00, 0x00, 0x00, 0x00, 0x00, 0x00, 0x00, 0x00, 0x00, 0x00, 0x00, 0x00, 0x00, 0x00, 
	0x00, 0x00, 0x00, 0x00, 0x00, 0x00, 0x00, 0x00, 0x00, 0x00, 0x00, 0x00, 0x00, 0x00, 0x00, 0x00, 
	0x00, 0x00, 0x00, 0x00, 0x00, 0x00, 0x00, 0x00, 0x00, 0x00, 0x00, 0x00, 0x00, 0x00, 0x00, 0x00, 
	0x00, 0x00, 0x00, 0x00, 0x00, 0x00, 0x00, 0x00, 0x00, 0x00, 0x00, 0x00, 0x00, 0x00, 0x00, 0x00, 
	0x00, 0x00, 0x00, 0x00, 0x00, 0x00, 0x00, 0x00, 0x00, 0x00, 0x00, 0x00, 0x00, 0x00, 0x00, 0x00, 
	0x00, 0x00, 0x00, 0x00, 0x00, 0x00, 0x00, 0x00, 0x00, 0x00, 0x00, 0x00, 0x00, 0x00, 0x00, 0x00, 
	0x00, 0x00, 0x00, 0x00, 0x00, 0x00, 0x00, 0x00, 0x00, 0x00, 0x00, 0x00, 0x00, 0x00, 0x00, 0x00, 
	0x00, 0x00, 0x00, 0x00, 0x00, 0x00, 0x00, 0x00, 0x00, 0x00, 0x00, 0x00, 0x00, 0x00, 0x00, 0x00, 
	0x00, 0x00, 0x00, 0x00, 0x00, 0x00, 0x00, 0x00, 0x00, 0x00, 0x00, 0x00, 0x00, 0x00, 0x00, 0x00, 
	0x00, 0x00, 0x00, 0x00, 0x00, 0x00, 0x00, 0x00, 0x00, 0x00, 0x00, 0x00, 0x00, 0x00, 0x00, 0x00, 
	0x00, 0x00, 0x00, 0x00, 0x00, 0x00, 0x00, 0x00, 0x00, 0x00, 0x00, 0x00, 0x00, 0x00, 0x00, 0x00, 
	0x00, 0x00, 0x00, 0x00, 0x00, 0x00, 0x00, 0x00, 0x00, 0x00, 0x00, 0x00, 0x00, 0x00, 0x00, 0x00, 
	0x00, 0x00, 0x00, 0x00, 0x00, 0x00, 0x00, 0x00, 0x00, 0x00, 0x00, 0x00, 0x00, 0x00, 0x00, 0x00, 
	0x00, 0x00, 0x00, 0x00, 0x00, 0x00, 0x00, 0x00, 0x00, 0x00, 0x00, 0x00, 0x00, 0x00, 0x00, 0x00, 
	0x00, 0x00, 0x00, 0x00, 0x00, 0x00, 0x00, 0x00, 0x00, 0x00, 0x00, 0x00, 0x00, 0x00, 0x00, 0x00, 
	0x00, 0x00, 0x00, 0x00, 0x00, 0x00, 0x00, 0x00, 0x00, 0x00, 0x00, 0x00, 0x00, 0x00, 0x00, 0x00, 
	0x00, 0x00, 0x00, 0x00, 0x00, 0x00, 0x00, 0x00, 0x00, 0x00, 0x00, 0x00, 0x00, 0x00, 0x00, 0x00, 
	0x00, 0x00, 0x00, 0x00, 0x00, 0x00, 0x00, 0x00, 0x00, 0x00, 0x00, 0x00, 0x00, 0x00, 0x00, 0x00, 
	0x00, 0x00, 0x00, 0x00, 0x00, 0x00, 0x11, 0x01, 0x82, 0x00, 0x00, 0x01, 0x03, 0x00, 0x00, 0x00, 
	0x00, 0x00, 0x00, 0x00, 0x00, 0x00, 0x00, 0x00, 0x00, 0x00, 0x00, 0x00, 0x00, 0x00, 0x00, 0x00, 
	0x00, 0x00, 0x00, 0x00, 0x00, 0x00, 0x00, 0x00, 0x00, 0x00, 0x00, 0x00, 0x00, 0x00, 0x00, 0x00, 
	0x00, 0x00, 0x00, 0x00, 0x00, 0x00, 0x00, 0x00, 0x00, 0x00, 0x00, 0x00, 0x00, 0x00, 0x00, 0x00, 
	0x00, 0x00, 0x00, 0x00, 0x00, 0x00, 0x00, 0x00, 0x00, 0x00, 0x00, 0x00, 0x00, 0x00, 0x00, 0x00, 
	0x00, 0x00, 0x00, 0x00, 0x00, 0x00, 0x00, 0x00, 0x00, 0x00, 0x00, 0x00, 0x00, 0x00, 0x00, 0x00, 
	0x00, 0x00, 0x00, 0x00, 0x00, 0x00, 0x00, 0x00, 0x00, 0x00, 0x00, 0x00, 0x00, 0x00, 0x00, 0x00, 
	0x00, 0x00, 0x00, 0x00, 0x00, 0x00, 0x00, 0x00, 0x00, 0x00, 0x00, 0x00, 0x00, 0x00, 0x00, 0x00, 
	0x00, 0x00, 0x00, 0x00, 0x00, 0x00, 0x00, 0x00, 0x00, 0x00, 0x00, 0x00, 0x00, 0x00, 0x00, 0x00, 
	0x00, 0x00, 0x00, 0x00, 0x00, 0x00, 0x00, 0x00, 0x00, 0x00, 0x00, 0x00, 0x00, 0x00, 0x00, 0x00, 
	0x00, 0x00, 0x00, 0x00, 0x00, 0x00, 0x00, 0x00, 0x00, 0x00, 0x00, 0x00, 0x00, 0x00, 0x00, 0x00, 
	0x00, 0x00, 0x00, 0x00, 0x00, 0x00, 0x00, 0x00, 0x00, 0x00, 0x00, 0x00, 0x00, 0x00, 0x00, 0x00, 
	0x00, 0x00, 0x00, 0x00, 0x00, 0x00, 0x00, 0x00, 0x00, 0x00, 0x00, 0x00, 0x00, 0x00, 0x00, 0x00, 
	0x00, 0x00, 0x00, 0x00, 0x00, 0x00, 0x00, 0x00, 0x00, 0x00, 0x00, 0x00, 0x00, 0x00, 0x00, 0x00, 
	0x00, 0x00, 0x00, 0x00, 0x00, 0x00, 0x00, 0x00, 0x00, 0x00, 0x00, 0x00, 0x00, 0x00, 0x00, 0x00, 
	0x00, 0x00, 0x00, 0x00, 0x00, 0x00, 0x00, 0x00, 0x00, 0x00, 0x00, 0x00, 0x00, 0x00, 0x00, 0x00, 
	0x00, 0x00, 0x00, 0x00, 0x00, 0x00, 0x00, 0x00, 0x00, 0x00, 0x00, 0x00, 0x00, 0x00, 0x00, 0x00, 
	0x00, 0x00, 0x00, 0x00, 0x00, 0x00, 0x00, 0x00, 0x00, 0x00, 0x00, 0x00, 0x00, 0x00, 0x00, 0x00, 
	0x00, 0x00, 0x00, 0x00, 0x00, 0x00, 0x00, 0x00, 0x00, 0x00, 0x00, 0x00, 0x00, 0x00, 0x00, 0x00, 
	0x00, 0x00, 0x00, 0x00, 0x00, 0x00, 0x00, 0x00, 0x00, 0x00, 0x00, 0x00, 0x00, 0x00, 0x00, 0x00, 
	0x00, 0x00, 0x00, 0x00, 0x00, 0x00, 0x00, 0x00, 0x00, 0x00, 0x00, 0x00, 0x00, 0x00, 0x00, 0x00, 
	0x00, 0x00, 0x00, 0x00, 0x00, 0x00, 0x00, 0x00, 0x00, 0x00, 0x00, 0x00, 0x00, 0x00, 0x00, 0x00, 
	0x00, 0x00, 0x00, 0x00, 0x00, 0x00, 0x00, 0x00, 0x00, 0x00, 0x00, 0x00, 0x00, 0x00, 0x00, 0x00, 
	0x00, 0x00, 0x00, 0x00, 0x00, 0x00, 0x00, 0x00, 0x00, 0x00, 0x00, 0x00, 0x00, 0x00, 0x00, 0x00, 
	0x00, 0x00, 0x00, 0x00, 0x00, 0x00, 0x00, 0x00, 0x00, 0x00, 0x00, 0x00, 0x00, 0x00, 0x00, 0x00, 
	0x00, 0x00, 0x00, 0x00, 0x00, 0x00, 0x00, 0x00, 0x00, 0x00, 0x00, 0x00, 0x00, 0x00, 0x00, 0x00, 
	0x00, 0x00, 0x00, 0x00, 0x00, 0x00, 0x00, 0x00, 0x00, 0x00, 0x00, 0x00, 0x00, 0x00, 0x00, 0x00, 
	0x00, 0x00, 0x00, 0x00, 0x00, 0x00, 0x00, 0x00, 0x00, 0x00, 0x00, 0x00, 0x00, 0x00, 0x00, 0x00, 
	0x00, 0x00, 0x00, 0x00, 0x00, 0x00, 0x00, 0x00, 0x00, 0x00, 0x00, 0x00, 0x00, 0x00, 0x00, 0x00, 
	0x00, 0x00, 0x00, 0x00, 0x00, 0x00, 0x00, 0x00, 0x00, 0x00, 0x00, 0x00, 0x00, 0x00, 0x00, 0x00, 
	0x00, 0x00, 0x00, 0x00, 0x00, 0x00, 0x00, 0x00, 0x00, 0x00, 0x00, 0x00, 0x00, 0x00, 0x00, 0x00, 
	0x00, 0x00, 0x00, 0x00, 0x00, 0x00, 0x00, 0x00, 0x00, 0x00, 0x00, 0x00, 0x00, 0x00, 0x00, 0x00, 
	0x00, 0x00, 0x00, 0x00, 0x00, 0x00, 0x00, 0x00, 0x00, 0x00, 0x00, 0x00, 0x00, 0x00, 0x00, 0x00, 
	0x00, 0x00, 0x00, 0x00, 0x00, 0x00, 0x00, 0x00, 0x00, 0x00, 0x00, 0x00, 0x00, 0x00, 0x00, 0x00, 
	0x00, 0x00, 0x00, 0x00, 0x00, 0x00, 0x00, 0x00, 0x00, 0x00, 0x00, 0x00, 0x00, 0x00, 0x00, 0x00, 
	0x00, 0x00, 0x00, 0x00, 0x00, 0x00, 0x00, 0x00, 0x00, 0x00, 0x00, 0x00, 0x00, 0x00, 0x00, 0x00, 
	0x00, 0x00, 0x00, 0x00, 0x00, 0x00, 0x00, 0x00, 0x00, 0x00, 0x00, 0x00, 0x00, 0x00, 0x00, 0x00, 
	0x00, 0x00, 0x00, 0x00, 0x00, 0x00, 0x00, 0x00, 0x00, 0x00, 0x00, 0x00, 0x00, 0x00, 0x00, 0x00, 
	0x00, 0x00, 0x00, 0x00, 0x00, 0x00, 0x00, 0x00, 0x00, 0x00, 0x00, 0x00, 0x00, 0x00, 0x00, 0x00, 
	0x00, 0x00, 0x00, 0x00, 0x00, 0x00, 0x00, 0x00, 0x00, 0x00, 0x00, 0x00, 0x00, 0x00, 0x00, 0x00, 
	0x00, 0x00, 0x00, 0x00, 0x00, 0x00, 0x00, 0x00, 0x00, 0x00, 0x00, 0x00, 0x00, 0x00, 0x00, 0x00, 
	0x00, 0x00, 0x00, 0x00, 0x00, 0x00, 0x00, 0x00, 0x00, 0x00, 0x00, 0x00, 0x00, 0x00, 0x00, 0x00, 
	0x00, 0x00, 0x00, 0x00, 0x00, 0x00, 0x00, 0x00, 0x00, 0x00, 0x00, 0x00, 0x00, 0x00, 0x00, 0x00, 
	0x00, 0x00, 0x00, 0x00, 0x00, 0x00, 0x00, 0x00, 0x00, 0x00, 0x00, 0x00, 0x00, 0x00, 0x00, 0x00, 
	0x00, 0x00, 0x00, 0x00, 0x00, 0x00, 0x00, 0x00, 0x00, 0x00, 0x00, 0x00, 0x00, 0x00, 0x00, 0x00, 
	0x00, 0x00, 0x00, 0x00, 0x00, 0x00, 0x00, 0x00, 0x00, 0x00, 0x00, 0x00, 0x00, 0x00, 0x00, 0x00, 
	0x00, 0x00, 0x00, 0x00, 0x00, 0x00, 0x00, 0x00, 0x00, 0x00, 0x00, 0x00, 0x00, 0x00, 0x00, 0x00, 
	0x00, 0x00, 0x00, 0x00, 0x00, 0x00, 0x00, 0x00, 0x00, 0x00, 0x00, 0x00, 0x00, 0x00, 0x00, 0x00, 
	0x00, 0x00, 0x00, 0x00, 0x00, 0x00, 0x00, 0x00, 0x00, 0x00, 0x00, 0x00, 0x00, 0x00, 0x00, 0x00, 
	0x00, 0x00, 0x00, 0x00, 0x00, 0x00, 0x00, 0x00, 0x00, 0x00, 0x00, 0x00, 0x00, 0x00, 0x00, 0x00, 
	0x00, 0x00, 0x00, 0x00, 0x00, 0x00, 0x00, 0x00, 0x00, 0x00, 0x00, 0x00, 0x00, 0x00, 0x00, 0x00, 
	0x00, 0x00, 0x00, 0x00, 0x00, 0x00, 0x00, 0x00, 0x00, 0x00, 0x00, 0x00, 0x00, 0x00, 0x00, 0x00, 
	0x00, 0x00, 0x00, 0x00, 0x00, 0x00, 0x00, 0x00, 0x00, 0x00, 0x00, 0x00, 0x00, 0x00, 0x00, 0x00, 
	0x00, 0x00, 0x00, 0x00, 0x00, 0x00, 0x00, 0x00, 0x00, 0x00, 0x00, 0x00, 0x00, 0x00, 0x00, 0x00, 
	0x00, 0x00, 0x00, 0x00, 0x00, 0x00, 0x00, 0x00, 0x00, 0x00, 0x00, 0x00, 0x00, 0x00, 0x00, 0x00, 
	0x00, 0x00, 0x00, 0x00, 0x00, 0x00, 0x00, 0x00, 0x00, 0x00, 0x00, 0x00, 0x00, 0x00, 0x00, 0x00, 
	0x00, 0x00, 0x00, 0x00, 0x00, 0x00, 0x00, 0x00, 0x00, 0x00, 0x00, 0x00, 0x00, 0x00, 0x00, 0x00, 
	0x00, 0x00, 0x00, 0x00, 0x00, 0x00, 0x00, 0x00, 0x00, 0x00, 0x00, 0x00, 0x00, 0x00, 0x00, 0x00, 
	0x00, 0x00, 0x00, 0x00, 0x00, 0x00, 0x00, 0x00, 0x00, 0x00, 0x00, 0x00, 0x00, 0x00, 0x00, 0x00, 
	0x00, 0x00, 0x00, 0x00, 0x00, 0x00, 0x00, 0x00, 0x00, 0x00, 0x00, 0x00, 0x00, 0x00, 0x00, 0x00, 
	0x00, 0x00, 0x00, 0x00, 0x00, 0x00, 0x00, 0x00, 0x00, 0x00, 0x00, 0x00, 0x00, 0x00, 0x00, 0x00, 
	0x00, 0x00, 0x00, 0x00, 0x00, 0x00, 0x00, 0x00, 0x00, 0x00, 0x00, 0x00, 0x00, 0x00, 0x00, 0x00, 
	0x00, 0x00, 0x00, 0x00, 0x00, 0x00, 0x00, 0x00, 0x00, 0x00, 0x00, 0x00, 0x00, 0x00, 0x00, 0x00, 
	0x00, 0x00, 0x00, 0x00, 0x00, 0x00, 0x00, 0x00, 0x00, 0x00, 0x00, 0x00, 0x00, 0x00, 0x00, 0x00, 
	0x00, 0x00, 0x00, 0x00, 0x00, 0x00, 0x00, 0x00, 0x00, 0x00, 0x00, 0x00, 0x00, 0x00, 0x00, 0x82, 
	0x00, 0x80, 0x01, 0x03, 0x00, 0x00, 0x00, 0x00, 0x00, 0x00, 0x00, 0x00, 0x00, 0x00, 0x00, 0x00, 
	0x00, 0x00, 0x00, 0x00, 0x00, 0x00, 0x00, 0x00, 0x00, 0x00, 0x00, 0x00, 0x00, 0x00, 0x00, 0x00, 
	0x00, 0x00, 0x00, 0x00, 0x00, 0x00, 0x00, 0x00, 0x00, 0x00, 0x00, 0x00, 0x00, 0x00, 0x00, 0x00, 
	0x00, 0x00, 0x00, 0x00, 0x00, 0x00, 0x00, 0x00, 0x00, 0x00, 0x00, 0x00, 0x00, 0x00, 0x00, 0x00, 
	0x00, 0x00, 0x00, 0x00, 0x00, 0x00, 0x00, 0x00, 0x00, 0x00, 0x00, 0x00, 0x00, 0x00, 0x00, 0x00, 
	0x00, 0x00, 0x00, 0x00, 0x00, 0x00, 0x00, 0x00, 0x00, 0x00, 0x00, 0x00, 0x00, 0x00, 0x00, 0x00, 
	0x00, 0x00, 0x00, 0x00, 0x00, 0x00, 0x00, 0x00, 0x00, 0x00, 0x00, 0x00, 0x00, 0x00, 0x00, 0x00, 
	0x00, 0x00, 0x00, 0x00, 0x00, 0x00, 0x00, 0x00, 0x00, 0x00, 0x00, 0x00, 0x00, 0x00, 0x00, 0x00, 
	0x00, 0x00, 0x00, 0x00, 0x00, 0x00, 0x00, 0x00, 0x00, 0x00, 0x00, 0x00, 0x00, 0x00, 0x00, 0x00, 
	0x00, 0x00, 0x00, 0x00, 0x00, 0x00, 0x00, 0x00, 0x00, 0x00, 0x00, 0x00, 0x00, 0x00, 0x00, 0x00, 
	0x00, 0x00, 0x00, 0x00, 0x00, 0x00, 0x00, 0x00, 0x00, 0x00, 0x00, 0x00, 0x00, 0x00, 0x00, 0x00, 
	0x00, 0x00, 0x00, 0x00, 0x00, 0x00, 0x00, 0x00, 0x00, 0x00, 0x00, 0x00, 0x00, 0x00, 0x00, 0x00, 
	0x00, 0x00, 0x00, 0x00, 0x00, 0x00, 0x00, 0x00, 0x00, 0x00, 0x00, 0x00, 0x00, 0x00, 0x00, 0x00, 
	0x00, 0x00, 0x00, 0x00, 0x00, 0x00, 0x00, 0x00, 0x00, 0x00, 0x00, 0x00, 0x00, 0x00, 0x00, 0x00, 
	0x00, 0x00, 0x00, 0x00, 0x00, 0x00, 0x00, 0x00, 0x00, 0x00, 0x00, 0x00, 0x00, 0x00, 0x00, 0x00, 
	0x00, 0x00, 0x00, 0x00, 0x00, 0x00, 0x00, 0x00, 0x00, 0x00, 0x00, 0x00, 0x00, 0x00, 0x00, 0x00, 
	0x00, 0x00, 0x00, 0x00, 0x00, 0x00, 0x00, 0x00, 0x00, 0x00, 0x00, 0x00, 0x00, 0x00, 0x00, 0x00, 
	0x00, 0x00, 0x00, 0x00, 0x00, 0x00, 0x00, 0x00, 0x00, 0x00, 0x00, 0x00, 0x00, 0x00, 0x00, 0x00, 
	0x00, 0x00, 0x00, 0x00, 0x00, 0x00, 0x00, 0x00, 0x00, 0x00, 0x00, 0x00, 0x00, 0x00, 0x00, 0x00, 
	0x00, 0x00, 0x00, 0x00, 0x00, 0x00, 0x00, 0x00, 0x00, 0x00, 0x00, 0x00, 0x00, 0x00, 0x00, 0x00, 
	0x00, 0x00, 0x00, 0x00, 0x00, 0x00, 0x00, 0x00, 0x00, 0x00, 0x00, 0x00, 0x00, 0x00, 0x00, 0x00, 
	0x00, 0x00, 0x00, 0x00, 0x00, 0x00, 0x00, 0x00, 0x00, 0x00, 0x00, 0x00, 0x00, 0x00, 0x00, 0x00, 
	0x00, 0x00, 0x00, 0x00, 0x00, 0x00, 0x00, 0x00, 0x00, 0x00, 0x00, 0x00, 0x00, 0x00, 0x00, 0x00, 
	0x00, 0x00, 0x00, 0x00, 0x00, 0x00, 0x00, 0x00, 0x00, 0x00, 0x00, 0x00, 0x00, 0x00, 0x00, 0x00, 
	0x00, 0x00, 0x00, 0x00, 0x00, 0x00, 0x00, 0x00, 0x00, 0x00, 0x00, 0x00, 0x00, 0x00, 0x00, 0x00, 
	0x00, 0x00, 0x00, 0x00, 0x00, 0x00, 0x00, 0x00, 0x00, 0x00, 0x00, 0x00, 0x00, 0x00, 0x00, 0x00, 
	0x00, 0x00, 0x00, 0x00, 0x00, 0x00, 0x00, 0x00, 0x00, 0x00, 0x00, 0x00, 0x00, 0x00, 0x00, 0x00, 
	0x00, 0x00, 0x00, 0x00, 0x00, 0x00, 0x00, 0x00, 0x00, 0x00, 0x00, 0x00, 0x00, 0x00, 0x00, 0x00, 
	0x00, 0x00, 0x00, 0x00, 0x00, 0x00, 0x00, 0x00, 0x00, 0x00, 0x00, 0x00, 0x00, 0x00, 0x00, 0x00, 
	0x00, 0x00, 0x00, 0x00, 0x00, 0x00, 0x00, 0x00, 0x00, 0x00, 0x00, 0x00, 0x00, 0x00, 0x00, 0x00, 
	0x00, 0x00, 0x00, 0x00, 0x00, 0x00, 0x00, 0x00, 0x00, 0x00, 0x00, 0x00, 0x00, 0x00, 0x00, 0x00, 
	0x00, 0x00, 0x00, 0x00, 0x00, 0x00, 0x00, 0x00, 0x00, 0x00, 0x00, 0x00, 0x00, 0x00, 0x00, 0x00, 
	0x00, 0x00, 0x00, 0x00, 0x00, 0x00, 0x00, 0x00, 0x00, 0x00, 0x00, 0x00, 0x00, 0x00, 0x00, 0x00, 
	0x00, 0x00, 0x00, 0x00, 0x00, 0x00, 0x00, 0x00, 0x00, 0x00, 0x00, 0x00, 0x00, 0x00, 0x00, 0x00, 
	0x00, 0x00, 0x00, 0x00, 0x00, 0x00, 0x00, 0x00, 0x00, 0x00, 0x00, 0x00, 0x00, 0x00, 0x00, 0x00, 
	0x00, 0x00, 0x00, 0x00, 0x00, 0x00, 0x00, 0x00, 0x00, 0x00, 0x00, 0x00, 0x00, 0x00, 0x00, 0x00, 
	0x00, 0x00, 0x00, 0x00, 0x00, 0x00, 0x00, 0x00, 0x00, 0x00, 0x00, 0x00, 0x00, 0x00, 0x00, 0x00, 
	0x00, 0x00, 0x00, 0x00, 0x00, 0x00, 0x00, 0x00, 0x00, 0x00, 0x00, 0x00, 0x00, 0x00, 0x00, 0x00, 
	0x00, 0x00, 0x00, 0x00, 0x00, 0x00, 0x00, 0x00, 0x00, 0x00, 0x00, 0x00, 0x00, 0x00, 0x00, 0x00, 
	0x00, 0x00, 0x00, 0x00, 0x00, 0x00, 0x00, 0x00, 0x00, 0x00, 0x00, 0x00, 0x00, 0x00, 0x00, 0x00, 
	0x00, 0x00, 0x00, 0x00, 0x00, 0x00, 0x00, 0x00, 0x00, 0x00, 0x00, 0x00, 0x00, 0x00, 0x00, 0x00, 
	0x00, 0x00, 0x00, 0x00, 0x00, 0x00, 0x00, 0x00, 0x00, 0x00, 0x00, 0x00, 0x00, 0x00, 0x00, 0x00, 
	0x00, 0x00, 0x00, 0x00, 0x00, 0x00, 0x00, 0x00, 0x00, 0x00, 0x00, 0x00, 0x00, 0x00, 0x00, 0x00, 
	0x00, 0x00, 0x00, 0x00, 0x00, 0x00, 0x00, 0x00, 0x00, 0x00, 0x00, 0x00, 0x00, 0x00, 0x00, 0x00, 
	0x00, 0x00, 0x00, 0x00, 0x00, 0x00, 0x00, 0x00, 0x00, 0x00, 0x00, 0x00, 0x00, 0x00, 0x00, 0x00, 
	0x00, 0x00, 0x00, 0x00, 0x00, 0x00, 0x00, 0x00, 0x00, 0x00, 0x00, 0x00, 0x00, 0x00, 0x00, 0x00, 
	0x00, 0x00, 0x00, 0x00, 0x00, 0x00, 0x00, 0x00, 0x00, 0x00, 0x00, 0x00, 0x00, 0x00, 0x00, 0x00, 
	0x00, 0x00, 0x00, 0x00, 0x00, 0x00, 0x00, 0x00, 0x00, 0x00, 0x00, 0x00, 0x00, 0x00, 0x00, 0x00, 
	0x00, 0x00, 0x00, 0x00, 0x00, 0x00, 0x00, 0x00, 0x00, 0x00, 0x00, 0x00, 0x00, 0x00, 0x00, 0x00, 
	0x00, 0x00, 0x00, 0x00, 0x00, 0x00, 0x00, 0x00, 0x00, 0x00, 0x00, 0x00, 0x00, 0x00, 0x00, 0x00, 
	0x00, 0x00, 0x00, 0x00, 0x00, 0x00, 0x00, 0x00, 0x00, 0x00, 0x00, 0x00, 0x00, 0x00, 0x00, 0x00, 
	0x00, 0x00, 0x00, 0x00, 0x00, 0x00, 0x00, 0x00, 0x00, 0x00, 0x00, 0x00, 0x00, 0x00, 0x00, 0x00, 
	0x00, 0x00, 0x00, 0x00, 0x00, 0x00, 0x00, 0x00, 0x00, 0x00, 0x00, 0x00, 0x00, 0x00, 0x00, 0x00, 
	0x00, 0x00, 0x00, 0x00, 0x00, 0x00, 0x00, 0x00, 0x00, 0x00, 0x00, 0x00, 0x00, 0x00, 0x00, 0x00, 
	0x00, 0x00, 0x00, 0x00, 0x00, 0x00, 0x00, 0x00, 0x00, 0x00, 0x00, 0x00, 0x00, 0x00, 0x00, 0x00, 
	0x00, 0x00, 0x00, 0x00, 0x00, 0x00, 0x00, 0x00, 0x00, 0x00, 0x00, 0x00, 0x00, 0x00, 0x00, 0x00, 
	0x00, 0x00, 0x00, 0x00, 0x00, 0x00, 0x00, 0x00, 0x00, 0x00, 0x00, 0x00, 0x00, 0x00, 0x00, 0x00, 
	0x00, 0x00, 0x00, 0x00, 0x00, 0x00, 0x00, 0x00, 0x00, 0x00, 0x00, 0x00, 0x00, 0x00, 0x00, 0x00, 
	0x00, 0x00, 0x00, 0x00, 0x00, 0x00, 0x00, 0x00, 0x00, 0x00, 0x00, 0x00, 0x00, 0x00, 0x00, 0x00, 
	0x00, 0x00, 0x00, 0x00, 0x00, 0x00, 0x00, 0x00, 0x00, 0x00, 0x00, 0x00, 0x00, 0x00, 0x00, 0x00, 
	0x00, 0x00, 0x00, 0x00, 0x00, 0x00, 0x00, 0x00, 0x00, 0x00, 0x00, 0x00, 0x00, 0x00, 0x00, 0x00, 
	0x00, 0x00, 0x00, 0x00, 0x00, 0x00, 0x00, 0x00, 0x00, 0x00, 0x00, 0x00, 0x00, 0x00, 0x00, 0x00, 
	0x00, 0x00, 0x00, 0x00, 0x00, 0x00, 0x00, 0x00, 0x00, 0x00, 0x00, 0x00, 0x00, 0x00, 0x00, 0x00, 
	0x00, 0x00, 0x00, 0x00, 0x00, 0x00, 0x00, 0x00, 0x00, 0x00, 0x00, 0x00, 0x00, 0x00, 0x00, 0x00, 
	0x00, 0x00, 0x00, 0x00, 0x00, 0x00, 0x11, 0x02, 0x82, 0x00, 0x00, 0x01, 0x03, 0x00, 0x00, 0x00, 
	0x00, 0x00, 0x00, 0x00, 0x00, 0x00, 0x00, 0x00, 0x00, 0x00, 0x00, 0x00, 0x00, 0x00, 0x00, 0x00, 
	0x00, 0x00, 0x00, 0x00, 0x00, 0x00, 0x00, 0x00, 0x00, 0x00, 0x00, 0x00, 0x00, 0x00, 0x00, 0x00, 
	0x00, 0x00, 0x00, 0x00, 0x00, 0x00, 0x00, 0x00, 0x00, 0x00, 0x00, 0x00, 0x00, 0x00, 0x00, 0x00, 
	0x00, 0x00, 0x00, 0x00, 0x00, 0x00, 0x00, 0x00, 0x00, 0x00, 0x00, 0x00, 0x00, 0x00, 0x00, 0x00, 
	0x00, 0x00, 0x00, 0x00, 0x00, 0x00, 0x00, 0x00, 0x00, 0x00, 0x00, 0x00, 0x00, 0x00, 0x00, 0x00, 
	0x00, 0x00, 0x00, 0x00, 0x00, 0x00, 0x00, 0x00, 0x00, 0x00, 0x00, 0x00, 0x00, 0x00, 0x00, 0x00, 
	0x00, 0x00, 0x00, 0x00, 0x00, 0x00, 0x00, 0x00, 0x00, 0x00, 0x00, 0x00, 0x00, 0x00, 0x00, 0x00, 
	0x00, 0x00, 0x00, 0x00, 0x00, 0x00, 0x00, 0x00, 0x00, 0x00, 0x00, 0x00, 0x00, 0x00, 0x00, 0x00, 
	0x00, 0x00, 0x00, 0x00, 0x00, 0x00, 0x00, 0x00, 0x00, 0x00, 0x00, 0x00, 0x00, 0x00, 0x00, 0x00, 
	0x00, 0x00, 0x00, 0x00, 0x00, 0x00, 0x00, 0x00, 0x00, 0x00, 0x00, 0x00, 0x00, 0x00, 0x00, 0x00, 
	0x00, 0x00, 0x00, 0x00, 0x00, 0x00, 0x00, 0x00, 0x00, 0x00, 0x00, 0x00, 0x00, 0x00, 0x00, 0x00, 
	0x00, 0x00, 0x00, 0x00, 0x00, 0x00, 0x00, 0x00, 0x00, 0x00, 0x00, 0x00, 0x00, 0x00, 0x00, 0x00, 
	0x00, 0x00, 0x00, 0x00, 0x00, 0x00, 0x00, 0x00, 0x00, 0x00, 0x00, 0x00, 0x00, 0x00, 0x00, 0x00, 
	0x00, 0x00, 0x00, 0x00, 0x00, 0x00, 0x00, 0x00, 0x00, 0x00, 0x00, 0x00, 0x00, 0x00, 0x00, 0x00, 
	0x00, 0x00, 0x00, 0x00, 0x00, 0x00, 0x00, 0x00, 0x00, 0x00, 0x00, 0x00, 0x00, 0x00, 0x00, 0x00, 
	0x00, 0x00, 0x00, 0x00, 0x00, 0x00, 0x00, 0x00, 0x00, 0x00, 0x00, 0x00, 0x00, 0x00, 0x00, 0x00, 
	0x00, 0x00, 0x00, 0x00, 0x00, 0x00, 0x00, 0x00, 0x00, 0x00, 0x00, 0x00, 0x00, 0x00, 0x00, 0x00, 
	0x00, 0x00, 0x00, 0x00, 0x00, 0x00, 0x00, 0x00, 0x00, 0x00, 0x00, 0x00, 0x00, 0x00, 0x00, 0x00, 
	0x00, 0x00, 0x00, 0x00, 0x00, 0x00, 0x00, 0x00, 0x00, 0x00, 0x00, 0x00, 0x00, 0x00, 0x00, 0x00, 
	0x00, 0x00, 0x00, 0x00, 0x00, 0x00, 0x00, 0x00, 0x00, 0x00, 0x00, 0x00, 0x00, 0x00, 0x00, 0x00, 
	0x00, 0x00, 0x00, 0x00, 0x00, 0x00, 0x00, 0x00, 0x00, 0x00, 0x00, 0x00, 0x00, 0x00, 0x00, 0x00, 
	0x00, 0x00, 0x00, 0x00, 0x00, 0x00, 0x00, 0x00, 0x00, 0x00, 0x00, 0x00, 0x00, 0x00, 0x00, 0x00, 
	0x00, 0x00, 0x00, 0x00, 0x00, 0x00, 0x00, 0x00, 0x00, 0x00, 0x00, 0x00, 0x00, 0x00, 0x00, 0x00, 
	0x00, 0x00, 0x00, 0x00, 0x00, 0x00, 0x00, 0x00, 0x00, 0x00, 0x00, 0x00, 0x00, 0x00, 0x00, 0x00, 
	0x00, 0x00, 0x00, 0x00, 0x00, 0x00, 0x00, 0x00, 0x00, 0x00, 0x00, 0x00, 0x00, 0x00, 0x00, 0x00, 
	0x00, 0x00, 0x00, 0x00, 0x00, 0x00, 0x00, 0x00, 0x00, 0x00, 0x00, 0x00, 0x00, 0x00, 0x00, 0x00, 
	0x00, 0x00, 0x00, 0x00, 0x00, 0x00, 0x00, 0x00, 0x00, 0x00, 0x00, 0x00, 0x00, 0x00, 0x00, 0x00, 
	0x00, 0x00, 0x00, 0x00, 0x00, 0x00, 0x00, 0x00, 0x00, 0x00, 0x00, 0x00, 0x00, 0x00, 0x00, 0x00, 
	0x00, 0x00, 0x00, 0x00, 0x00, 0x00, 0x00, 0x00, 0x00, 0x00, 0x00, 0x00, 0x00, 0x00, 0x00, 0x00, 
	0x00, 0x00, 0x00, 0x00, 0x00, 0x00, 0x00, 0x00, 0x00, 0x00, 0x00, 0x00, 0x00, 0x00, 0x00, 0x00, 
	0x00, 0x00, 0x00, 0x00, 0x00, 0x00, 0x00, 0x00, 0x00, 0x00, 0x00, 0x00, 0x00, 0x00, 0x00, 0x00, 
	0x00, 0x00, 0x00, 0x00, 0x00, 0x00, 0x00, 0x00, 0x00, 0x00, 0x00, 0x00, 0x00, 0x00, 0x00, 0x00, 
	0x00, 0x00, 0x00, 0x00, 0x00, 0x00, 0x00, 0x00, 0x00, 0x00, 0x00, 0x00, 0x00, 0x00, 0x00, 0x00, 
	0x00, 0x00, 0x00, 0x00, 0x00, 0x00, 0x00, 0x00, 0x00, 0x00, 0x00, 0x00, 0x00, 0x00, 0x00, 0x00, 
	0x00, 0x00, 0x00, 0x00, 0x00, 0x00, 0x00, 0x00, 0x00, 0x00, 0x00, 0x00, 0x00, 0x00, 0x00, 0x00, 
	0x00, 0x00, 0x00, 0x00, 0x00, 0x00, 0x00, 0x00, 0x00, 0x00, 0x00, 0x00, 0x00, 0x00, 0x00, 0x00, 
	0x00, 0x00, 0x00, 0x00, 0x00, 0x00, 0x00, 0x00, 0x00, 0x00, 0x00, 0x00, 0x00, 0x00, 0x00, 0x00, 
	0x00, 0x00, 0x00, 0x00, 0x00, 0x00, 0x00, 0x00, 0x00, 0x00, 0x00, 0x00, 0x00, 0x00, 0x00, 0x00, 
	0x00, 0x00, 0x00, 0x00, 0x00, 0x00, 0x00, 0x00, 0x00, 0x00, 0x00, 0x00, 0x00, 0x00, 0x00, 0x00, 
	0x00, 0x00, 0x00, 0x00, 0x00, 0x00, 0x00, 0x00, 0x00, 0x00, 0x00, 0x00, 0x00, 0x00, 0x00, 0x00, 
	0x00, 0x00, 0x00, 0x00, 0x00, 0x00, 0x00, 0x00, 0x00, 0x00, 0x00, 0x00, 0x00, 0x00, 0x00, 0x00, 
	0x00, 0x00, 0x00, 0x00, 0x00, 0x00, 0x00, 0x00, 0x00, 0x00, 0x00, 0x00, 0x00, 0x00, 0x00, 0x00, 
	0x00, 0x00, 0x00, 0x00, 0x00, 0x00, 0x00, 0x00, 0x00, 0x00, 0x00, 0x00, 0x00, 0x00, 0x00, 0x00, 
	0x00, 0x00, 0x00, 0x00, 0x00, 0x00, 0x00, 0x00, 0x00, 0x00, 0x00, 0x00, 0x00, 0x00, 0x00, 0x00, 
	0x00, 0x00, 0x00, 0x00, 0x00, 0x00, 0x00, 0x00, 0x00, 0x00, 0x00, 0x00, 0x00, 0x00, 0x00, 0x00, 
	0x00, 0x00, 0x00, 0x00, 0x00, 0x00, 0x00, 0x00, 0x00, 0x00, 0x00, 0x00, 0x00, 0x00, 0x00, 0x00, 
	0x00, 0x00, 0x00, 0x00, 0x00, 0x00, 0x00, 0x00, 0x00, 0x00, 0x00, 0x00, 0x00, 0x00, 0x00, 0x00, 
	0x00, 0x00, 0x00, 0x00, 0x00, 0x00, 0x00, 0x00, 0x00, 0x00, 0x00, 0x00, 0x00, 0x00, 0x00, 0x00, 
	0x00, 0x00, 0x00, 0x00, 0x00, 0x00, 0x00, 0x00, 0x00, 0x00, 0x00, 0x00, 0x00, 0x00, 0x00, 0x00, 
	0x00, 0x00, 0x00, 0x00, 0x00, 0x00, 0x00, 0x00, 0x00, 0x00, 0x00, 0x00, 0x00, 0x00, 0x00, 0x00, 
	0x00, 0x00, 0x00, 0x00, 0x00, 0x00, 0x00, 0x00, 0x00, 0x00, 0x00, 0x00, 0x00, 0x00, 0x00, 0x00, 
	0x00, 0x00, 0x00, 0x00, 0x00, 0x00, 0x00, 0x00, 0x00, 0x00, 0x00, 0x00, 0x00, 0x00, 0x00, 0x00, 
	0x00, 0x00, 0x00, 0x00, 0x00, 0x00, 0x00, 0x00, 0x00, 0x00, 0x00, 0x00, 0x00, 0x00, 0x00, 0x00, 
	0x00, 0x00, 0x00, 0x00, 0x00, 0x00, 0x00, 0x00, 0x00, 0x00, 0x00, 0x00, 0x00, 0x00, 0x00, 0x00, 
	0x00, 0x00, 0x00, 0x00, 0x00, 0x00, 0x00, 0x00, 0x00, 0x00, 0x00, 0x00, 0x00, 0x00, 0x00, 0x00, 
	0x00, 0x00, 0x00, 0x00, 0x00, 0x00, 0x00, 0x00, 0x00, 0x00, 0x00, 0x00, 0x00, 0x00, 0x00, 0x00, 
	0x00, 0x00, 0x00, 0x00, 0x00, 0x00, 0x00, 0x00, 0x00, 0x00, 0x00, 0x00, 0x00, 0x00, 0x00, 0x00, 
	0x00, 0x00, 0x00, 0x00, 0x00, 0x00, 0x00, 0x00, 0x00, 0x00, 0x00, 0x00, 0x00, 0x00, 0x00, 0x00, 
	0x00, 0x00, 0x00, 0x00, 0x00, 0x00, 0x00, 0x00, 0x00, 0x00, 0x00, 0x00, 0x00, 0x00, 0x00, 0x00, 
	0x00, 0x00, 0x00, 0x00, 0x00, 0x00, 0x00, 0x00, 0x00, 0x00, 0x00, 0x00, 0x00, 0x00, 0x00, 0x00, 
	0x00, 0x00, 0x00, 0x00, 0x00, 0x00, 0x00, 0x00, 0x00, 0x00, 0x00, 0x00, 0x00, 0x00, 0x00, 0x00, 
	0x00, 0x00, 0x00, 0x00, 0x00, 0x00, 0x00, 0x00, 0x00, 0x00, 0x00, 0x00, 0x00, 0x00, 0x00, 0x00, 
	0x00, 0x00, 0x00, 0x00, 0x00, 0x00, 0x00, 0x00, 0x00, 0x00, 0x00, 0x00, 0x00, 0x00, 0x00, 0x00, 
	0x00, 0x00, 0x00, 0x00, 0x00, 0x00, 0x00, 0x00, 0x00, 0x00, 0x00, 0x00, 0x00, 0x00, 0x00, 0x82, 
	0x00, 0x80, 0x01, 0x03, 0x00, 0x00, 0x00, 0x00, 0x00, 0x00, 0x00, 0x00, 0x00, 0x00, 0x00, 0x00, 
	0x00, 0x00, 0x00, 0x00, 0x00, 0x00, 0x00, 0x00, 0x00, 0x00, 0x00, 0x00, 0x00, 0x00, 0x00, 0x00, 
	0x00, 0x00, 0x00, 0x00, 0x00, 0x00, 0x00, 0x00, 0x00, 0x00, 0x00, 0x00, 0x00, 0x00, 0x00, 0x00, 
	0x00, 0x00, 0x00, 0x00, 0x00, 0x00, 0x00, 0x00, 0x00, 0x00, 0x00, 0x00, 0x00, 0x00, 0x00, 0x00, 
	0x00, 0x00, 0x00, 0x00, 0x00, 0x00, 0x00, 0x00, 0x00, 0x00, 0x00, 0x00, 0x00, 0x00, 0x00, 0x00, 
	0x00, 0x00, 0x00, 0x00, 0x00, 0x00, 0x00, 0x00, 0x00, 0x00, 0x00, 0x00, 0x00, 0x00, 0x00, 0x00, 
	0x00, 0x00, 0x00, 0x00, 0x00, 0x00, 0x00, 0x00, 0x00, 0x00, 0x00, 0x00, 0x00, 0x00, 0x00, 0x00, 
	0x00, 0x00, 0x00, 0x00, 0x00, 0x00, 0x00, 0x00, 0x00, 0x00, 0x00, 0x00, 0x00, 0x00, 0x00, 0x00, 
	0x00, 0x00, 0x00, 0x00, 0x00, 0x00, 0x00, 0x00, 0x00, 0x00, 0x00, 0x00, 0x00, 0x00, 0x00, 0x00, 
	0x00, 0x00, 0x00, 0x00, 0x00, 0x00, 0x00, 0x00, 0x00, 0x00, 0x00, 0x00, 0x00, 0x00, 0x00, 0x00, 
	0x00, 0x00, 0x00, 0x00, 0x00, 0x00, 0x00, 0x00, 0x00, 0x00, 0x00, 0x00, 0x00, 0x00, 0x00, 0x00, 
	0x00, 0x00, 0x00, 0x00, 0x00, 0x00, 0x00, 0x00, 0x00, 0x00, 0x00, 0x00, 0x00, 0x00, 0x00, 0x00, 
	0x00, 0x00, 0x00, 0x00, 0x00, 0x00, 0x00, 0x00, 0x00, 0x00, 0x00, 0x00, 0x00, 0x00, 0x00, 0x00, 
	0x00, 0x00, 0x00, 0x00, 0x00, 0x00, 0x00, 0x00, 0x00, 0x00, 0x00, 0x00, 0x00, 0x00, 0x00, 0x00, 
	0x00, 0x00, 0x00, 0x00, 0x00, 0x00, 0x00, 0x00, 0x00, 0x00, 0x00, 0x00, 0x00, 0x00, 0x00, 0x00, 
	0x00, 0x00, 0x00, 0x00, 0x00, 0x00, 0x00, 0x00, 0x00, 0x00, 0x00, 0x00, 0x00, 0x00, 0x00, 0x00, 
	0x00, 0x00, 0x00, 0x00, 0x00, 0x00, 0x00, 0x00, 0x00, 0x00, 0x00, 0x00, 0x00, 0x00, 0x00, 0x00, 
	0x00, 0x00, 0x00, 0x00, 0x00, 0x00, 0x00, 0x00, 0x00, 0x00, 0x00, 0x00, 0x00, 0x00, 0x00, 0x00, 
	0x00, 0x00, 0x00, 0x00, 0x00, 0x00, 0x00, 0x00, 0x00, 0x00, 0x00, 0x00, 0x00, 0x00, 0x00, 0x00, 
	0x00, 0x00, 0x00, 0x00, 0x00, 0x00, 0x00, 0x00, 0x00, 0x00, 0x00, 0x00, 0x00, 0x00, 0x00, 0x00, 
	0x00, 0x00, 0x00, 0x00, 0x00, 0x00, 0x00, 0x00, 0x00, 0x00, 0x00, 0x00, 0x00, 0x00, 0x00, 0x00, 
	0x00, 0x00, 0x00, 0x00, 0x00, 0x00, 0x00, 0x00, 0x00, 0x00, 0x00, 0x00, 0x00, 0x00, 0x00, 0x00, 
	0x00, 0x00, 0x00, 0x00, 0x00, 0x00, 0x00, 0x00, 0x00, 0x00, 0x00, 0x00, 0x00, 0x00, 0x00, 0x00, 
	0x00, 0x00, 0x00, 0x00, 0x00, 0x00, 0x00, 0x00, 0x00, 0x00, 0x00, 0x00, 0x00, 0x00, 0x00, 0x00, 
	0x00, 0x00, 0x00, 0x00, 0x00, 0x00, 0x00, 0x00, 0x00, 0x00, 0x00, 0x00, 0x00, 0x00, 0x00, 0x00, 
	0x00, 0x00, 0x00, 0x00, 0x00, 0x00, 0x00, 0x00, 0x00, 0x00, 0x00, 0x00, 0x00, 0x00, 0x00, 0x00, 
	0x00, 0x00, 0x00, 0x00, 0x00, 0x00, 0x00, 0x00, 0x00, 0x00, 0x00, 0x00, 0x00, 0x00, 0x00, 0x00, 
	0x00, 0x00, 0x00, 0x00, 0x00, 0x00, 0x00, 0x00, 0x00, 0x00, 0x00, 0x00, 0x00, 0x00, 0x00, 0x00, 
	0x00, 0x00, 0x00, 0x00, 0x00, 0x00, 0x00, 0x00, 0x00, 0x00, 0x00, 0x00, 0x00, 0x00, 0x00, 0x00, 
	0x00, 0x00, 0x00, 0x00, 0x00, 0x00, 0x00, 0x00, 0x00, 0x00, 0x00, 0x00, 0x00, 0x00, 0x00, 0x00, 
	0x00, 0x00, 0x00, 0x00, 0x00, 0x00, 0x00, 0x00, 0x00, 0x00, 0x00, 0x00, 0x00, 0x00, 0x00, 0x00, 
	0x00, 0x00, 0x00, 0x00, 0x00, 0x00, 0x00, 0x00, 0x00, 0x00, 0x00, 0x00, 0x00, 0x00, 0x00, 0x00, 
	0x00, 0x00, 0x00, 0x00, 0x00, 0x00, 0x00, 0x00, 0x00, 0x00, 0x00, 0x00, 0x00, 0x00, 0x00, 0x00, 
	0x00, 0x00, 0x00, 0x00, 0x00, 0x00, 0x00, 0x00, 0x00, 0x00, 0x00, 0x00, 0x00, 0x00, 0x00, 0x00, 
	0x00, 0x00, 0x00, 0x00, 0x00, 0x00, 0x00, 0x00, 0x00, 0x00, 0x00, 0x00, 0x00, 0x00, 0x00, 0x00, 
	0x00, 0x00, 0x00, 0x00, 0x00, 0x00, 0x00, 0x00, 0x00, 0x00, 0x00, 0x00, 0x00, 0x00, 0x00, 0x00, 
	0x00, 0x00, 0x00, 0x00, 0x00, 0x00, 0x00, 0x00, 0x00, 0x00, 0x00, 0x00, 0x00, 0x00, 0x00, 0x00, 
	0x00, 0x00, 0x00, 0x00, 0x00, 0x00, 0x00, 0x00, 0x00, 0x00, 0x00, 0x00, 0x00, 0x00, 0x00, 0x00, 
	0x00, 0x00, 0x00, 0x00, 0x00, 0x00, 0x00, 0x00, 0x00, 0x00, 0x00, 0x00, 0x00, 0x00, 0x00, 0x00, 
	0x00, 0x00, 0x00, 0x00, 0x00, 0x00, 0x00, 0x00, 0x00, 0x00, 0x00, 0x00, 0x00, 0x00, 0x00, 0x00, 
	0x00, 0x00, 0x00, 0x00, 0x00, 0x00, 0x00, 0x00, 0x00, 0x00, 0x00, 0x00, 0x00, 0x00, 0x00, 0x00, 
	0x00, 0x00, 0x00, 0x00, 0x00, 0x00, 0x00, 0x00, 0x00, 0x00, 0x00, 0x00, 0x00, 0x00, 0x00, 0x00, 
	0x00, 0x00, 0x00, 0x00, 0x00, 0x00, 0x00, 0x00, 0x00, 0x00, 0x00, 0x00, 0x00, 0x00, 0x00, 0x00, 
	0x00, 0x00, 0x00, 0x00, 0x00, 0x00, 0x00, 0x00, 0x00, 0x00, 0x00, 0x00, 0x00, 0x00, 0x00, 0x00, 
	0x00, 0x00, 0x00, 0x00, 0x00, 0x00, 0x00, 0x00, 0x00, 0x00, 0x00, 0x00, 0x00, 0x00, 0x00, 0x00, 
	0x00, 0x00, 0x00, 0x00, 0x00, 0x00, 0x00, 0x00, 0x00, 0x00, 0x00, 0x00, 0x00, 0x00, 0x00, 0x00, 
	0x00, 0x00, 0x00, 0x00, 0x00, 0x00, 0x00, 0x00, 0x00, 0x00, 0x00, 0x00, 0x00, 0x00, 0x00, 0x00, 
	0x00, 0x00, 0x00, 0x00, 0x00, 0x00, 0x00, 0x00, 0x00, 0x00, 0x00, 0x00, 0x00, 0x00, 0x00, 0x00, 
	0x00, 0x00, 0x00, 0x00, 0x00, 0x00, 0x00, 0x00, 0x00, 0x00, 0x00, 0x00, 0x00, 0x00, 0x00, 0x00, 
	0x00, 0x00, 0x00, 0x00, 0x00, 0x00, 0x00, 0x00, 0x00, 0x00, 0x00, 0x00, 0x00, 0x00, 0x00, 0x00, 
	0x00, 0x00, 0x00, 0x00, 0x00, 0x00, 0x00, 0x00, 0x00, 0x00, 0x00, 0x00, 0x00, 0x00, 0x00, 0x00, 
	0x00, 0x00, 0x00, 0x00, 0x00, 0x00, 0x00, 0x00, 0x00, 0x00, 0x00, 0x00, 0x00, 0x00, 0x00, 0x00, 
	0x00, 0x00, 0x00, 0x00, 0x00, 0x00, 0x00, 0x00, 0x00, 0x00, 0x00, 0x00, 0x00, 0x00, 0x00, 0x00, 
	0x00, 0x00, 0x00, 0x00, 0x00, 0x00, 0x00, 0x00, 0x00, 0x00, 0x00, 0x00, 0x00, 0x00, 0x00, 0x00, 
	0x00, 0x00, 0x00, 0x00, 0x00, 0x00, 0x00, 0x00, 0x00, 0x00, 0x00, 0x00, 0x00, 0x00, 0x00, 0x00, 
	0x00, 0x00, 0x00, 0x00, 0x00, 0x00, 0x00, 0x00, 0x00, 0x00, 0x00, 0x00, 0x00, 0x00, 0x00, 0x00, 
	0x00, 0x00, 0x00, 0x00, 0x00, 0x00, 0x00, 0x00, 0x00, 0x00, 0x00, 0x00, 0x00, 0x00, 0x00, 0x00, 
	0x00, 0x00, 0x00, 0x00, 0x00, 0x00, 0x00, 0x00, 0x00, 0x00, 0x00, 0x00, 0x00, 0x00, 0x00, 0x00, 
	0x00, 0x00, 0x00, 0x00, 0x00, 0x00, 0x00, 0x00, 0x00, 0x00, 0x00, 0x00, 0x00, 0x00, 0x00, 0x00, 
	0x00, 0x00, 0x00, 0x00, 0x00, 0x00, 0x00, 0x00, 0x00, 0x00, 0x00, 0x00, 0x00, 0x00, 0x00, 0x00, 
	0x00, 0x00, 0x00, 0x00, 0x00, 0x00, 0x00, 0x00, 0x00, 0x00, 0x00, 0x00, 0x00, 0x00, 0x00, 0x00, 
	0x00, 0x00, 0x00, 0x00, 0x00, 0x00, 0x00, 0x00, 0x00, 0x00, 0x00, 0x00, 0x00, 0x00, 0x00, 0x00, 
	0x00, 0x00, 0x00, 0x00, 0x00, 0x00, 0x00, 0x00, 0x00, 0x00, 0x00, 0x00, 0x00, 0x00, 0x00, 0x00, 
	0x00, 0x00, 0x00, 0x00, 0x00, 0x00, 0x00, 0x00, 0x00, 0x00, 0x00, 0x00, 0x00, 0x00, 0x00, 0x00, 
	0x00, 0x00, 0x00, 0x00, 0x00, 0x00, 0x11, 0x03, 0x82, 0x00, 0x00, 0x01, 0x03, 0x00, 0x00, 0x00, 
	0x00, 0x00, 0x00, 0x00, 0x00, 0x00, 0x00, 0x00, 0x00, 0x00, 0x00, 0x00, 0x00, 0x00, 0x00, 0x00, 
	0x00, 0x00, 0x00, 0x00, 0x00, 0x00, 0x00, 0x00, 0x00, 0x00, 0x00, 0x00, 0x00, 0x00, 0x00, 0x00, 
	0x00, 0x00, 0x00, 0x00, 0x00, 0x00, 0x00, 0x00, 0x00, 0x00, 0x00, 0x00, 0x00, 0x00, 0x00, 0x00, 
	0x00, 0x00, 0x00, 0x00, 0x00, 0x00, 0x00, 0x00, 0x00, 0x00, 0x00, 0x00, 0x00, 0x00, 0x00, 0x00, 
	0x00, 0x00, 0x00, 0x00, 0x00, 0x00, 0x00, 0x00, 0x00, 0x00, 0x00, 0x00, 0x00, 0x00, 0x00, 0x00, 
	0x00, 0x00, 0x00, 0x00, 0x00, 0x00, 0x00, 0x00, 0x00, 0x00, 0x00, 0x00, 0x00, 0x00, 0x00, 0x00, 
	0x00, 0x00, 0x00, 0x00, 0x00, 0x00, 0x00, 0x00, 0x00, 0x00, 0x00, 0x00, 0x00, 0x00, 0x00, 0x00, 
	0x00, 0x00, 0x00, 0x00, 0x00, 0x00, 0x00, 0x00, 0x00, 0x00, 0x00, 0x00, 0x00, 0x00, 0x00, 0x00, 
	0x00, 0x00, 0x00, 0x00, 0x00, 0x00, 0x00, 0x00, 0x00, 0x00, 0x00, 0x00, 0x00, 0x00, 0x00, 0x00, 
	0x00, 0x00, 0x00, 0x00, 0x00, 0x00, 0x00, 0x00, 0x00, 0x00, 0x00, 0x00, 0x00, 0x00, 0x00, 0x00, 
	0x00, 0x00, 0x00, 0x00, 0x00, 0x00, 0x00, 0x00, 0x00, 0x00, 0x00, 0x00, 0x00, 0x00, 0x00, 0x00, 
	0x00, 0x00, 0x00, 0x00, 0x00, 0x00, 0x00, 0x00, 0x00, 0x00, 0x00, 0x00, 0x00, 0x00, 0x00, 0x00, 
	0x00, 0x00, 0x00, 0x00, 0x00, 0x00, 0x00, 0x00, 0x00, 0x00, 0x00, 0x00, 0x00, 0x00, 0x00, 0x00, 
	0x00, 0x00, 0x00, 0x00, 0x00, 0x00, 0x00, 0x00, 0x00, 0x00, 0x00, 0x00, 0x00, 0x00, 0x00, 0x00, 
	0x00, 0x00, 0x00, 0x00, 0x00, 0x00, 0x00, 0x00, 0x00, 0x00, 0x00, 0x00, 0x00, 0x00, 0x00, 0x00, 
	0x00, 0x00, 0x00, 0x00, 0x00, 0x00, 0x00, 0x00, 0x00, 0x00, 0x00, 0x00, 0x00, 0x00, 0x00, 0x00, 
	0x00, 0x00, 0x00, 0x00, 0x00, 0x00, 0x00, 0x00, 0x00, 0x00, 0x00, 0x00, 0x00, 0x00, 0x00, 0x00, 
	0x00, 0x00, 0x00, 0x00, 0x00, 0x00, 0x00, 0x00, 0x00, 0x00, 0x00, 0x00, 0x00, 0x00, 0x00, 0x00, 
	0x00, 0x00, 0x00, 0x00, 0x00, 0x00, 0x00, 0x00, 0x00, 0x00, 0x00, 0x00, 0x00, 0x00, 0x00, 0x00, 
	0x00, 0x00, 0x00, 0x00, 0x00, 0x00, 0x00, 0x00, 0x00, 0x00, 0x00, 0x00, 0x00, 0x00, 0x00, 0x00, 
	0x00, 0x00, 0x00, 0x00, 0x00, 0x00, 0x00, 0x00, 0x00, 0x00, 0x00, 0x00, 0x00, 0x00, 0x00, 0x00, 
	0x00, 0x00, 0x00, 0x00, 0x00, 0x00, 0x00, 0x00, 0x00, 0x00, 0x00, 0x00, 0x00, 0x00, 0x00, 0x00, 
	0x00, 0x00, 0x00, 0x00, 0x00, 0x00, 0x00, 0x00, 0x00, 0x00, 0x00, 0x00, 0x00, 0x00, 0x00, 0x00, 
	0x00, 0x00, 0x00, 0x00, 0x00, 0x00, 0x00, 0x00, 0x00, 0x00, 0x00, 0x00, 0x00, 0x00, 0x00, 0x00, 
	0x00, 0x00, 0x00, 0x00, 0x00, 0x00, 0x00, 0x00, 0x00, 0x00, 0x00, 0x00, 0x00, 0x00, 0x00, 0x00, 
	0x00, 0x00, 0x00, 0x00, 0x00, 0x00, 0x00, 0x00, 0x00, 0x00, 0x00, 0x00, 0x00, 0x00, 0x00, 0x00, 
	0x00, 0x00, 0x00, 0x00, 0x00, 0x00, 0x00, 0x00, 0x00, 0x00, 0x00, 0x00, 0x00, 0x00, 0x00, 0x00, 
	0x00, 0x00, 0x00, 0x00, 0x00, 0x00, 0x00, 0x00, 0x00, 0x00, 0x00, 0x00, 0x00, 0x00, 0x00, 0x00, 
	0x00, 0x00, 0x00, 0x00, 0x00, 0x00, 0x00, 0x00, 0x00, 0x00, 0x00, 0x00, 0x00, 0x00, 0x00, 0x00, 
	0x00, 0x00, 0x00, 0x00, 0x00, 0x00, 0x00, 0x00, 0x00, 0x00, 0x00, 0x00, 0x00, 0x00, 0x00, 0x00, 
	0x00, 0x00, 0x00, 0x00, 0x00, 0x00, 0x00, 0x00, 0x00, 0x00, 0x00, 0x00, 0x00, 0x00, 0x00, 0x00, 
	0x00, 0x00, 0x00, 0x00, 0x00, 0x00, 0x00, 0x00, 0x00, 0x00, 0x00, 0x00, 0x00, 0x00, 0x00, 0x00, 
	0x00, 0x00, 0x00, 0x00, 0x00, 0x00, 0x00, 0x00, 0x00, 0x00, 0x00, 0x00, 0x00, 0x00, 0x00, 0x00, 
	0x00, 0x00, 0x00, 0x00, 0x00, 0x00, 0x00, 0x00, 0x00, 0x00, 0x00, 0x00, 0x00, 0x00, 0x00, 0x00, 
	0x00, 0x00, 0x00, 0x00, 0x00, 0x00, 0x00, 0x00, 0x00, 0x00, 0x00, 0x00, 0x00, 0x00, 0x00, 0x00, 
	0x00, 0x00, 0x00, 0x00, 0x00, 0x00, 0x00, 0x00, 0x00, 0x00, 0x00, 0x00, 0x00, 0x00, 0x00, 0x00, 
	0x00, 0x00, 0x00, 0x00, 0x00, 0x00, 0x00, 0x00, 0x00, 0x00, 0x00, 0x00, 0x00, 0x00, 0x00, 0x00, 
	0x00, 0x00, 0x00, 0x00, 0x00, 0x00, 0x00, 0x00, 0x00, 0x00, 0x00, 0x00, 0x00, 0x00, 0x00, 0x00, 
	0x00, 0x00, 0x00, 0x00, 0x00, 0x00, 0x00, 0x00, 0x00, 0x00, 0x00, 0x00, 0x00, 0x00, 0x00, 0x00, 
	0x00, 0x00, 0x00, 0x00, 0x00, 0x00, 0x00, 0x00, 0x00, 0x00, 0x00, 0x00, 0x00, 0x00, 0x00, 0x00, 
	0x00, 0x00, 0x00, 0x00, 0x00, 0x00, 0x00, 0x00, 0x00, 0x00, 0x00, 0x00, 0x00, 0x00, 0x00, 0x00, 
	0x00, 0x00, 0x00, 0x00, 0x00, 0x00, 0x00, 0x00, 0x00, 0x00, 0x00, 0x00, 0x00, 0x00, 0x00, 0x00, 
	0x00, 0x00, 0x00, 0x00, 0x00, 0x00, 0x00, 0x00, 0x00, 0x00, 0x00, 0x00, 0x00, 0x00, 0x00, 0x00, 
	0x00, 0x00, 0x00, 0x00, 0x00, 0x00, 0x00, 0x00, 0x00, 0x00, 0x00, 0x00, 0x00, 0x00, 0x00, 0x00, 
	0x00, 0x00, 0x00, 0x00, 0x00, 0x00, 0x00, 0x00, 0x00, 0x00, 0x00, 0x00, 0x00, 0x00, 0x00, 0x00, 
	0x00, 0x00, 0x00, 0x00, 0x00, 0x00, 0x00, 0x00, 0x00, 0x00, 0x00, 0x00, 0x00, 0x00, 0x00, 0x00, 
	0x00, 0x00, 0x00, 0x00, 0x00, 0x00, 0x00, 0x00, 0x00, 0x00, 0x00, 0x00, 0x00, 0x00, 0x00, 0x00, 
	0x00, 0x00, 0x00, 0x00, 0x00, 0x00, 0x00, 0x00, 0x00, 0x00, 0x00, 0x00, 0x00, 0x00, 0x00, 0x00, 
	0x00, 0x00, 0x00, 0x00, 0x00, 0x00, 0x00, 0x00, 0x00, 0x00, 0x00, 0x00, 0x00, 0x00, 0x00, 0x00, 
	0x00, 0x00, 0x00, 0x00, 0x00, 0x00, 0x00, 0x00, 0x00, 0x00, 0x00, 0x00, 0x00, 0x00, 0x00, 0x00, 
	0x00, 0x00, 0x00, 0x00, 0x00, 0x00, 0x00, 0x00, 0x00, 0x00, 0x00, 0x00, 0x00, 0x00, 0x00, 0x00, 
	0x00, 0x00, 0x00, 0x00, 0x00, 0x00, 0x00, 0x00, 0x00, 0x00, 0x00, 0x00, 0x00, 0x00, 0x00, 0x00, 
	0x00, 0x00, 0x00, 0x00, 0x00, 0x00, 0x00, 0x00, 0x00, 0x00, 0x00, 0x00, 0x00, 0x00, 0x00, 0x00, 
	0x00, 0x00, 0x00, 0x00, 0x00, 0x00, 0x00, 0x00, 0x00, 0x00, 0x00, 0x00, 0x00, 0x00, 0x00, 0x00, 
	0x00, 0x00, 0x00, 0x00, 0x00, 0x00, 0x00, 0x00, 0x00, 0x00, 0x00, 0x00, 0x00, 0x00, 0x00, 0x00, 
	0x00, 0x00, 0x00, 0x00, 0x00, 0x00, 0x00, 0x00, 0x00, 0x00, 0x00, 0x00, 0x00, 0x00, 0x00, 0x00, 
	0x00, 0x00, 0x00, 0x00, 0x00, 0x00, 0x00, 0x00, 0x00, 0x00, 0x00, 0x00, 0x00, 0x00, 0x00, 0x00, 
	0x00, 0x00, 0x00, 0x00, 0x00, 0x00, 0x00, 0x00, 0x00, 0x00, 0x00, 0x00, 0x00, 0x00, 0x00, 0x00, 
	0x00, 0x00, 0x00, 0x00, 0x00, 0x00, 0x00, 0x00, 0x00, 0x00, 0x00, 0x00, 0x00, 0x00, 0x00, 0x00, 
	0x00, 0x00, 0x00, 0x00, 0x00, 0x00, 0x00, 0x00, 0x00, 0x00, 0x00, 0x00, 0x00, 0x00, 0x00, 0x00, 
	0x00, 0x00, 0x00, 0x00, 0x00, 0x00, 0x00, 0x00, 0x00, 0x00, 0x00, 0x00, 0x00, 0x00, 0x00, 0x00, 
	0x00, 0x00, 0x00, 0x00, 0x00, 0x00, 0x00, 0x00, 0x00, 0x00, 0x00, 0x00, 0x00, 0x00, 0x00, 0x00, 
	0x00, 0x00, 0x00, 0x00, 0x00, 0x00, 0x00, 0x00, 0x00, 0x00, 0x00, 0x00, 0x00, 0x00, 0x00, 0x00, 
	0x00, 0x00, 0x00, 0x00, 0x00, 0x00, 0x00, 0x00, 0x00, 0x00, 0x00, 0x00, 0x00, 0x00, 0x00, 0x82, 
	0x00, 0x80, 0x01, 0x03, 0x00, 0x00, 0x00, 0x00, 0x00, 0x00, 0x00, 0x00, 0x00, 0x00, 0x00, 0x00, 
	0x00, 0x00, 0x00, 0x00, 0x00, 0x00, 0x00, 0x00, 0x00, 0x00, 0x00, 0x00, 0x00, 0x00, 0x00, 0x00, 
	0x00, 0x00, 0x00, 0x00, 0x00, 0x00, 0x00, 0x00, 0x00, 0x00, 0x00, 0x00, 0x00, 0x00, 0x00, 0x00, 
	0x00, 0x00, 0x00, 0x00, 0x00, 0x00, 0x00, 0x00, 0x00, 0x00, 0x00, 0x00, 0x00, 0x00, 0x00, 0x00, 
	0x00, 0x00, 0x00, 0x00, 0x00, 0x00, 0x00, 0x00, 0x00, 0x00, 0x00, 0x00, 0x00, 0x00, 0x00, 0x00, 
	0x00, 0x00, 0x00, 0x00, 0x00, 0x00, 0x00, 0x00, 0x00, 0x00, 0x00, 0x00, 0x00, 0x00, 0x00, 0x00, 
	0x00, 0x00, 0x00, 0x00, 0x00, 0x00, 0x00, 0x00, 0x00, 0x00, 0x00, 0x00, 0x00, 0x00, 0x00, 0x00, 
	0x00, 0x00, 0x00, 0x00, 0x00, 0x00, 0x00, 0x00, 0x00, 0x00, 0x00, 0x00, 0x00, 0x00, 0x00, 0x00, 
	0x00, 0x00, 0x00, 0x00, 0x00, 0x00, 0x00, 0x00, 0x00, 0x00, 0x00, 0x00, 0x00, 0x00, 0x00, 0x00, 
	0x00, 0x00, 0x00, 0x00, 0x00, 0x00, 0x00, 0x00, 0x00, 0x00, 0x00, 0x00, 0x00, 0x00, 0x00, 0x00, 
	0x00, 0x00, 0x00, 0x00, 0x00, 0x00, 0x00, 0x00, 0x00, 0x00, 0x00, 0x00, 0x00, 0x00, 0x00, 0x00, 
	0x00, 0x00, 0x00, 0x00, 0x00, 0x00, 0x00, 0x00, 0x00, 0x00, 0x00, 0x00, 0x00, 0x00, 0x00, 0x00, 
	0x00, 0x00, 0x00, 0x00, 0x00, 0x00, 0x00, 0x00, 0x00, 0x00, 0x00, 0x00, 0x00, 0x00, 0x00, 0x00, 
	0x00, 0x00, 0x00, 0x00, 0x00, 0x00, 0x00, 0x00, 0x00, 0x00, 0x00, 0x00, 0x00, 0x00, 0x00, 0x00, 
	0x00, 0x00, 0x00, 0x00, 0x00, 0x00, 0x00, 0x00, 0x00, 0x00, 0x00, 0x00, 0x00, 0x00, 0x00, 0x00, 
	0x00, 0x00, 0x00, 0x00, 0x00, 0x00, 0x00, 0x00, 0x00, 0x00, 0x00, 0x00, 0x00, 0x00, 0x00, 0x00, 
	0x00, 0x00, 0x00, 0x00, 0x00, 0x00, 0x00, 0x00, 0x00, 0x00, 0x00, 0x00, 0x00, 0x00, 0x00, 0x00, 
	0x00, 0x00, 0x00, 0x00, 0x00, 0x00, 0x00, 0x00, 0x00, 0x00, 0x00, 0x00, 0x00, 0x00, 0x00, 0x00, 
	0x00, 0x00, 0x00, 0x00, 0x00, 0x00, 0x00, 0x00, 0x00, 0x00, 0x00, 0x00, 0x00, 0x00, 0x00, 0x00, 
	0x00, 0x00, 0x00, 0x00, 0x00, 0x00, 0x00, 0x00, 0x00, 0x00, 0x00, 0x00, 0x00, 0x00, 0x00, 0x00, 
	0x00, 0x00, 0x00, 0x00, 0x00, 0x00, 0x00, 0x00, 0x00, 0x00, 0x00, 0x00, 0x00, 0x00, 0x00, 0x00, 
	0x00, 0x00, 0x00, 0x00, 0x00, 0x00, 0x00, 0x00, 0x00, 0x00, 0x00, 0x00, 0x00, 0x00, 0x00, 0x00, 
	0x00, 0x00, 0x00, 0x00, 0x00, 0x00, 0x00, 0x00, 0x00, 0x00, 0x00, 0x00, 0x00, 0x00, 0x00, 0x00, 
	0x00, 0x00, 0x00, 0x00, 0x00, 0x00, 0x00, 0x00, 0x00, 0x00, 0x00, 0x00, 0x00, 0x00, 0x00, 0x00, 
	0x00, 0x00, 0x00, 0x00, 0x00, 0x00, 0x00, 0x00, 0x00, 0x00, 0x00, 0x00, 0x00, 0x00, 0x00, 0x00, 
	0x00, 0x00, 0x00, 0x00, 0x00, 0x00, 0x00, 0x00, 0x00, 0x00, 0x00, 0x00, 0x00, 0x00, 0x00, 0x00, 
	0x00, 0x00, 0x00, 0x00, 0x00, 0x00, 0x00, 0x00, 0x00, 0x00, 0x00, 0x00, 0x00, 0x00, 0x00, 0x00, 
	0x00, 0x00, 0x00, 0x00, 0x00, 0x00, 0x00, 0x00, 0x00, 0x00, 0x00, 0x00, 0x00, 0x00, 0x00, 0x00, 
	0x00, 0x00, 0x00, 0x00, 0x00, 0x00, 0x00, 0x00, 0x00, 0x00, 0x00, 0x00, 0x00, 0x00, 0x00, 0x00, 
	0x00, 0x00, 0x00, 0x00, 0x00, 0x00, 0x00, 0x00, 0x00, 0x00, 0x00, 0x00, 0x00, 0x00, 0x00, 0x00, 
	0x00, 0x00, 0x00, 0x00, 0x00, 0x00, 0x00, 0x00, 0x00, 0x00, 0x00, 0x00, 0x00, 0x00, 0x00, 0x00, 
	0x00, 0x00, 0x00, 0x00, 0x00, 0x00, 0x00, 0x00, 0x00, 0x00, 0x00, 0x00, 0x00, 0x00, 0x00, 0x00, 
	0x00, 0x00, 0x00, 0x00, 0x00, 0x00, 0x00, 0x00, 0x00, 0x00, 0x00, 0x00, 0x00, 0x00, 0x00, 0x00, 
	0x00, 0x00, 0x00, 0x00, 0x00, 0x00, 0x00, 0x00, 0x00, 0x00, 0x00, 0x00, 0x00, 0x00, 0x00, 0x00, 
	0x00, 0x00, 0x00, 0x00, 0x00, 0x00, 0x00, 0x00, 0x00, 0x00, 0x00, 0x00, 0x00, 0x00, 0x00, 0x00, 
	0x00, 0x00, 0x00, 0x00, 0x00, 0x00, 0x00, 0x00, 0x00, 0x00, 0x00, 0x00, 0x00, 0x00, 0x00, 0x00, 
	0x00, 0x00, 0x00, 0x00, 0x00, 0x00, 0x00, 0x00, 0x00, 0x00, 0x00, 0x00, 0x00, 0x00, 0x00, 0x00, 
	0x00, 0x00, 0x00, 0x00, 0x00, 0x00, 0x00, 0x00, 0x00, 0x00, 0x00, 0x00, 0x00, 0x00, 0x00, 0x00, 
	0x00, 0x00, 0x00, 0x00, 0x00, 0x00, 0x00, 0x00, 0x00, 0x00, 0x00, 0x00, 0x00, 0x00, 0x00, 0x00, 
	0x00, 0x00, 0x00, 0x00, 0x00, 0x00, 0x00, 0x00, 0x00, 0x00, 0x00, 0x00, 0x00, 0x00, 0x00, 0x00, 
	0x00, 0x00, 0x00, 0x00, 0x00, 0x00, 0x00, 0x00, 0x00, 0x00, 0x00, 0x00, 0x00, 0x00, 0x00, 0x00, 
	0x00, 0x00, 0x00, 0x00, 0x00, 0x00, 0x00, 0x00, 0x00, 0x00, 0x00, 0x00, 0x00, 0x00, 0x00, 0x00, 
	0x00, 0x00, 0x00, 0x00, 0x00, 0x00, 0x00, 0x00, 0x00, 0x00, 0x00, 0x00, 0x00, 0x00, 0x00, 0x00, 
	0x00, 0x00, 0x00, 0x00, 0x00, 0x00, 0x00, 0x00, 0x00, 0x00, 0x00, 0x00, 0x00, 0x00, 0x00, 0x00, 
	0x00, 0x00, 0x00, 0x00, 0x00, 0x00, 0x00, 0x00, 0x00, 0x00, 0x00, 0x00, 0x00, 0x00, 0x00, 0x00, 
	0x00, 0x00, 0x00, 0x00, 0x00, 0x00, 0x00, 0x00, 0x00, 0x00, 0x00, 0x00, 0x00, 0x00, 0x00, 0x00, 
	0x00, 0x00, 0x00, 0x00, 0x00, 0x00, 0x00, 0x00, 0x00, 0x00, 0x00, 0x00, 0x00, 0x00, 0x00, 0x00, 
	0x00, 0x00, 0x00, 0x00, 0x00, 0x00, 0x00, 0x00, 0x00, 0x00, 0x00, 0x00, 0x00, 0x00, 0x00, 0x00, 
	0x00, 0x00, 0x00, 0x00, 0x00, 0x00, 0x00, 0x00, 0x00, 0x00, 0x00, 0x00, 0x00, 0x00, 0x00, 0x00, 
	0x00, 0x00, 0x00, 0x00, 0x00, 0x00, 0x00, 0x00, 0x00, 0x00, 0x00, 0x00, 0x00, 0x00, 0x00, 0x00, 
	0x00, 0x00, 0x00, 0x00, 0x00, 0x00, 0x00, 0x00, 0x00, 0x00, 0x00, 0x00, 0x00, 0x00, 0x00, 0x00, 
	0x00, 0x00, 0x00, 0x00, 0x00, 0x00, 0x00, 0x00, 0x00, 0x00, 0x00, 0x00, 0x00, 0x00, 0x00, 0x00, 
	0x00, 0x00, 0x00, 0x00, 0x00, 0x00, 0x00, 0x00, 0x00, 0x00, 0x00, 0x00, 0x00, 0x00, 0x00, 0x00, 
	0x00, 0x00, 0x00, 0x00, 0x00, 0x00, 0x00, 0x00, 0x00, 0x00, 0x00, 0x00, 0x00, 0x00, 0x00, 0x00, 
	0x00, 0x00, 0x00, 0x00, 0x00, 0x00, 0x00, 0x00, 0x00, 0x00, 0x00, 0x00, 0x00, 0x00, 0x00, 0x00, 
	0x00, 0x00, 0x00, 0x00, 0x00, 0x00, 0x00, 0x00, 0x00, 0x00, 0x00, 0x00, 0x00, 0x00, 0x00, 0x00, 
	0x00, 0x00, 0x00, 0x00, 0x00, 0x00, 0x00, 0x00, 0x00, 0x00, 0x00, 0x00, 0x00, 0x00, 0x00, 0x00, 
	0x00, 0x00, 0x00, 0x00, 0x00, 0x00, 0x00, 0x00, 0x00, 0x00, 0x00, 0x00, 0x00, 0x00, 0x00, 0x00, 
	0x00, 0x00, 0x00, 0x00, 0x00, 0x00, 0x00, 0x00, 0x00, 0x00, 0x00, 0x00, 0x00, 0x00, 0x00, 0x00, 
	0x00, 0x00, 0x00, 0x00, 0x00, 0x00, 0x00, 0x00, 0x00, 0x00, 0x00, 0x00, 0x00, 0x00, 0x00, 0x00, 
	0x00, 0x00, 0x00, 0x00, 0x00, 0x00, 0x00, 0x00, 0x00, 0x00, 0x00, 0x00, 0x00, 0x00, 0x00, 0x00, 
	0x00, 0x00, 0x00, 0x00, 0x00, 0x00, 0x00, 0x00, 0x00, 0x00, 0x00, 0x00, 0x00, 0x00, 0x00, 0x00, 
	0x00, 0x00, 0x00, 0x00, 0x00, 0x00, 0x00, 0x00, 0x00, 0x00, 0x00, 0x00, 0x00, 0x00, 0x00, 0x00, 
	0x00, 0x00, 0x00, 0x00, 0x00, 0x00, 0x00, 0x00, 0x00, 0x00, 0x00, 0x00, 0x00, 0x00, 0x00, 0x00, 
	0x00, 0x00, 0x00, 0x00, 0x00, 0x00, 0x22, 0x7B, 0xD4, 0x01, 0x06, 0x00, 
};

#ifdef __cplusplus
}
#endif

#endif // __cariboulite_fpga_firmware_h__
