/*
 * This file was automatically generated using the 'generate_bin_blob' tool
 * Modification of this file is not recommanded - please re-generate it
 * as needed and embed in the code library.
 */

#ifndef __cariboulite_fpga_firmware_h__
#define __cariboulite_fpga_firmware_h__

#ifdef __cplusplus
extern "C" {
#endif

#include <stdio.h>
#include <stdint.h>
#include <time.h>

/*
 * Time tagging of the module through the 'struct tm' structure
 *     Date: 2026-09-16
 *     Time: 18:27:35
 */
struct tm cariboulite_firmware_date_time = {
   .tm_sec = 35,
   .tm_min = 27,
   .tm_hour = 18,
   .tm_mday = 16,
   .tm_mon = 8,   /* +1    */
   .tm_year = 126,  /* +1900 */
};

/*
 * Data blob of variable cariboulite_firmware:
 *     Size: 32220 bytes
 *     Original filename: firmware/top.bin
 */
uint8_t cariboulite_firmware[] = {
	0xFF, 0x00, 0x00, 0xFF, 0x7E, 0xAA, 0x99, 0x7E, 0x51, 0x00, 0x01, 0x05, 0x92, 0x00, 0x20, 0x62,
	0x01, 0x4B, 0x72, 0x00, 0x90, 0x82, 0x00, 0x00, 0x11, 0x00, 0x01, 0x01, 0x00, 0x00, 0x00, 0x00,
	0x00, 0x00, 0x00, 0x00, 0x00, 0x00, 0x00, 0x00, 0x00, 0x00, 0x00, 0x00, 0x00, 0x00, 0x00, 0x00,
	0x00, 0x00, 0x00, 0x00, 0x00, 0x00, 0x00, 0x00, 0x10, 0x02, 0x00, 0x00, 0x00, 0x00, 0x00, 0x40,
	0x07, 0x80, 0x00, 0x00, 0x00, 0x00, 0x00, 0x00, 0x00, 0x00, 0x00, 0x00, 0x00, 0x00, 0x00, 0x00,
	0x00, 0x00, 0x00, 0x00, 0x00, 0x00, 0x00, 0x00, 0x00, 0x00, 0x00, 0x00, 0x00, 0x00, 0x00, 0x00,
	0x00, 0x00, 0x00, 0x0C, 0x00, 0x00, 0x00, 0x00, 0x00, 0x00, 0x08, 0x00, 0x00, 0x00, 0x00, 0x00,
	0x00, 0x00, 0x00, 0x00, 0x00, 0x00, 0x00, 0x00, 0x00, 0x00, 0x00, 0x00, 0x10, 0x00, 0x00, 0x00,
	0x00, 0x00, 0x00, 0x00, 0x00, 0x00, 0x00, 0x00, 0x20, 0x00, 0x00, 0x10, 0x00, 0x00, 0x00, 0x00,
	0x00, 0x00, 0x40, 0x00, 0x00, 0x00, 0x00, 0x00, 0x00, 0x00, 0x00, 0x00, 0x00, 0x00, 0x00, 0x00,
	0x00, 0x00, 0x00, 0x00, 0x00, 0x00, 0x00, 0x00, 0x00, 0x00, 0x00, 0x00, 0x00, 0x00, 0x00, 0x03,
	0x80, 0x00, 0x00, 0x00, 0x00, 0x00, 0x00, 0x00, 0x00, 0x00, 0x00, 0x00, 0x00, 0x00, 0x00, 0x00,
	0x00, 0x00, 0x00, 0x00, 0x00, 0x00, 0x00, 0x00, 0x00, 0x00, 0x00, 0x00, 0x00, 0x00, 0x00, 0x00,
	0x00, 0x00, 0x00, 0x00, 0x00, 0x00, 0x00, 0x00, 0x00, 0x00, 0x00, 0x0C, 0x00, 0x00, 0x20, 0x00,
	0x00, 0x01, 0x50, 0x00, 0x00, 0x80, 0x08, 0x00, 0x09, 0x40, 0x00, 0x00, 0x00, 0x00, 0x00, 0x00,
	0x00, 0x00, 0x00, 0x00, 0x00, 0x00, 0x00, 0x00, 0x00, 0x00, 0x00, 0x00, 0x00, 0x00, 0x00, 0x00,
	0x00, 0x00, 0x00, 0x00, 0x00, 0xC0, 0x00, 0x00, 0x00, 0x00, 0x00, 0x1E, 0x00, 0x00, 0x00, 0x00,
	0xB0, 0x00, 0x78, 0x00, 0x00, 0x00, 0x00, 0x00, 0x00, 0x00, 0x04, 0x00, 0x00, 0x00, 0x00, 0x00,
	0x00, 0x10, 0x00, 0x00, 0x00, 0x00, 0x00, 0x00, 0x40, 0x00, 0x00, 0x00, 0x00, 0x00, 0x00, 0x00,
	0x00, 0x00, 0x00, 0x00, 0x00, 0x00, 0x00, 0x00, 0x00, 0x00, 0x04, 0x00, 0x00, 0x00, 0x00, 0x00,
	0x00, 0x00, 0x00, 0x00, 0x00, 0x00, 0x00, 0x00, 0x00, 0x00, 0x00, 0x00, 0x00, 0x00, 0x00, 0x00,
	0x00, 0x00, 0x00, 0x00, 0x00, 0x00, 0x00, 0x00, 0x00, 0x00, 0x00, 0x00, 0x0E, 0x10, 0x00, 0x00,
	0x00, 0x00, 0x00, 0x00, 0x00, 0x00, 0x00, 0x00, 0x00, 0x00, 0x00, 0x00, 0x00, 0x04, 0x00, 0x00,
	0x00, 0x00, 0x00, 0x00, 0x10, 0x00, 0x00, 0x00, 0x00, 0x00, 0x00, 0x40, 0x00, 0x00, 0x00, 0x00,
	0x30, 0x00, 0x00, 0x00, 0x00, 0x03, 0x60, 0x80, 0x00, 0x00, 0x00, 0x00, 0x03, 0x82, 0x00, 0x00,
	0x00, 0x00, 0x00, 0x00, 0x00, 0x00, 0x00, 0x00, 0x00, 0x00, 0x00, 0x00, 0x00, 0x00, 0x00, 0x00,
	0x00, 0x00, 0x00, 0x00, 0x00, 0x00, 0x00, 0x00, 0x0D, 0x00, 0x00, 0x00, 0x00, 0x00, 0x00, 0x1C,
	0x00, 0x00, 0x00, 0x00, 0x00, 0x00, 0x00, 0x00, 0x00, 0x00, 0x00, 0x00, 0x00, 0x00, 0x00, 0x00,
	0x00, 0x00, 0x00, 0x00, 0x00, 0x00, 0x00, 0x00, 0x00, 0x00, 0x00, 0x00, 0x00, 0x00, 0x00, 0x00,
	0x00, 0x00, 0x00, 0x00, 0x70, 0x00, 0x00, 0x00, 0x00, 0x00, 0x03, 0xC0, 0x00, 0x00, 0x00, 0x03,
	0x00, 0x0F, 0x00, 0x00, 0x00, 0x00, 0x00, 0x00, 0x00, 0x00, 0x00, 0x00, 0x00, 0x00, 0x00, 0x00,
	0x00, 0x00, 0x00, 0x00, 0x00, 0x00, 0x00, 0x00, 0x00, 0x00, 0x40, 0x05, 0x80, 0x09, 0x00, 0x00,
	0x01, 0x00, 0x00, 0x00, 0x34, 0x00, 0x00, 0x04, 0x00, 0x80, 0x00, 0x70, 0x00, 0x00, 0x00, 0x00,
	0x00, 0x00, 0x00, 0x00, 0x00, 0x00, 0x00, 0x00, 0x00, 0x00, 0x00, 0x00, 0x00, 0x00, 0x00, 0x00,
	0x00, 0x00, 0x00, 0x00, 0x00, 0x00, 0x40, 0x00, 0x00, 0x00, 0x00, 0x02, 0x00, 0x00, 0x00, 0x00,
	0x00, 0x00, 0x08, 0x00, 0x00, 0x00, 0x00, 0x00, 0x00, 0x00, 0x00, 0x00, 0x00, 0x00, 0x60, 0x00,
	0x00, 0x00, 0x00, 0x00, 0x00, 0x00, 0x00, 0x00, 0x00, 0x00, 0x00, 0x00, 0x00, 0x40, 0x00, 0x00,
	0x00, 0x00, 0x00, 0x01, 0x00, 0x0C, 0x00, 0x00, 0x00, 0x00, 0x04, 0x00, 0x30, 0x20, 0x00, 0x00,
	0x00, 0x00, 0x00, 0x00, 0x00, 0x00, 0x00, 0x00, 0x00, 0x00, 0x00, 0x00, 0x00, 0x00, 0x00, 0x00,
	0x00, 0x00, 0x00, 0x00, 0x00, 0x00, 0x00, 0x00, 0x00, 0x00, 0x00, 0x00, 0x00, 0x00, 0x00, 0x00,
	0x40, 0x60, 0x00, 0x00, 0x00, 0x00, 0x01, 0x00, 0x00, 0x00, 0x00, 0x00, 0x00, 0x00, 0x00, 0x00,
	0x00, 0x00, 0x00, 0x00, 0x00, 0x00, 0x00, 0x01, 0x80, 0x00, 0x00, 0x00, 0x00, 0x00, 0x06, 0x00,
	0x80, 0x00, 0x00, 0x00, 0x00, 0x00, 0x02, 0x00, 0x00, 0x10, 0x00, 0x00, 0x00, 0x08, 0x00, 0x00,
	0x00, 0x00, 0x00, 0x00, 0x00, 0x00, 0x01, 0x80, 0x00, 0x00, 0x00, 0x00, 0x00, 0x00, 0x02, 0xE0,
	0x00, 0x00, 0x24, 0x00, 0x00, 0x00, 0x00, 0x80, 0x40, 0x00, 0x01, 0x40, 0x1C, 0x00, 0x04, 0x00,
	0x00, 0x50, 0x00, 0x00, 0x00, 0x00, 0x00, 0x01, 0x60, 0x00, 0x00, 0x00, 0x00, 0x00, 0x00, 0x00,
	0x18, 0x10, 0x00, 0x00, 0x00, 0x00, 0x00, 0x00, 0x04, 0x00, 0x0A, 0x00, 0x00, 0x00, 0x00, 0x70,
	0x01, 0x24, 0x00, 0x00, 0x36, 0x2C, 0x20, 0x04, 0x40, 0x40, 0x2A, 0x00, 0x00, 0x00, 0x00, 0x00,
	0x0A, 0x0B, 0xC0, 0x00, 0x00, 0x00, 0x00, 0x00, 0x00, 0x00, 0x00, 0x00, 0x00, 0x00, 0x00, 0x00,
	0xA0, 0x00, 0x00, 0x00, 0x00, 0x00, 0x02, 0x80, 0x0F, 0x01, 0xF0, 0x01, 0xA0, 0x00, 0x00, 0x01,
	0xA1, 0x04, 0x00, 0x80, 0x00, 0x00, 0x00, 0x00, 0x00, 0x02, 0x00, 0x80, 0x00, 0x00, 0x00, 0x00,
	0x00, 0x00, 0x00, 0x00, 0x00, 0x00, 0x00, 0x00, 0x00, 0x02, 0x00, 0x00, 0x00, 0x00, 0x00, 0x00,
	0x08, 0x30, 0xB0, 0xD1, 0x3C, 0x02, 0x00, 0x00, 0x2C, 0x00, 0x00, 0x40, 0x28, 0x00, 0x70, 0x00,
	0x00, 0x00, 0x00, 0x20, 0x14, 0x03, 0x80, 0x00, 0x00, 0x00, 0x00, 0x00, 0x00, 0x00, 0x00, 0x00,
	0x00, 0x00, 0x00, 0x00, 0x20, 0x40, 0x00, 0x00, 0x04, 0x01, 0x00, 0x00, 0x08, 0x00, 0x00, 0xCA,
	0x10, 0x00, 0x00, 0x00, 0x24, 0x01, 0x00, 0x27, 0x8E, 0x03, 0x04, 0x10, 0x04, 0x00, 0x00, 0x79,
	0x5E, 0xA0, 0x00, 0x00, 0x00, 0x00, 0x00, 0x00, 0x00, 0x00, 0x00, 0x00, 0x00, 0x00, 0x00, 0x03,
	0xC0, 0x08, 0x00, 0x30, 0x00, 0x00, 0x0B, 0x00, 0x04, 0x40, 0x80, 0x00, 0x09, 0x00, 0x41, 0x32,
	0x01, 0x00, 0x00, 0x40, 0x01, 0x00, 0xC0, 0xE3, 0xC4, 0x00, 0x0A, 0x00, 0x00, 0x00, 0x00, 0x00,
	0x00, 0x00, 0x00, 0x00, 0x00, 0x00, 0x00, 0x00, 0x60, 0x04, 0x00, 0x04, 0x00, 0x00, 0x51, 0x08,
	0x80, 0x00, 0x00, 0x01, 0x43, 0xA0, 0x00, 0x04, 0x00, 0x00, 0x00, 0x01, 0x00, 0x00, 0x00, 0x00,
	0x00, 0x00, 0x06, 0x6E, 0xAA, 0x40, 0x00, 0x00, 0x00, 0x00, 0x00, 0x00, 0x00, 0x00, 0x00, 0x00,
	0x00, 0x00, 0x00, 0x00, 0x04, 0x00, 0x00, 0x02, 0x71, 0xED, 0x00, 0x00, 0x00, 0x02, 0x43, 0xC0,
	0x08, 0x60, 0x00, 0x00, 0x00, 0xD0, 0x00, 0x00, 0x00, 0x00, 0x00, 0x03, 0xF7, 0x05, 0xA1, 0x00,
	0x00, 0x00, 0x00, 0x00, 0x00, 0x00, 0x00, 0x00, 0x00, 0x00, 0x40, 0x00, 0x01, 0xE1, 0x04, 0x00,
	0x00, 0x01, 0x01, 0x00, 0x00, 0x00, 0x20, 0x00, 0x00, 0x00, 0x04, 0x00, 0x28, 0x50, 0x08, 0x58,
	0x00, 0x10, 0x00, 0x00, 0x00, 0x00, 0x00, 0x00, 0x00, 0x00, 0x00, 0x00, 0x02, 0x80, 0x00, 0x00,
	0x00, 0x00, 0x00, 0x00, 0x5C, 0x00, 0x10, 0x00, 0x00, 0x00, 0x00, 0xF0, 0xB1, 0x00, 0x00, 0x00,
	0x04, 0x3C, 0x40, 0x08, 0x40, 0x00, 0x03, 0x00, 0x00, 0x80, 0x11, 0x00, 0x00, 0xC0, 0x00, 0x00,
	0x00, 0x00, 0x00, 0x00, 0x00, 0x00, 0x00, 0x00, 0x00, 0x00, 0x00, 0x00, 0x00, 0x00, 0x00, 0x00,
	0x00, 0x24, 0x00, 0x00, 0x08, 0x00, 0xB8, 0x02, 0x00, 0x00, 0x00, 0x16, 0x00, 0x05, 0x04, 0x28,
	0x00, 0x00, 0x00, 0x00, 0x00, 0x00, 0x00, 0x00, 0x00, 0x00, 0x00, 0x00, 0x00, 0x00, 0x00, 0x00,
	0x00, 0x00, 0x00, 0x00, 0x00, 0x00, 0x00, 0x00, 0x00, 0x08, 0x00, 0x00, 0x00, 0x00, 0x50, 0x05,
	0x00, 0x00, 0x00, 0x00, 0x00, 0x20, 0x04, 0x40, 0x41, 0x04, 0x00, 0x00, 0x00, 0x00, 0x00, 0x00,
	0x00, 0x00, 0x00, 0x00, 0x00, 0x00, 0x00, 0x00, 0x01, 0x00, 0x00, 0x00, 0x00, 0x00, 0x00, 0x00,
	0x20, 0x06, 0x20, 0x00, 0x04, 0x00, 0x00, 0x05, 0x80, 0x80, 0x00, 0x02, 0x00, 0x00, 0x60, 0x00,
	0x04, 0x00, 0x00, 0x00, 0x00, 0x80, 0x00, 0x10, 0x00, 0x09, 0x00, 0x30, 0x00, 0x00, 0x00, 0x00,
	0x00, 0x00, 0x00, 0x00, 0x00, 0x00, 0x00, 0x00, 0x00, 0x00, 0x00, 0x01, 0x40, 0x08, 0x00, 0x00,
	0x00, 0x00, 0x8D, 0x00, 0x00, 0x00, 0x00, 0x2A, 0x40, 0x08, 0x40, 0x80, 0x80, 0x00, 0x07, 0x00,
	0x21, 0x00, 0x00, 0xC0, 0x04, 0x00, 0x00, 0x00, 0x00, 0x00, 0x00, 0x00, 0x00, 0x00, 0x00, 0x00,
	0x00, 0x00, 0x00, 0x00, 0x00, 0x40, 0x00, 0x00, 0x01, 0x00, 0x00, 0x00, 0x00, 0x00, 0xC0, 0x00,
	0x40, 0x40, 0x00, 0x24, 0x01, 0x00, 0x01, 0x00, 0x00, 0x00, 0x00, 0x00, 0x00, 0x36, 0x03, 0xE0,
	0xA5, 0x00, 0x00, 0x00, 0x00, 0x00, 0x00, 0x00, 0x00, 0x00, 0x00, 0x00, 0x00, 0x00, 0x20, 0x00,
	0x00, 0x00, 0x30, 0x00, 0x00, 0x03, 0x00, 0x0C, 0xA0, 0x00, 0x28, 0x08, 0x00, 0x40, 0x10, 0x00,
	0x00, 0x00, 0x00, 0x00, 0x00, 0x00, 0x01, 0x40, 0x1C, 0x00, 0x00, 0x10, 0x00, 0x00, 0x00, 0x00,
	0x00, 0x00, 0x00, 0x00, 0x00, 0x00, 0x00, 0x00, 0x00, 0x00, 0x00, 0x00, 0x04, 0x00, 0x00, 0x80,
	0x40, 0x00, 0x08, 0x00, 0x00, 0x00, 0x24, 0x00, 0x50, 0x08, 0x0E, 0x10, 0x00, 0x10, 0x00, 0x40,
	0x06, 0x05, 0x5D, 0xE7, 0x00, 0x00, 0x00, 0x00, 0x00, 0x00, 0x00, 0x00, 0x00, 0x00, 0x00, 0x00,
	0x00, 0x29, 0x40, 0x08, 0x00, 0x00, 0x20, 0x04, 0xE3, 0x24, 0x00, 0x81, 0x40, 0x3C, 0x0D, 0x00,
	0x40, 0x00, 0x80, 0x11, 0x00, 0x80, 0x11, 0x00, 0x00, 0x01, 0xC2, 0x1E, 0xAE, 0x20, 0x00, 0x00,
	0x00, 0x28, 0x00, 0x00, 0x00, 0x00, 0x00, 0x00, 0xA0, 0x02, 0x00, 0x20, 0x00, 0x06, 0x02, 0x84,
	0x0B, 0x81, 0xD8, 0x00, 0xA0, 0x00, 0x00, 0x0E, 0x00, 0x04, 0x02, 0x80, 0x07, 0x00, 0x00, 0x00,
	0x90, 0x02, 0x4A, 0x26, 0x05, 0x79, 0xA4, 0x40, 0x00, 0x00, 0x00, 0x80, 0x00, 0x00, 0x00, 0x00,
	0x00, 0x0A, 0x00, 0x14, 0x01, 0x40, 0x08, 0x08, 0x20, 0x00, 0x78, 0xF1, 0xB4, 0x0A, 0x00, 0x00,
	0x00, 0x00, 0x04, 0x40, 0x0A, 0x80, 0x00, 0x00, 0x30, 0x01, 0x00, 0x22, 0x23, 0xE3, 0x85, 0xA9,
	0x84, 0x00, 0x00, 0x00, 0x00, 0x00, 0x00, 0x00, 0x00, 0x01, 0x00, 0x40, 0x03, 0x62, 0x00, 0x00,
	0x04, 0x05, 0x08, 0x41, 0x00, 0x80, 0x00, 0x40, 0x00, 0x00, 0x5E, 0x00, 0x04, 0x03, 0x20, 0x00,
	0x1A, 0x06, 0x04, 0x10, 0x00, 0x00, 0x00, 0x01, 0x7D, 0x20, 0x40, 0x00, 0x00, 0x00, 0x00, 0x00,
	0x00, 0xF0, 0x02, 0x00, 0x0C, 0x00, 0x36, 0x43, 0xC0, 0x08, 0x21, 0x10, 0x00, 0x08, 0x01, 0x00,
	0x04, 0x08, 0x01, 0x3C, 0x00, 0x04, 0x40, 0x31, 0x83, 0x00, 0x00, 0x00, 0x01, 0x01, 0x00, 0x00,
	0x02, 0xA4, 0x97, 0xA4, 0x00, 0x00, 0x02, 0x00, 0x00, 0x00, 0x00, 0x00, 0x09, 0x00, 0x00, 0x00,
	0x00, 0x00, 0x00, 0x00, 0x00, 0x00, 0x07, 0x18, 0x80, 0x00, 0x00, 0x14, 0x40, 0x00, 0x10, 0x24,
	0x00, 0x02, 0x47, 0x0E, 0x00, 0x00, 0x90, 0x00, 0x00, 0x26, 0x00, 0x00, 0x00, 0x00, 0x00, 0x00,
	0x00, 0x03, 0x00, 0x00, 0x03, 0x40, 0x00, 0x00, 0x00, 0x14, 0x00, 0x00, 0x00, 0x00, 0x00, 0x00,
	0x19, 0x85, 0x00, 0x00, 0x00, 0x80, 0x00, 0x0F, 0x00, 0x40, 0x00, 0x00, 0x58, 0x00, 0x38, 0x01,
	0x00, 0x00, 0x02, 0x60, 0x00, 0x00, 0x00, 0x00, 0x00, 0x00, 0x00, 0x00, 0x01, 0xF0, 0x00, 0x01,
	0x00, 0x00, 0x00, 0x00, 0x00, 0x00, 0x24, 0x00, 0x40, 0x40, 0x08, 0x80, 0x00, 0x02, 0x02, 0x00,
	0x14, 0x08, 0x10, 0x04, 0x08, 0x5F, 0x8E, 0x5B, 0x80, 0x00, 0x00, 0x00, 0xC0, 0x00, 0x1E, 0x10,
	0x41, 0x00, 0x00, 0x20, 0x00, 0x03, 0x18, 0xB0, 0x02, 0x00, 0x00, 0x00, 0x00, 0x00, 0x09, 0x00,
	0x20, 0x04, 0x00, 0x00, 0x05, 0x00, 0x00, 0x08, 0x1C, 0x24, 0x2F, 0x81, 0x08, 0x00, 0x00, 0x38,
	0x01, 0x6C, 0x40, 0x00, 0x00, 0x08, 0x00, 0x00, 0x00, 0x04, 0x00, 0x00, 0x00, 0x00, 0x00, 0x00,
	0x00, 0x00, 0x00, 0x00, 0x0A, 0x00, 0x00, 0x00, 0x00, 0x20, 0x00, 0x00, 0x08, 0x00, 0xD0, 0x00,
	0x00, 0x00, 0x00, 0x00, 0xC1, 0x04, 0x00, 0x00, 0x0F, 0x80, 0x80, 0x00, 0x10, 0x00, 0xA0, 0x06,
	0x03, 0xD9, 0x47, 0x40, 0x00, 0x00, 0x00, 0x00, 0x00, 0x00, 0x00, 0x00, 0x00, 0x00, 0x60, 0x00,
	0x00, 0x0A, 0x00, 0x00, 0x00, 0x00, 0xB0, 0x0D, 0x00, 0x00, 0x00, 0x3C, 0x00, 0x00, 0x00, 0x40,
	0x00, 0x00, 0x18, 0x03, 0x00, 0x21, 0x04, 0x0C, 0xC0, 0x00, 0x15, 0xC8, 0x15, 0x00, 0x00, 0x00,
	0x00, 0x00, 0x01, 0x80, 0x00, 0x00, 0x00, 0x00, 0x00, 0xE2, 0x80, 0x00, 0x00, 0x00, 0x00, 0x41,
	0x00, 0x00, 0x00, 0x00, 0x00, 0xE2, 0x40, 0xE1, 0x04, 0x00, 0x00, 0x08, 0x09, 0x32, 0x40, 0x40,
	0x20, 0x01, 0x06, 0x01, 0x60, 0x81, 0x00, 0x00, 0x00, 0x00, 0x00, 0x00, 0x00, 0x00, 0x00, 0x00,
	0x00, 0x00, 0x00, 0x40, 0x00, 0x00, 0x00, 0x01, 0x00, 0x00, 0x07, 0x00, 0x00, 0x00, 0x82, 0x7C,
	0x10, 0x00, 0x40, 0x01, 0x00, 0xD0, 0xA0, 0xF0, 0x04, 0x05, 0x00, 0x00, 0x00, 0x00, 0xE8, 0x12,
	0x00, 0x00, 0x00, 0x00, 0x00, 0x00, 0x00, 0x00, 0x00, 0x00, 0x08, 0x00, 0x00, 0x06, 0x00, 0x04,
	0x13, 0x00, 0x53, 0x80, 0x80, 0x00, 0x48, 0x02, 0x00, 0x40, 0x00, 0x00, 0x01, 0x00, 0x00, 0x00,
	0x58, 0x00, 0x10, 0x14, 0x00, 0x00, 0x6A, 0x7F, 0x0F, 0x40, 0x00, 0x00, 0x00, 0x00, 0x00, 0x00,
	0x00, 0x00, 0x00, 0x00, 0x40, 0x00, 0x00, 0x00, 0x04, 0x20, 0x30, 0x02, 0x08, 0x9F, 0x00, 0x0C,
	0x40, 0x0C, 0x38, 0x00, 0x00, 0x00, 0x30, 0x00, 0x00, 0x00, 0x80, 0x11, 0x00, 0x4A, 0x10, 0x40,
	0x07, 0xA4, 0xF4, 0x00, 0x00, 0x00, 0x00, 0x00, 0x00, 0x00, 0x00, 0x00, 0x00, 0x80, 0xE0, 0x40,
	0x01, 0xC1, 0x04, 0x01, 0x00, 0x08, 0x0F, 0x00, 0x00, 0x00, 0x03, 0xE7, 0x05, 0xD2, 0x04, 0x00,
	0x10, 0x00, 0x00, 0x00, 0x40, 0x90, 0x10, 0x00, 0x20, 0x38, 0x0A, 0x10, 0x40, 0x00, 0x00, 0x00,
	0x00, 0x00, 0x00, 0x00, 0x00, 0x00, 0x00, 0x00, 0x02, 0x20, 0x10, 0x00, 0x41, 0x09, 0x00, 0xF1,
	0xB9, 0x3C, 0x00, 0x00, 0x84, 0x64, 0x48, 0x38, 0x40, 0x00, 0x80, 0x00, 0x00, 0x30, 0x01, 0x00,
	0x00, 0xC1, 0xC0, 0x00, 0x00, 0x04, 0x00, 0x00, 0x00, 0x08, 0x00, 0x00, 0x00, 0x00, 0x00, 0x00,
	0xA0, 0x00, 0x00, 0x00, 0x00, 0x24, 0x00, 0x80, 0x00, 0x1F, 0x18, 0x00, 0xA0, 0x02, 0x67, 0x06,
	0xA4, 0x04, 0x02, 0x88, 0x00, 0x00, 0x02, 0x84, 0x10, 0x02, 0x40, 0x80, 0x00, 0x00, 0x00, 0x40,
	0x80, 0x00, 0x02, 0x80, 0x00, 0x00, 0x00, 0x00, 0x00, 0x0A, 0x00, 0x00, 0x00, 0x08, 0x00, 0x40,
	0x08, 0x30, 0x00, 0xED, 0xBA, 0x08, 0x00, 0x3C, 0x78, 0xD8, 0x58, 0x40, 0x09, 0x00, 0x00, 0x00,
	0x00, 0x01, 0x01, 0x28, 0x07, 0xC0, 0x24, 0x00, 0x84, 0x00, 0x00, 0x00, 0x00, 0x00, 0x70, 0x05,
	0x00, 0x01, 0x00, 0x40, 0x00, 0xC7, 0xA0, 0x00, 0x04, 0x01, 0x00, 0x03, 0x8E, 0x00, 0x00, 0x40,
	0x0A, 0x07, 0x24, 0x84, 0x24, 0x07, 0x00, 0x55, 0x0A, 0x78, 0x00, 0x10, 0x04, 0x00, 0x6E, 0x66,
	0x00, 0x00, 0x40, 0x00, 0x00, 0x00, 0x00, 0x03, 0x00, 0x00, 0x01, 0x00, 0x0C, 0x00, 0x7C, 0x3B,
	0xC0, 0x08, 0x60, 0x38, 0x00, 0x90, 0x85, 0x00, 0x04, 0x08, 0x04, 0x00, 0x5D, 0xA0, 0x40, 0x30,
	0x00, 0x00, 0x00, 0x00, 0x11, 0x20, 0xC0, 0x1B, 0xC7, 0xD4, 0x00, 0x84, 0x04, 0x00, 0x02, 0x00,
	0x00, 0x70, 0x00, 0x00, 0x01, 0x00, 0x00, 0x00, 0xE0, 0x20, 0x00, 0x06, 0x00, 0x01, 0x81, 0x08,
	0x00, 0x00, 0x00, 0x00, 0x40, 0x06, 0xE4, 0x04, 0x00, 0x00, 0x20, 0x00, 0x03, 0x04, 0x10, 0x00,
	0x80, 0x1C, 0x3F, 0xCC, 0xA0, 0x00, 0x00, 0x00, 0x00, 0x00, 0x00, 0x80, 0xF0, 0x02, 0x00, 0x00,
	0x00, 0x02, 0x01, 0xC0, 0x08, 0x40, 0x08, 0x00, 0x00, 0x09, 0x00, 0x00, 0x00, 0x00, 0x02, 0xC8,
	0x58, 0x40, 0x40, 0x01, 0x00, 0x00, 0x40, 0x01, 0x40, 0x04, 0x00, 0x07, 0xF7, 0xD6, 0x00, 0x80,
	0x00, 0x00, 0x00, 0x00, 0x00, 0x00, 0x00, 0x00, 0x00, 0x00, 0x00, 0x40, 0x00, 0x00, 0x04, 0x10,
	0x00, 0x28, 0x00, 0x80, 0x00, 0x04, 0x00, 0x66, 0x75, 0x94, 0x30, 0x00, 0x02, 0xC8, 0x00, 0x00,
	0x00, 0x10, 0x00, 0x06, 0x80, 0x2A, 0xEC, 0x81, 0x00, 0x00, 0x00, 0x20, 0x00, 0x00, 0x00, 0x00,
	0x00, 0x00, 0x00, 0x00, 0x02, 0x01, 0x40, 0x08, 0x40, 0x08, 0x14, 0x74, 0x07, 0x00, 0x00, 0x88,
	0x00, 0x21, 0xCA, 0x02, 0x00, 0x40, 0x00, 0xF0, 0xAD, 0x00, 0x21, 0x01, 0x00, 0x04, 0x02, 0x9F,
	0xD8, 0x20, 0x00, 0x00, 0x00, 0x00, 0x00, 0x00, 0x00, 0x00, 0x00, 0x00, 0x00, 0x00, 0x02, 0x00,
	0x00, 0x24, 0x00, 0x00, 0x00, 0x00, 0xB0, 0x02, 0x00, 0x00, 0x60, 0x67, 0x80, 0x54, 0x00, 0x00,
	0x05, 0xC0, 0x07, 0x04, 0x14, 0x00, 0x00, 0x1E, 0x72, 0x00, 0x00, 0x40, 0x00, 0x00, 0x00, 0x00,
	0x00, 0x00, 0x00, 0x00, 0x00, 0x00, 0x00, 0x04, 0x40, 0x0A, 0x00, 0x40, 0x48, 0x00, 0x00, 0x09,
	0x00, 0x00, 0x00, 0x26, 0x20, 0x68, 0x09, 0x40, 0x00, 0x01, 0x90, 0x80, 0x40, 0x01, 0x00, 0x00,
	0x00, 0x20, 0x0C, 0x00, 0x84, 0x00, 0x00, 0x00, 0x00, 0x00, 0x00, 0x10, 0x00, 0x00, 0x00, 0x00,
	0x01, 0xE0, 0x2C, 0xBE, 0x00, 0x00, 0x00, 0x08, 0x08, 0x80, 0x00, 0x00, 0x00, 0x60, 0x25, 0x94,
	0x24, 0x00, 0x03, 0x88, 0x0C, 0x70, 0x00, 0x10, 0x00, 0x00, 0x00, 0x73, 0x4C, 0x24, 0x00, 0x00,
	0x00, 0x00, 0x00, 0x00, 0x08, 0x00, 0x00, 0x00, 0x00, 0x00, 0x02, 0x01, 0x5C, 0x80, 0x00, 0x08,
	0x00, 0x90, 0x0D, 0x00, 0x00, 0x00, 0x02, 0x00, 0x5D, 0xA0, 0x41, 0x00, 0x09, 0x50, 0x00, 0x00,
	0x11, 0x02, 0x00, 0x00, 0x00, 0x37, 0xD2, 0x80, 0x00, 0x00, 0x00, 0x00, 0x00, 0x00, 0x05, 0x80,
	0x01, 0x00, 0xC0, 0x00, 0x42, 0x00, 0x81, 0x04, 0x01, 0x00, 0x01, 0x80, 0x00, 0x00, 0xCA, 0x00,
	0x40, 0x00, 0x00, 0x00, 0x03, 0x00, 0x0B, 0x80, 0x00, 0x40, 0x98, 0x04, 0x00, 0x9C, 0x00, 0x0A,
	0x10, 0x40, 0x00, 0x00, 0x00, 0x00, 0x00, 0x00, 0x00, 0x01, 0x08, 0x0C, 0x00, 0x06, 0x00, 0x10,
	0x00, 0x40, 0x38, 0x00, 0x08, 0x05, 0x00, 0x04, 0x40, 0x02, 0x00, 0x00, 0x00, 0x00, 0x30, 0x00,
	0x78, 0x00, 0x30, 0x01, 0x00, 0x40, 0x14, 0x20, 0x00, 0x00, 0x04, 0x10, 0x08, 0x80, 0x18, 0x00,
	0x98, 0x10, 0x00, 0x00, 0x00, 0xC0, 0x00, 0x06, 0x80, 0x93, 0x04, 0x00, 0x04, 0x00, 0x00, 0x80,
	0x40, 0xC4, 0x01, 0xC3, 0xA0, 0x05, 0xA0, 0x01, 0x28, 0x28, 0x01, 0x80, 0x00, 0x10, 0x14, 0x00,
	0x00, 0x3C, 0xEC, 0xDE, 0x10, 0x00, 0x08, 0x00, 0x80, 0x07, 0x8B, 0x00, 0x00, 0x00, 0x02, 0x4C,
	0x00, 0x70, 0x1A, 0x30, 0x40, 0x40, 0x20, 0x00, 0x01, 0x3C, 0x02, 0x80, 0x82, 0x02, 0x40, 0xA5,
	0x01, 0x08, 0x05, 0xF0, 0xE3, 0x00, 0x21, 0x00, 0x20, 0x00, 0x07, 0xED, 0xAE, 0xE0, 0x00, 0x00,
	0x80, 0x08, 0x00, 0x00, 0x00, 0x00, 0x00, 0x00, 0xA0, 0x00, 0xE2, 0xC4, 0x1E, 0x74, 0x02, 0x84,
	0x09, 0x01, 0x18, 0x40, 0xA0, 0x00, 0x00, 0x00, 0x00, 0x25, 0x00, 0x82, 0x51, 0x00, 0x00, 0x00,
	0x90, 0x0A, 0x40, 0x80, 0x7C, 0x00, 0x02, 0x40, 0x00, 0x08, 0x00, 0x80, 0x00, 0x00, 0x00, 0x00,
	0x00, 0x0A, 0x00, 0x3E, 0x78, 0x2B, 0xE7, 0x48, 0x20, 0x00, 0xB8, 0xD3, 0xA1, 0x0A, 0x08, 0x00,
	0x2C, 0x09, 0x00, 0x40, 0x08, 0x00, 0x08, 0x00, 0x2C, 0x01, 0x01, 0x28, 0x04, 0x03, 0x80, 0x90,
	0x04, 0x00, 0x00, 0x80, 0x00, 0x00, 0xD0, 0x10, 0x28, 0x3D, 0xE6, 0x00, 0x03, 0x40, 0x07, 0xE5,
	0xF6, 0x03, 0x08, 0x20, 0x0E, 0x80, 0x00, 0xC0, 0x07, 0x43, 0x9E, 0xC0, 0x50, 0x05, 0x2A, 0x00,
	0x19, 0x1F, 0xA8, 0x00, 0x04, 0x04, 0x1E, 0x00, 0x01, 0x02, 0x40, 0x00, 0x08, 0x00, 0x80, 0x0D,
	0x88, 0x04, 0x03, 0xCE, 0x72, 0x00, 0x36, 0x00, 0x00, 0x5F, 0x40, 0x10, 0x00, 0x70, 0x07, 0x00,
	0x0E, 0x03, 0xFC, 0x40, 0xCA, 0x24, 0x00, 0x19, 0x00, 0x00, 0xCD, 0x43, 0xE8, 0x01, 0x64, 0x00,
	0x02, 0x40, 0xB0, 0x04, 0x00, 0x00, 0x82, 0x00, 0x00, 0x00, 0x00, 0x00, 0x00, 0x00, 0x00, 0x05,
	0x62, 0x80, 0xA3, 0xF4, 0x80, 0x00, 0x03, 0x80, 0x00, 0x00, 0x0A, 0x02, 0xE7, 0x95, 0xD5, 0x00,
	0x00, 0x00, 0x00, 0x09, 0x37, 0xCB, 0x80, 0x00, 0x02, 0x1E, 0x33, 0xDF, 0x08, 0x00, 0x80, 0x08,
	0x00, 0x80, 0x00, 0x00, 0x00, 0x00, 0x00, 0x02, 0x00, 0x02, 0x28, 0x0A, 0x3F, 0x40, 0x00, 0x00,
	0x08, 0x05, 0x00, 0x02, 0x40, 0x2C, 0x00, 0x6F, 0x81, 0x10, 0x08, 0x24, 0x30, 0xF0, 0x78, 0xB8,
	0x00, 0x20, 0x03, 0xE3, 0x14, 0x90, 0xD0, 0x00, 0x00, 0x00, 0x00, 0x00, 0x00, 0x00, 0x00, 0x00,
	0x00, 0x00, 0x00, 0x00, 0x3C, 0x9F, 0xE0, 0x00, 0x00, 0x07, 0x00, 0x00, 0x00, 0x00, 0x00, 0x43,
	0xCC, 0x00, 0x04, 0x00, 0x03, 0x88, 0x00, 0x58, 0x00, 0x18, 0x00, 0x61, 0x00, 0x68, 0x0C, 0xC0,
	0x01, 0x40, 0x00, 0x20, 0x80, 0x00, 0x00, 0x00, 0x00, 0x00, 0x02, 0x02, 0x00, 0x01, 0x7B, 0x5D,
	0x00, 0x01, 0x00, 0x08, 0xEF, 0x00, 0x02, 0x00, 0x26, 0x30, 0x20, 0x04, 0x60, 0x08, 0x00, 0xB0,
	0x00, 0x80, 0x11, 0x00, 0x2E, 0x03, 0xC2, 0xC1, 0xAC, 0x02, 0x10, 0x00, 0x00, 0x00, 0x00, 0x00,
	0x00, 0x00, 0x00, 0x00, 0x00, 0x00, 0x00, 0x00, 0x1E, 0x74, 0x00, 0x00, 0x00, 0x00, 0x80, 0x00,
	0x00, 0x02, 0x00, 0x16, 0x1E, 0x70, 0x00, 0x02, 0x81, 0x00, 0x06, 0x84, 0x10, 0x00, 0x00, 0x14,
	0x00, 0xEB, 0x40, 0x08, 0x00, 0x00, 0x00, 0x80, 0x00, 0x00, 0x00, 0x00, 0x00, 0x02, 0x00, 0x00,
	0x01, 0xC9, 0xDB, 0x60, 0x00, 0x00, 0x00, 0x07, 0x00, 0x12, 0x00, 0x2C, 0x01, 0x6A, 0x42, 0x00,
	0x08, 0x05, 0x10, 0x00, 0x40, 0x01, 0x01, 0x20, 0x81, 0xE2, 0xEE, 0xE8, 0x50, 0x00, 0x00, 0x00,
	0x00, 0x00, 0x00, 0x01, 0x29, 0xEC, 0x00, 0x00, 0x00, 0xE0, 0x60, 0x1E, 0x74, 0x00, 0x00, 0x00,
	0x1C, 0x00, 0x00, 0x08, 0x00, 0xE7, 0x80, 0x00, 0x04, 0x00, 0x13, 0x80, 0x00, 0x58, 0x00, 0x18,
	0x00, 0x0E, 0x2E, 0x69, 0xDA, 0xC1, 0x00, 0x00, 0x00, 0x00, 0x80, 0x00, 0x00, 0x52, 0x5D, 0xC0,
	0x22, 0x00, 0x36, 0x32, 0x48, 0xDB, 0x50, 0x00, 0x99, 0x01, 0x0D, 0x00, 0x02, 0x60, 0x02, 0x02,
	0xC0, 0x08, 0x60, 0x08, 0x80, 0x00, 0x00, 0x00, 0x11, 0x00, 0x20, 0xC1, 0xE3, 0x95, 0xF8, 0x00,
	0x00, 0x00, 0x00, 0x00, 0x00, 0x00, 0x00, 0x00, 0x00, 0x00, 0xC0, 0x03, 0xC0, 0x00, 0x00, 0x00,
	0x01, 0x00, 0x07, 0x0E, 0x80, 0x00, 0x40, 0x00, 0x07, 0x1E, 0x00, 0x04, 0x03, 0x08, 0x01, 0x08,
	0x00, 0x40, 0x90, 0x04, 0x00, 0x8E, 0x00, 0xF8, 0x08, 0x00, 0x40, 0x00, 0x00, 0x80, 0x00, 0x00,
	0x00, 0x00, 0x00, 0x0E, 0x00, 0x06, 0x00, 0x00, 0x00, 0x00, 0x30, 0x00, 0x99, 0x8F, 0x00, 0x0E,
	0x00, 0x24, 0x60, 0x20, 0x04, 0x40, 0x38, 0x00, 0x18, 0xA0, 0x30, 0x01, 0x02, 0xE0, 0x07, 0x40,
	0x3D, 0xB0, 0x00, 0x00, 0x08, 0x80, 0x30, 0x00, 0x00, 0x03, 0xE2, 0x84, 0x00, 0xC0, 0xC2, 0x00,
	0x00, 0x00, 0x04, 0x01, 0x08, 0x57, 0x01, 0x00, 0x00, 0x42, 0x40, 0x60, 0x1C, 0x00, 0x08, 0x03,
	0x00, 0x00, 0x01, 0xBE, 0x07, 0x00, 0x04, 0x06, 0xA0, 0x00, 0xE0, 0x00, 0x40, 0x00, 0x08, 0x20,
	0x80, 0x07, 0x00, 0x1B, 0x48, 0x00, 0x02, 0x00, 0x2C, 0x22, 0xC0, 0x08, 0x60, 0x08, 0x00, 0x00,
	0xEB, 0x3C, 0x02, 0x0A, 0x00, 0x20, 0x20, 0x00, 0x02, 0x08, 0x00, 0x70, 0xA1, 0x64, 0x20, 0x00,
	0x20, 0xD7, 0xC3, 0xC0, 0x00, 0x46, 0x00, 0x06, 0x84, 0x08, 0x80, 0x70, 0x00, 0x00, 0x09, 0x00,
	0x20, 0x60, 0x00, 0x05, 0xA7, 0xB0, 0x02, 0x80, 0x00, 0x0F, 0x58, 0x00, 0xA0, 0x00, 0x02, 0x94,
	0x10, 0xAB, 0x98, 0xC0, 0x15, 0x8A, 0x38, 0x00, 0x10, 0x02, 0x00, 0x20, 0x04, 0x60, 0x00, 0x60,
	0x00, 0x0A, 0xC2, 0x90, 0x00, 0x0B, 0x03, 0x00, 0x10, 0x0A, 0x00, 0x00, 0x01, 0x5D, 0x77, 0x00,
	0x20, 0x3C, 0x90, 0xFB, 0x20, 0x08, 0x00, 0x00, 0x00, 0x0E, 0x05, 0x39, 0x88, 0x22, 0xD9, 0x00,
	0x00, 0x11, 0x02, 0x20, 0x03, 0xC3, 0x02, 0x00, 0x44, 0x00, 0x4C, 0x80, 0x31, 0x10, 0x70, 0x03,
	0x00, 0x01, 0x00, 0x42, 0x04, 0x43, 0xC0, 0x00, 0x05, 0x01, 0x00, 0x00, 0x1E, 0x00, 0x00, 0x04,
	0xC0, 0x66, 0x54, 0x83, 0x3E, 0x03, 0x01, 0x00, 0x00, 0x00, 0x40, 0x90, 0x04, 0x0C, 0x14, 0x64,
	0x1E, 0x10, 0x40, 0x40, 0x88, 0x03, 0xA9, 0x00, 0x00, 0x08, 0x01, 0x10, 0x0E, 0x00, 0x1E, 0x2A,
	0x40, 0x08, 0x40, 0x19, 0x20, 0x01, 0x0D, 0x00, 0x02, 0x20, 0x00, 0x20, 0x2A, 0xCC, 0xC0, 0xF8,
	0x85, 0x00, 0x00, 0x3C, 0x01, 0x00, 0x60, 0x00, 0x06, 0x41, 0x00, 0x04, 0x00, 0x00, 0x83, 0x00,
	0x00, 0x38, 0x00, 0x00, 0x00, 0x00, 0x00, 0x01, 0xC2, 0x0E, 0x00, 0x06, 0x00, 0x10, 0x01, 0x80,
	0x80, 0x00, 0x00, 0x10, 0x07, 0xD4, 0x83, 0x34, 0x04, 0x00, 0x1B, 0x81, 0x00, 0x40, 0x90, 0x00,
	0x00, 0x80, 0x00, 0x0A, 0x10, 0x40, 0x00, 0x08, 0x00, 0x80, 0x00, 0x8E, 0x00, 0x00, 0x00, 0x02,
	0x0E, 0x06, 0x00, 0x00, 0x04, 0x40, 0x0A, 0x80, 0x08, 0xDF, 0x00, 0x02, 0x00, 0xA4, 0x3C, 0x60,
	0xCC, 0xC0, 0x08, 0x00, 0xF8, 0xF0, 0x28, 0x01, 0x02, 0x20, 0x02, 0xC0, 0x00, 0x00, 0x05, 0x00,
	0x02, 0x00, 0x00, 0x00, 0x30, 0xE8, 0x00, 0x01, 0x00, 0x00, 0x00, 0x02, 0x00, 0xE1, 0x04, 0x00,
	0x08, 0x00, 0x48, 0x80, 0x00, 0x02, 0x01, 0xE0, 0x27, 0xA5, 0xD0, 0x00, 0x00, 0x00, 0x00, 0x03,
	0x84, 0x10, 0x00, 0x00, 0x00, 0x01, 0x5A, 0x50, 0x00, 0x00, 0x30, 0x20, 0x80, 0x00, 0x9F, 0x70,
	0x02, 0x18, 0x02, 0x00, 0x00, 0x24, 0x00, 0x00, 0x40, 0x88, 0x08, 0x01, 0x89, 0x00, 0x02, 0x40,
	0x3E, 0x03, 0x7C, 0xFE, 0x20, 0x08, 0x04, 0x00, 0x00, 0x00, 0x01, 0x00, 0x20, 0x00, 0x00, 0x36,
	0xE8, 0x10, 0x00, 0x24, 0x04, 0x00, 0x00, 0x00, 0xE0, 0x00, 0x00, 0x00, 0x00, 0x00, 0x00, 0x00,
	0x00, 0x00, 0x00, 0x02, 0xD8, 0x00, 0xF8, 0x00, 0x10, 0x20, 0x00, 0x00, 0x81, 0x04, 0x00, 0x20,
	0x1F, 0x00, 0x80, 0x00, 0x10, 0x00, 0x40, 0x84, 0x00, 0x1C, 0x10, 0x40, 0x01, 0xC2, 0xC0, 0x80,
	0x00, 0x10, 0x00, 0x00, 0x00, 0x02, 0x00, 0x04, 0x00, 0x00, 0x00, 0x00, 0x08, 0x00, 0x70, 0x09,
	0x00, 0x42, 0x00, 0x04, 0x00, 0x10, 0x00, 0x60, 0x08, 0x00, 0xBC, 0x01, 0x00, 0x21, 0x00, 0x22,
	0x13, 0x43, 0x01, 0x00, 0x06, 0x00, 0x00, 0x60, 0x01, 0x00, 0x00, 0x8F, 0x6B, 0xD4, 0x00, 0x00,
	0x00, 0x02, 0x3D, 0xA0, 0x00, 0x00, 0xC0, 0x00, 0x08, 0x80, 0x00, 0x04, 0x1B, 0x40, 0x1D, 0xA1,
	0x84, 0x00, 0x08, 0x10, 0x08, 0x00, 0x40, 0x90, 0x00, 0x00, 0x9C, 0x03, 0xE1, 0x18, 0x00, 0x00,
	0x04, 0x00, 0x88, 0x07, 0x00, 0x94, 0x14, 0x00, 0x22, 0x00, 0x04, 0x21, 0x60, 0xA0, 0x28, 0xC8,
	0x02, 0x00, 0x01, 0x00, 0x02, 0x06, 0x1C, 0x2B, 0x4E, 0x2E, 0x48, 0x08, 0x3F, 0x90, 0x00, 0x38,
	0x01, 0x00, 0x24, 0x30, 0x20, 0x0C, 0xE7, 0xE0, 0x00, 0x47, 0x00, 0x10, 0x00, 0x30, 0x00, 0x00,
	0x00, 0x00, 0xC0, 0x00, 0x40, 0x16, 0xE5, 0x00, 0x03, 0x00, 0x03, 0x80, 0x80, 0x00, 0xC0, 0x00,
	0x00, 0x00, 0x03, 0xC4, 0x01, 0x00, 0x07, 0x08, 0x00, 0x40, 0x98, 0x04, 0x00, 0x16, 0x04, 0x00,
	0x00, 0x00, 0x02, 0x60, 0x03, 0x80, 0x00, 0x80, 0x00, 0x00, 0x00, 0x0E, 0x00, 0x00, 0x02, 0xFB,
	0x81, 0x00, 0x18, 0x00, 0x08, 0x8D, 0x00, 0x06, 0x00, 0x14, 0x00, 0x0C, 0x3C, 0x40, 0x39, 0x00,
	0x00, 0x00, 0x2C, 0x01, 0x00, 0x60, 0x63, 0xC3, 0x40, 0x00, 0x00, 0x00, 0x06, 0x00, 0x00, 0x00,
	0x80, 0xA5, 0x6A, 0x81, 0x00, 0x00, 0xC0, 0x07, 0x84, 0x18, 0x14, 0x00, 0x04, 0x00, 0x01, 0x80,
	0x40, 0x80, 0x12, 0x07, 0x81, 0xE1, 0x04, 0x00, 0x08, 0x00, 0x1F, 0x70, 0x60, 0x40, 0x00, 0x08,
	0x00, 0x28, 0x0E, 0xF3, 0x40, 0x00, 0x00, 0x00, 0x10, 0x01, 0x10, 0x0C, 0x28, 0x00, 0x00, 0x00,
	0x80, 0x00, 0x2E, 0x81, 0x00, 0x00, 0x28, 0xB0, 0xFB, 0x2C, 0x00, 0x00, 0x9C, 0x00, 0x10, 0x00,
	0x48, 0x01, 0x08, 0x51, 0xC3, 0xB3, 0x6C, 0x00, 0x00, 0x00, 0x47, 0xC1, 0x9F, 0x34, 0x00, 0x06,
	0x00, 0x28, 0x01, 0x00, 0x00, 0x06, 0x05, 0x00, 0xA0, 0x00, 0x06, 0x46, 0x0A, 0x54, 0x00, 0x84,
	0x00, 0x00, 0x50, 0x00, 0x20, 0x21, 0x60, 0x40, 0x10, 0x24, 0x06, 0x80, 0x08, 0x00, 0x9B, 0x79,
	0x40, 0x0A, 0x00, 0x40, 0x71, 0xEC, 0x40, 0x48, 0x00, 0x00, 0x02, 0x00, 0x20, 0x00, 0xD2, 0x90,
	0x88, 0x08, 0x00, 0x3C, 0x21, 0x40, 0x00, 0x01, 0x28, 0x00, 0x00, 0x03, 0xAC, 0x8A, 0x40, 0x00,
	0x2C, 0x08, 0x00, 0x40, 0x20, 0x80, 0x30, 0x03, 0x6F, 0xA8, 0x00, 0x80, 0x68, 0x00, 0x0E, 0xA4,
	0xA4, 0x00, 0x00, 0x00, 0x10, 0x00, 0x00, 0x97, 0xFB, 0x14, 0x40, 0x4C, 0x20, 0x03, 0xC5, 0xAA,
	0x04, 0x01, 0x00, 0x41, 0x1E, 0x00, 0x00, 0x40, 0x00, 0xE7, 0x8C, 0x00, 0x04, 0x00, 0x00, 0x00,
	0x08, 0x70, 0x16, 0x98, 0x0C, 0x84, 0x80, 0x69, 0x7A, 0xF5, 0x60, 0x00, 0x00, 0x03, 0x00, 0x20,
	0x0E, 0x06, 0x31, 0x40, 0x0C, 0x00, 0x34, 0x60, 0x20, 0xA0, 0x08, 0x10, 0x12, 0x09, 0x9B, 0x00,
	0x0C, 0x00, 0x02, 0x40, 0x20, 0x04, 0x41, 0x00, 0x00, 0x00, 0x00, 0x81, 0x6B, 0x23, 0x40, 0x17,
	0xC0, 0x25, 0x8F, 0xB4, 0x00, 0x00, 0x02, 0x00, 0x00, 0x80, 0x10, 0x00, 0x00, 0x00, 0x00, 0x00,
	0x00, 0x00, 0x00, 0x00, 0x00, 0x08, 0x00, 0x08, 0x80, 0x00, 0x00, 0x01, 0xE0, 0x40, 0xE1, 0x04,
	0x00, 0x00, 0x0F, 0x81, 0x00, 0x40, 0x90, 0x00, 0x01, 0x3E, 0x04, 0x40, 0xA5, 0x40, 0x00, 0x00,
	0x00, 0x00, 0x01, 0x08, 0x00, 0x00, 0x00, 0x00, 0x00, 0x34, 0x00, 0x00, 0x00, 0x00, 0x01, 0x00,
	0x01, 0x03, 0x00, 0x00, 0x0A, 0x02, 0x34, 0x10, 0x00, 0x50, 0x00, 0x00, 0x10, 0x80, 0x34, 0x01,
	0x80, 0x00, 0x09, 0xC2, 0x66, 0x0F, 0xF4, 0x00, 0x00, 0x00, 0x00, 0x04, 0x80, 0x00, 0x2B, 0x01,
	0x00, 0x04, 0xE0, 0x00, 0x06, 0x18, 0x16, 0x00, 0x00, 0x05, 0x00, 0x80, 0x00, 0x08, 0x00, 0x02,
	0x00, 0x00, 0x24, 0x00, 0x00, 0x08, 0x19, 0x76, 0x8C, 0xD0, 0x00, 0x40, 0x26, 0x00, 0x18, 0xF5,
	0x40, 0x00, 0x00, 0x20, 0x00, 0x05, 0x00, 0x07, 0x30, 0x00, 0x00, 0xA0, 0x00, 0x00, 0x28, 0x81,
	0x00, 0x00, 0x20, 0x00, 0xA3, 0x00, 0x00, 0x00, 0x00, 0x00, 0x0E, 0x00, 0x50, 0x00, 0x00, 0x51,
	0x90, 0xBB, 0x33, 0x23, 0x00, 0x01, 0xC3, 0xA5, 0x0F, 0xA4, 0x80, 0x00, 0x00, 0x00, 0x00, 0x80,
	0x01, 0x02, 0x95, 0x02, 0x00, 0x02, 0x00, 0x07, 0x8A, 0x04, 0x04, 0x10, 0x55, 0x0E, 0x10, 0x00,
	0x00, 0x40, 0x02, 0x00, 0x10, 0x26, 0x00, 0x03, 0x01, 0x18, 0x12, 0xC2, 0x98, 0x20, 0x00, 0x00,
	0x04, 0x5C, 0xF5, 0x40, 0x00, 0x00, 0x00, 0x00, 0x03, 0x00, 0xD0, 0x00, 0x00, 0x00, 0x00, 0x2C,
	0x00, 0x20, 0xA0, 0x00, 0x00, 0x82, 0x51, 0xA7, 0x00, 0x00, 0x00, 0x01, 0x40, 0x0B, 0x00, 0x40,
	0x00, 0x00, 0xF5, 0x0B, 0x7C, 0x75, 0x00, 0x00, 0x00, 0x02, 0x83, 0x0F, 0x54, 0x00, 0x00, 0x00,
	0x00, 0x0C, 0x00, 0x05, 0x22, 0x81, 0x00, 0x00, 0x00, 0x00, 0x01, 0xFC, 0x04, 0x04, 0x10, 0x00,
	0x1E, 0x00, 0x00, 0x00, 0x14, 0x63, 0x80, 0x10, 0x24, 0x00, 0x00, 0x01, 0x9B, 0x5B, 0x82, 0x00,
	0x00, 0x0E, 0x00, 0x06, 0x00, 0xE7, 0x40, 0x00, 0x00, 0x00, 0x00, 0x20, 0x00, 0x0C, 0x28, 0x00,
	0x00, 0x00, 0x40, 0x00, 0x08, 0xC0, 0x00, 0x00, 0xA8, 0x50, 0x0F, 0x00, 0x00, 0x00, 0x02, 0x00,
	0x0A, 0x00, 0x48, 0x01, 0x00, 0x08, 0x8F, 0x64, 0x34, 0x00, 0x00, 0x44, 0x02, 0x9C, 0x9D, 0xB4,
	0x10, 0x00, 0x00, 0x30, 0x00, 0x18, 0x00, 0x7A, 0x81, 0x00, 0xC0, 0x03, 0xC0, 0x06, 0x08, 0x14,
	0x03, 0x00, 0x07, 0x00, 0x80, 0x00, 0xC0, 0x01, 0xE0, 0x05, 0x94, 0x20, 0x03, 0x00, 0x21, 0x00,
	0x58, 0x39, 0xC0, 0x04, 0x00, 0x16, 0x68, 0x0A, 0x10, 0x40, 0x80, 0x00, 0x01, 0x00, 0x07, 0x0F,
	0xD0, 0x14, 0x00, 0x44, 0x00, 0x04, 0x00, 0x0B, 0x81, 0x00, 0x70, 0x00, 0x00, 0x0B, 0x00, 0x0C,
	0x0A, 0x00, 0x22, 0x5D, 0xA0, 0x20, 0x30, 0x15, 0x00, 0x9F, 0x26, 0x04, 0x00, 0xC0, 0x00, 0x00,
	0x01, 0x00, 0x04, 0x14, 0x00, 0x00, 0x00, 0x30, 0x50, 0x00, 0x32, 0x81, 0x00, 0x00, 0x00, 0x06,
	0x54, 0x0A, 0x54, 0x00, 0x00, 0x08, 0x00, 0x00, 0x00, 0x00, 0x10, 0x00, 0x00, 0x10, 0x24, 0x00,
	0x02, 0x00, 0x18, 0x50, 0x70, 0xC0, 0x00, 0x00, 0x06, 0x02, 0x4C, 0x08, 0x00, 0x00, 0x00, 0x00,
	0x00, 0x07, 0x00, 0x34, 0x14, 0x00, 0x00, 0x00, 0x34, 0x3F, 0xE0, 0x00, 0x00, 0x00, 0x00, 0xF0,
	0x89, 0x3C, 0x00, 0x00, 0x80, 0x00, 0x0B, 0x00, 0x39, 0x00, 0x00, 0xF0, 0xEB, 0x20, 0x00, 0x01,
	0x02, 0x14, 0x03, 0x8C, 0xC0, 0xE0, 0x10, 0x00, 0x00, 0x28, 0x00, 0x18, 0x01, 0x33, 0x44, 0x01,
	0xA2, 0x01, 0x46, 0xA0, 0xE0, 0x50, 0x06, 0x80, 0x00, 0x01, 0x10, 0x00, 0xA8, 0x65, 0x40, 0x00,
	0xA1, 0x06, 0x06, 0x80, 0x0B, 0x80, 0x07, 0x84, 0x12, 0x02, 0x00, 0x14, 0x60, 0x1D, 0xD1, 0x00,
	0x00, 0x00, 0x02, 0x00, 0x0D, 0x00, 0x07, 0x74, 0x40, 0x08, 0x40, 0x24, 0x01, 0x50, 0x0A, 0x00,
	0x21, 0x30, 0x00, 0xEB, 0x30, 0x8A, 0x40, 0x82, 0x2C, 0x10, 0x00, 0x20, 0x60, 0x00, 0x58, 0xE0,
	0x40, 0x01, 0x00, 0xA0, 0x00, 0x04, 0x3D, 0xEE, 0x20, 0x00, 0x00, 0x00, 0x30, 0x00, 0x50, 0x07,
	0x02, 0x95, 0x00, 0x40, 0x08, 0x07, 0xDC, 0x1A, 0x50, 0x01, 0x00, 0x07, 0x8E, 0x00, 0x00, 0xCA,
	0x00, 0x02, 0x81, 0xA1, 0x05, 0x00, 0x01, 0x88, 0x1A, 0xDE, 0x10, 0x02, 0x0C, 0x00, 0x9C, 0x28,
	0x0C, 0x10, 0x00, 0x00, 0x00, 0x03, 0x00, 0x00, 0x80, 0x30, 0x00, 0x00, 0x4C, 0x00, 0x14, 0x2A,
	0x4C, 0x99, 0x00, 0x70, 0x00, 0x09, 0x05, 0x00, 0x04, 0x0A, 0x00, 0x6C, 0x00, 0x00, 0x29, 0x00,
	0x00, 0x51, 0xA7, 0x3B, 0x80, 0x00, 0xC0, 0x04, 0x20, 0x01, 0x00, 0x00, 0x00, 0x00, 0x00, 0x00,
	0x01, 0x00, 0x08, 0x32, 0x81, 0x00, 0x02, 0x01, 0xC0, 0x04, 0xEA, 0x04, 0x00, 0x00, 0x05, 0x80,
	0x80, 0x00, 0x00, 0x00, 0x02, 0x80, 0x10, 0x24, 0x04, 0x10, 0x51, 0x00, 0xDE, 0x3C, 0x90, 0x10,
	0x4C, 0x00, 0x27, 0x49, 0x20, 0x00, 0x00, 0x00, 0x00, 0x02, 0xA5, 0x00, 0x30, 0x14, 0x00, 0x40,
	0x40, 0x1C, 0x00, 0x10, 0xA0, 0x00, 0x00, 0x08, 0x00, 0x03, 0x00, 0x00, 0x0C, 0x34, 0x40, 0x0E,
	0x00, 0x00, 0x00, 0xB5, 0x58, 0x0B, 0x67, 0xCD, 0x02, 0x0A, 0x00, 0x06, 0x2F, 0x93, 0x40, 0x00,
	0x00, 0x00, 0x00, 0x10, 0x01, 0xD7, 0x07, 0x9C, 0x80, 0x04, 0x00, 0x02, 0x81, 0x8C, 0x04, 0x08,
	0x00, 0x07, 0x0F, 0x80, 0x00, 0x02, 0x00, 0x00, 0x40, 0x10, 0x26, 0x10, 0x10, 0x07, 0x88, 0x07,
	0xEC, 0x58, 0x00, 0x44, 0x64, 0x61, 0x6F, 0xA3, 0x00, 0x40, 0x00, 0x00, 0x00, 0x07, 0x1D, 0x12,
	0x20, 0x40, 0x00, 0xA0, 0x00, 0x40, 0x1F, 0xC0, 0x00, 0x00, 0x08, 0x01, 0xF9, 0x00, 0x00, 0x40,
	0x00, 0x38, 0x09, 0x00, 0x01, 0x02, 0x80, 0x00, 0x8D, 0x29, 0xC9, 0x83, 0x02, 0x02, 0x64, 0x03,
	0xBA, 0x30, 0x00, 0x00, 0x00, 0x00, 0x00, 0x50, 0x00, 0x32, 0x81, 0x00, 0x00, 0x15, 0x40, 0x21,
	0xCC, 0x50, 0x00, 0x00, 0x09, 0x08, 0x58, 0x00, 0x0A, 0xF4, 0x00, 0x00, 0x10, 0x26, 0x14, 0x08,
	0x00, 0x09, 0x5A, 0xA8, 0x1C, 0x20, 0x20, 0x20, 0x3C, 0x0E, 0x10, 0x40, 0x00, 0x00, 0x00, 0x00,
	0x00, 0x00, 0x10, 0x14, 0x00, 0x40, 0x00, 0x06, 0x00, 0xCA, 0xCA, 0x00, 0x00, 0x00, 0x71, 0x0F,
	0x00, 0x40, 0x40, 0x80, 0x00, 0x08, 0x00, 0x00, 0x40, 0x00, 0x70, 0xD0, 0x42, 0x81, 0x81, 0x04,
	0x02, 0x46, 0x80, 0x00, 0x00, 0x00, 0x00, 0x00, 0x00, 0x00, 0x81, 0xC5, 0x83, 0x9C, 0x80, 0x00,
	0x02, 0x03, 0xA6, 0x1A, 0x50, 0x00, 0x00, 0x00, 0x08, 0x00, 0x00, 0x00, 0xC0, 0x40, 0x00, 0xA1,
	0x04, 0x10, 0x00, 0x07, 0x00, 0xFB, 0x3C, 0x50, 0x00, 0x03, 0xC4, 0x3F, 0xD8, 0x5F, 0x00, 0x00,
	0x00, 0x00, 0x00, 0x01, 0x00, 0x12, 0xA0, 0x40, 0x00, 0x00, 0x44, 0x00, 0x4C, 0x99, 0x00, 0x80,
	0x00, 0x01, 0xEB, 0x00, 0x00, 0x00, 0x00, 0x00, 0x10, 0x00, 0x20, 0x00, 0x00, 0x00, 0x0B, 0xA7,
	0xC0, 0x01, 0x00, 0x44, 0x46, 0x4C, 0x00, 0xA0, 0x00, 0x00, 0x00, 0x32, 0x80, 0x10, 0x00, 0x37,
	0x01, 0x01, 0x40, 0x00, 0x00, 0x0E, 0x0E, 0x70, 0x03, 0x08, 0x00, 0x00, 0x80, 0x00, 0xC0, 0x01,
	0xC0, 0x00, 0x00, 0x00, 0x03, 0x00, 0x09, 0x1C, 0x10, 0x16, 0x80, 0x00, 0x08, 0x20, 0x20, 0x1E,
	0x10, 0x40, 0x00, 0x00, 0x03, 0x00, 0x00, 0x00, 0x02, 0x30, 0x00, 0x0C, 0x00, 0x00, 0x02, 0x4D,
	0x42, 0x10, 0x10, 0x00, 0x00, 0x0B, 0x00, 0x0C, 0x00, 0x14, 0x00, 0x00, 0x00, 0x00, 0x10, 0x00,
	0x10, 0xCB, 0x2E, 0x64, 0x00, 0x00, 0x01, 0x44, 0x01, 0x00, 0x00, 0x00, 0x00, 0x00, 0x00, 0x10,
	0x00, 0xF3, 0x82, 0x95, 0x00, 0x00, 0x00, 0x00, 0x20, 0x08, 0x14, 0x80, 0x04, 0x09, 0x81, 0x80,
	0x00, 0x0A, 0x11, 0x40, 0x00, 0x00, 0x08, 0x00, 0x10, 0x00, 0x01, 0x06, 0xCC, 0xC0, 0x00, 0x21,
	0x26, 0x05, 0x5C, 0x01, 0x00, 0x00, 0x00, 0x00, 0x00, 0x07, 0x08, 0x98, 0x00, 0x08, 0x10, 0x00,
	0x00, 0x02, 0xCB, 0x42, 0x00, 0x00, 0x08, 0xF8, 0x99, 0x28, 0x00, 0x00, 0x14, 0x28, 0x0A, 0x00,
	0x02, 0x02, 0xA9, 0x00, 0xF0, 0x68, 0xCC, 0x04, 0x00, 0x01, 0x62, 0x5D, 0x80, 0x40, 0x04, 0x00,
	0x00, 0x28, 0x05, 0x18, 0x08, 0x06, 0x05, 0x00, 0xA0, 0x02, 0x00, 0x21, 0xCA, 0x04, 0x00, 0x84,
	0x09, 0x81, 0x50, 0x00, 0x00, 0x00, 0x00, 0x16, 0xA3, 0x38, 0x00, 0x80, 0x03, 0x9A, 0x03, 0x04,
	0x00, 0x0A, 0x00, 0x3E, 0x64, 0x18, 0xA4, 0x40, 0x00, 0x00, 0x02, 0x00, 0x00, 0x00, 0xB2, 0x10,
	0x80, 0x08, 0x0A, 0x1C, 0x03, 0x50, 0x50, 0x00, 0x08, 0x00, 0x98, 0x91, 0xAC, 0x80, 0x06, 0x00,
	0x00, 0x20, 0xCC, 0x30, 0x28, 0x28, 0x08, 0x00, 0x40, 0x00, 0x00, 0x80, 0x00, 0x43, 0x05, 0xB5,
	0x8C, 0x00, 0x00, 0x00, 0x10, 0x05, 0x18, 0x87, 0x72, 0x81, 0x00, 0xCA, 0x08, 0x62, 0x4D, 0xCA,
	0x04, 0x03, 0x00, 0x0F, 0x1E, 0x00, 0x00, 0x00, 0x01, 0xE0, 0x16, 0x83, 0x38, 0x01, 0x03, 0x03,
	0x8E, 0x1F, 0xBC, 0x00, 0x0C, 0xAF, 0x1C, 0x23, 0x4E, 0x03, 0x40, 0x00, 0x00, 0x03, 0x02, 0x80,
	0x00, 0x04, 0x28, 0x02, 0x0C, 0x01, 0x00, 0x34, 0x20, 0xA0, 0x08, 0x30, 0x00, 0x99, 0x89, 0x00,
	0x00, 0x00, 0x00, 0x00, 0x20, 0xCC, 0x20, 0x70, 0x00, 0x18, 0x09, 0x40, 0x3C, 0x00, 0x44, 0x03,
	0x46, 0xA6, 0x90, 0x24, 0x00, 0x00, 0x02, 0x02, 0x00, 0x00, 0x08, 0x06, 0x05, 0x00, 0x00, 0x04,
	0x00, 0x40, 0x00, 0x00, 0x00, 0x00, 0x07, 0x00, 0x80, 0x00, 0x0A, 0x15, 0x43, 0x80, 0x83, 0x38,
	0x04, 0x00, 0x5D, 0x9F, 0x5F, 0x0D, 0x00, 0x00, 0x0D, 0x2E, 0x63, 0xEB, 0x25, 0x00, 0x00, 0x00,
	0x00, 0x10, 0x00, 0x00, 0xF3, 0x50, 0x80, 0x00, 0x00, 0x3C, 0x20, 0x00, 0x00, 0x00, 0x00, 0x00,
	0x00, 0x01, 0x00, 0x00, 0x40, 0x14, 0x68, 0x08, 0xCC, 0x20, 0x00, 0x00, 0x51, 0xA5, 0xF4, 0x40,
	0x01, 0x00, 0x03, 0xE6, 0x1E, 0x91, 0x00, 0x80, 0x00, 0x00, 0x00, 0x00, 0x80, 0x00, 0x73, 0x01,
	0x00, 0x04, 0x14, 0x07, 0x00, 0x18, 0x14, 0x00, 0x00, 0x00, 0x1C, 0x80, 0x00, 0x00, 0x00, 0x00,
	0x00, 0x83, 0x3A, 0x00, 0x00, 0x70, 0x1F, 0x1E, 0x95, 0x48, 0x00, 0x00, 0x40, 0x03, 0xFA, 0x05,
	0x40, 0x00, 0x00, 0x20, 0x00, 0x03, 0x00, 0x06, 0x30, 0x00, 0x10, 0x20, 0x00, 0x41, 0x4D, 0x42,
	0x00, 0x00, 0x00, 0x05, 0x01, 0x00, 0x00, 0x08, 0x00, 0x00, 0x09, 0xCC, 0x20, 0x00, 0x2F, 0x00,
	0x90, 0xC1, 0x54, 0x00, 0x00, 0x01, 0x42, 0xC7, 0xC0, 0x94, 0x00, 0x00, 0x00, 0x02, 0x80, 0x00,
	0xE0, 0x06, 0x05, 0x00, 0x00, 0x1C, 0x40, 0x60, 0x08, 0x14, 0x00, 0x00, 0x00, 0x00, 0x78, 0x00,
	0x00, 0x10, 0x00, 0x16, 0x83, 0x38, 0x00, 0x00, 0x00, 0x00, 0x58, 0x59, 0x88, 0x00, 0x00, 0x00,
	0x70, 0x0A, 0xE5, 0x41, 0x00, 0x00, 0x00, 0x10, 0x00, 0x00, 0x93, 0x50, 0x80, 0x00, 0x01, 0x40,
	0x31, 0xCD, 0x42, 0x00, 0x00, 0x00, 0x00, 0x05, 0x01, 0x00, 0x0C, 0x80, 0x00, 0x00, 0xCC, 0x00,
	0x00, 0x00, 0x00, 0x90, 0x29, 0x98, 0x04, 0x00, 0x02, 0x43, 0xBD, 0xED, 0xA4, 0x00, 0x00, 0x00,
	0x00, 0x00, 0x80, 0x03, 0x82, 0x05, 0x00, 0x08, 0x00, 0x07, 0x14, 0xCA, 0x04, 0x10, 0x00, 0x03,
	0x9C, 0x00, 0x00, 0x00, 0x00, 0x00, 0x16, 0x83, 0x38, 0x00, 0x00, 0x48, 0x00, 0x78, 0x00, 0x10,
	0x20, 0x0C, 0x34, 0x06, 0x19, 0x69, 0x00, 0x00, 0x00, 0x00, 0x00, 0x0B, 0x00, 0x0A, 0xA0, 0x40,
	0x40, 0x00, 0x00, 0x00, 0x30, 0xA0, 0x00, 0x00, 0x00, 0x08, 0x07, 0x00, 0x00, 0x00, 0x00, 0x00,
	0x00, 0xCC, 0x00, 0x00, 0x00, 0x90, 0x00, 0x00, 0x10, 0x40, 0x00, 0x01, 0x62, 0xAC, 0xC9, 0x60,
	0x00, 0x00, 0x00, 0x30, 0x00, 0x78, 0x08, 0x32, 0x81, 0x00, 0x40, 0x02, 0x00, 0x00, 0x18, 0x14,
	0x01, 0x20, 0x43, 0x80, 0x00, 0x00, 0x08, 0x14, 0x00, 0x04, 0x83, 0x38, 0x00, 0x00, 0x00, 0x01,
	0x00, 0x00, 0x00, 0x0C, 0x00, 0x1C, 0x61, 0x7B, 0xD1, 0x00, 0x00, 0x00, 0x03, 0x00, 0x00, 0x88,
	0xB0, 0x14, 0x00, 0x44, 0x00, 0x04, 0x02, 0xCA, 0x42, 0x20, 0x71, 0x02, 0x08, 0x0B, 0x00, 0x00,
	0x40, 0x00, 0x00, 0x00, 0xCC, 0x20, 0x40, 0x00, 0xF0, 0x97, 0x00, 0x20, 0x00, 0xC0, 0x80, 0x46,
	0x01, 0xAD, 0x10, 0x00, 0x00, 0x00, 0x11, 0x01, 0x01, 0x01, 0x00, 0x00, 0x00, 0x00, 0x00, 0x00,
	0x00, 0x00, 0x00, 0x08, 0x00, 0x00, 0x00, 0x00, 0x00, 0x00, 0x00, 0x00, 0x00, 0x00, 0x00, 0x00,
	0x00, 0x00, 0x00, 0x00, 0x00, 0x00, 0x00, 0x00, 0x00, 0x00, 0x00, 0x00, 0x00, 0x00, 0x00, 0x00,
	0x00, 0x00, 0x00, 0x00, 0x00, 0x00, 0x00, 0x00, 0x00, 0x00, 0x00, 0x00, 0x00, 0x00, 0x00, 0x00,
	0x00, 0x00, 0x00, 0x00, 0x00, 0x00, 0x00, 0x00, 0x00, 0x00, 0x00, 0x00, 0x00, 0x00, 0x00, 0x00,
	0x00, 0x00, 0x00, 0x00, 0x00, 0x00, 0x00, 0x00, 0x00, 0x00, 0x00, 0x00, 0x00, 0x00, 0x00, 0x01,
	0x00, 0x00, 0x00, 0x00, 0x00, 0x00, 0x04, 0x00, 0x00, 0x00, 0x00, 0x00, 0x00, 0x00, 0x00, 0x00,
	0x00, 0x00, 0x00, 0x00, 0x00, 0x00, 0x00, 0x00, 0x00, 0x00, 0x00, 0x00, 0x00, 0x00, 0x00, 0x00,
	0x00, 0x00, 0x00, 0x00, 0x00, 0x00, 0x00, 0x00, 0x00, 0x00, 0x00, 0x00, 0x00, 0x00, 0x00, 0x00,
	0x00, 0x00, 0x00, 0x00, 0x00, 0x00, 0x00, 0x00, 0x00, 0x00, 0x00, 0x00, 0x00, 0x00, 0x00, 0x00,
	0x00, 0x00, 0x00, 0x00, 0x00, 0x00, 0x00, 0x00, 0x00, 0x00, 0x00, 0x00, 0x00, 0x00, 0x00, 0x00,
	0x00, 0x00, 0x00, 0x00, 0x00, 0x00, 0x00, 0x00, 0x00, 0x08, 0x00, 0x00, 0x00, 0x20, 0x00, 0x00,
	0x00, 0x00, 0x00, 0x00, 0x00, 0x00, 0x00, 0x00, 0x00, 0x00, 0x00, 0x00, 0x00, 0x00, 0x00, 0x00,
	0x00, 0x00, 0x00, 0x00, 0x00, 0x00, 0x00, 0x00, 0x00, 0x00, 0x00, 0x00, 0x00, 0x00, 0x00, 0x00,
	0x00, 0x00, 0x00, 0x00, 0x0D, 0x00, 0x03, 0x00, 0x00, 0x00, 0x00, 0x00, 0x00, 0x00, 0x00, 0x00,
	0x00, 0x00, 0x00, 0x00, 0x00, 0x00, 0x00, 0x00, 0x00, 0x00, 0x00, 0x00, 0x00, 0x00, 0x00, 0x00,
	0x00, 0x00, 0x00, 0x00, 0x00, 0x00, 0x00, 0x00, 0x04, 0x00, 0x00, 0x00, 0x00, 0x00, 0x00, 0x10,
	0x00, 0x00, 0x00, 0x00, 0x00, 0x00, 0x40, 0x00, 0x00, 0x00, 0x08, 0x10, 0x00, 0x00, 0x00, 0x00,
	0x00, 0x00, 0x40, 0x00, 0x00, 0x00, 0x00, 0x00, 0x01, 0x00, 0x00, 0x00, 0x00, 0x00, 0x00, 0x00,
	0x00, 0x00, 0x00, 0x00, 0x00, 0x00, 0x00, 0x00, 0x00, 0x00, 0x00, 0x00, 0x00, 0x00, 0x00, 0x00,
	0x00, 0x00, 0x00, 0x07, 0x80, 0x00, 0x00, 0x00, 0x00, 0x00, 0x00, 0x00, 0x00, 0x00, 0x00, 0x00,
	0x00, 0x00, 0x00, 0x00, 0x00, 0x00, 0x00, 0x00, 0x00, 0x00, 0x00, 0x04, 0x00, 0x00, 0x00, 0x00,
	0x00, 0x00, 0x10, 0x00, 0x00, 0x00, 0x00, 0x00, 0x00, 0xC0, 0x00, 0x00, 0x00, 0x00, 0x30, 0x00,
	0x00, 0x00, 0x00, 0x00, 0x00, 0x40, 0x00, 0x00, 0x00, 0x00, 0x00, 0x01, 0x06, 0x00, 0x00, 0x00,
	0x00, 0x00, 0x00, 0x00, 0x00, 0x00, 0x00, 0x00, 0x00, 0x00, 0x00, 0x00, 0x00, 0x00, 0x00, 0x00,
	0x00, 0x00, 0x00, 0x00, 0x00, 0x00, 0x00, 0x00, 0x00, 0x00, 0x00, 0x00, 0x00, 0x00, 0x00, 0x00,
	0x00, 0x00, 0x00, 0x00, 0x00, 0x00, 0x00, 0x00, 0x00, 0x00, 0x00, 0x00, 0x00, 0x00, 0x00, 0x00,
	0x00, 0x00, 0x00, 0x00, 0x00, 0x00, 0x00, 0x00, 0x00, 0x00, 0x00, 0x00, 0x00, 0x00, 0x00, 0x00,
	0x00, 0x00, 0x10, 0x00, 0x00, 0x00, 0x00, 0x00, 0x00, 0x00, 0x00, 0x00, 0x00, 0x00, 0x00, 0x00,
	0x00, 0x00, 0x00, 0x00, 0x00, 0x00, 0x00, 0x00, 0x00, 0x00, 0x00, 0x00, 0x00, 0x00, 0x00, 0x00,
	0x00, 0x00, 0x00, 0x00, 0x00, 0x00, 0x00, 0x00, 0x80, 0x00, 0x00, 0x02, 0x00, 0x00, 0x00, 0x00,
	0x00, 0x00, 0x00, 0x00, 0x00, 0x00, 0x00, 0x00, 0x00, 0x00, 0x00, 0x00, 0x00, 0x00, 0x00, 0x00,
	0x00, 0x00, 0x00, 0x00, 0x00, 0x00, 0x00, 0x00, 0x00, 0x00, 0x00, 0x00, 0x00, 0x00, 0x00, 0x00,
	0x00, 0x00, 0x00, 0x00, 0x00, 0x00, 0x00, 0x00, 0x00, 0x00, 0x00, 0x00, 0x00, 0x00, 0x00, 0x00,
	0x00, 0x00, 0x00, 0x00, 0x00, 0x00, 0x00, 0x00, 0x00, 0x00, 0x00, 0x00, 0x00, 0x00, 0x00, 0x00,
	0x00, 0x00, 0x00, 0x00, 0x00, 0x01, 0x00, 0x00, 0x00, 0x00, 0x00, 0x40, 0x00, 0x00, 0x00, 0x00,
	0x00, 0x00, 0x00, 0x00, 0x00, 0x00, 0x00, 0x00, 0x00, 0x00, 0x00, 0x00, 0x00, 0x00, 0x00, 0x00,
	0x00, 0x00, 0x00, 0x00, 0x04, 0x00, 0x00, 0x00, 0x00, 0x00, 0x00, 0x10, 0x00, 0x00, 0x00, 0x00,
	0x00, 0x00, 0x00, 0x00, 0x00, 0x00, 0x00, 0x00, 0x00, 0x00, 0x00, 0x00, 0x00, 0x00, 0x00, 0x00,
	0x00, 0x00, 0x00, 0x00, 0x00, 0x00, 0x00, 0x00, 0x00, 0x00, 0x00, 0x00, 0x00, 0x00, 0x00, 0x00,
	0x00, 0x00, 0x00, 0x00, 0x00, 0x00, 0x00, 0x00, 0x00, 0x00, 0x00, 0x00, 0x00, 0x00, 0x80, 0x00,
	0x00, 0x00, 0x00, 0x00, 0x00, 0x00, 0x00, 0x00, 0x00, 0x00, 0x00, 0x00, 0x00, 0x00, 0x00, 0x00,
	0x00, 0x00, 0x00, 0x00, 0x10, 0x00, 0x00, 0x80, 0x00, 0x00, 0x00, 0x00, 0x00, 0x00, 0x00, 0x00,
	0x00, 0x01, 0x00, 0x00, 0x09, 0x70, 0x00, 0x00, 0x00, 0x00, 0x00, 0x00, 0x00, 0x00, 0x00, 0x00,
	0x00, 0x00, 0x00, 0x00, 0x00, 0x00, 0x00, 0x00, 0x00, 0x00, 0x00, 0x00, 0x00, 0x01, 0x00, 0x00,
	0x09, 0x00, 0x00, 0x00, 0x00, 0x00, 0x00, 0x00, 0x00, 0x00, 0x00, 0x30, 0x00, 0x10, 0x00, 0x00,
	0x00, 0x00, 0x00, 0x00, 0x00, 0x00, 0x00, 0x00, 0x00, 0x00, 0x00, 0x00, 0x00, 0x00, 0x00, 0x00,
	0x00, 0x00, 0x00, 0x00, 0x00, 0x00, 0x00, 0x00, 0x00, 0x01, 0x80, 0x2C, 0xF0, 0x00, 0x00, 0x00,
	0x04, 0x00, 0x00, 0x00, 0x00, 0x00, 0x0B, 0x00, 0x70, 0x00, 0x00, 0x20, 0x00, 0x00, 0xA0, 0x00,
	0x08, 0x00, 0x00, 0x00, 0x00, 0x00, 0x00, 0x00, 0x00, 0x00, 0x40, 0x00, 0x00, 0x00, 0x00, 0x00,
	0x00, 0x00, 0x00, 0x1D, 0x00, 0x0F, 0x00, 0x00, 0x00, 0x00, 0x70, 0x00, 0x00, 0x00, 0x00, 0x00,
	0x91, 0xC0, 0x00, 0x00, 0x00, 0x00, 0x00, 0x01, 0x02, 0x60, 0x00, 0x00, 0x00, 0x00, 0x00, 0x00,
	0x00, 0x02, 0x00, 0x07, 0x80, 0x00, 0x00, 0x00, 0x00, 0x00, 0x00, 0x00, 0x00, 0x83, 0x02, 0x94,
	0x00, 0x00, 0x00, 0x00, 0x00, 0x00, 0x00, 0x00, 0x00, 0x09, 0x08, 0x38, 0x10, 0x00, 0x00, 0x00,
	0x01, 0x00, 0x00, 0x00, 0x00, 0x50, 0x00, 0x30, 0x02, 0x00, 0x00, 0x00, 0x00, 0x00, 0x00, 0x00,
	0x00, 0x00, 0x00, 0x00, 0x00, 0x01, 0x81, 0x00, 0x16, 0x80, 0x00, 0x00, 0x00, 0x00, 0x00, 0x00,
	0x00, 0x00, 0x00, 0x00, 0x07, 0x00, 0x00, 0x00, 0x00, 0x00, 0x0A, 0x10, 0x40, 0x00, 0x00, 0x38,
	0x08, 0x00, 0x01, 0x00, 0x00, 0x00, 0x00, 0x00, 0x00, 0x00, 0x00, 0x00, 0x00, 0x00, 0x00, 0x00,
	0x00, 0x82, 0x80, 0x20, 0x00, 0x00, 0x00, 0x00, 0x90, 0x02, 0x04, 0x00, 0x01, 0x00, 0x70, 0x00,
	0x00, 0x00, 0x00, 0x00, 0x00, 0x00, 0x00, 0x40, 0x07, 0x0C, 0x00, 0x00, 0x00, 0x00, 0x00, 0x00,
	0x01, 0x7A, 0xE7, 0x01, 0x00, 0x00, 0x00, 0x00, 0x01, 0x80, 0x73, 0x28, 0x00, 0x00, 0x00, 0x00,
	0x00, 0x00, 0x02, 0x40, 0x00, 0x00, 0x10, 0x88, 0x00, 0x00, 0x00, 0x00, 0x00, 0x00, 0x00, 0x00,
	0x04, 0x00, 0x00, 0x00, 0x00, 0x00, 0x00, 0x00, 0x00, 0x00, 0x15, 0x9E, 0x24, 0x08, 0x00, 0x00,
	0x00, 0x00, 0x10, 0x0D, 0x69, 0x29, 0x00, 0x00, 0x00, 0x00, 0x00, 0x00, 0x00, 0x00, 0x00, 0x00,
	0x80, 0x10, 0x00, 0x00, 0xE0, 0x00, 0x00, 0x00, 0x00, 0x00, 0x00, 0x00, 0x00, 0x00, 0x00, 0x00,
	0x00, 0x00, 0x00, 0x03, 0x69, 0xB7, 0x00, 0x00, 0x00, 0x00, 0x00, 0x09, 0x00, 0x5A, 0xC1, 0x52,
	0x00, 0x00, 0x00, 0x00, 0x00, 0x00, 0x00, 0x00, 0x00, 0x10, 0x80, 0x00, 0x00, 0x00, 0x06, 0x00,
	0x00, 0x00, 0x00, 0x00, 0x00, 0x00, 0x00, 0x00, 0x00, 0x00, 0x00, 0x01, 0x60, 0x04, 0xB2, 0x14,
	0x00, 0x00, 0x00, 0x30, 0x00, 0x00, 0xD9, 0xBC, 0x85, 0x00, 0x00, 0x00, 0x00, 0x00, 0xF0, 0x00,
	0x03, 0x00, 0x00, 0x10, 0x30, 0x00, 0x00, 0x00, 0x00, 0x00, 0x00, 0x00, 0x01, 0x00, 0x40, 0x00,
	0xB0, 0x02, 0x00, 0x0C, 0x0C, 0x00, 0x3C, 0x00, 0x00, 0x00, 0x00, 0x00, 0x03, 0x00, 0x00, 0x19,
	0x52, 0x61, 0x10, 0x00, 0x00, 0x00, 0x00, 0x00, 0x02, 0x40, 0x10, 0x00, 0x01, 0xC0, 0x00, 0x00,
	0x00, 0x04, 0x28, 0x00, 0x00, 0x00, 0x10, 0x02, 0x00, 0x00, 0x00, 0x01, 0x00, 0xC0, 0x01, 0xE7,
	0xC0, 0x00, 0x00, 0x00, 0x00, 0x00, 0x20, 0x00, 0x90, 0x0D, 0xF1, 0x21, 0x00, 0x80, 0x00, 0x00,
	0x00, 0x00, 0x00, 0x00, 0x80, 0x00, 0x00, 0xFB, 0x40, 0xA0, 0x00, 0x00, 0x00, 0x00, 0x00, 0x00,
	0x80, 0x00, 0x00, 0x00, 0x00, 0x00, 0x02, 0x00, 0x02, 0x40, 0x59, 0x3A, 0x10, 0x00, 0x00, 0x02,
	0x80, 0x00, 0x00, 0x7F, 0x48, 0x70, 0x0A, 0x00, 0x00, 0x00, 0x00, 0x00, 0x00, 0x08, 0x40, 0x00,
	0x0B, 0x80, 0x42, 0x00, 0x00, 0x00, 0x00, 0x00, 0x00, 0x28, 0x00, 0x00, 0x00, 0x00, 0x00, 0x00,
	0x20, 0x00, 0x63, 0xA0, 0xB3, 0x54, 0x00, 0x00, 0x00, 0x00, 0x08, 0x00, 0x80, 0x80, 0x00, 0x08,
	0x00, 0x00, 0x02, 0x00, 0x00, 0x00, 0x00, 0x00, 0x0B, 0x80, 0x52, 0xC0, 0x00, 0x00, 0x00, 0x00,
	0x00, 0x00, 0x00, 0x00, 0x20, 0x0F, 0x00, 0x00, 0x00, 0x00, 0x00, 0xBC, 0x28, 0x00, 0x00, 0x00,
	0x00, 0x00, 0x00, 0x00, 0x00, 0x01, 0x78, 0x00, 0x20, 0x00, 0x00, 0x00, 0x04, 0x00, 0x00, 0x00,
	0x00, 0x40, 0x10, 0x08, 0x04, 0x00, 0x00, 0x00, 0x00, 0x00, 0x00, 0x00, 0x00, 0x01, 0x00, 0x10,
	0x00, 0x00, 0x00, 0x00, 0x16, 0x00, 0x40, 0x00, 0x00, 0x00, 0x00, 0x00, 0x30, 0x00, 0x00, 0x05,
	0xA3, 0xCC, 0x00, 0x40, 0x00, 0x00, 0x34, 0x05, 0x00, 0x01, 0x00, 0x00, 0x0A, 0x30, 0x00, 0x40,
	0x08, 0x00, 0x02, 0x00, 0x41, 0x95, 0x00, 0x09, 0x80, 0x00, 0x00, 0x00, 0x0C, 0x00, 0x14, 0x00,
	0x00, 0x00, 0x00, 0x00, 0x00, 0x03, 0x00, 0x07, 0x80, 0xD2, 0xF4, 0xC0, 0x44, 0x00, 0x00, 0x00,
	0x0E, 0xA0, 0x00, 0x30, 0x00, 0x59, 0xB8, 0x00, 0x0C, 0x01, 0x1C, 0x00, 0x40, 0x00, 0x40, 0x30,
	0x00, 0xB8, 0x00, 0x00, 0x00, 0x00, 0x40, 0x02, 0x06, 0x80, 0x00, 0x00, 0x00, 0x00, 0x00, 0x00,
	0x00, 0x00, 0x00, 0x00, 0x00, 0x00, 0x00, 0x00, 0x00, 0x0C, 0x0A, 0x50, 0x00, 0x20, 0x50, 0x80,
	0x70, 0x00, 0x00, 0x00, 0x00, 0x00, 0xA0, 0x02, 0x80, 0x00, 0x00, 0x00, 0x00, 0x00, 0x00, 0x00,
	0x02, 0x00, 0x00, 0xEC, 0xAF, 0x80, 0x00, 0x00, 0x00, 0x00, 0x00, 0x1A, 0x00, 0x00, 0x00, 0x00,
	0x00, 0x06, 0x02, 0x00, 0x5A, 0x00, 0x00, 0x02, 0x70, 0x08, 0x00, 0x00, 0x00, 0x00, 0x00, 0x01,
	0x02, 0x41, 0xC0, 0x00, 0x01, 0xE0, 0x00, 0x00, 0x00, 0x00, 0x01, 0x40, 0x05, 0xFD, 0xF6, 0x00,
	0x00, 0x00, 0x00, 0x00, 0x00, 0x09, 0x70, 0xF1, 0x22, 0x00, 0x00, 0x43, 0xC0, 0x00, 0xF0, 0x00,
	0x00, 0x07, 0x10, 0x98, 0x01, 0x08, 0x03, 0xC0, 0x00, 0x00, 0x40, 0x94, 0x00, 0x09, 0x10, 0x00,
	0x00, 0x00, 0x00, 0x00, 0x04, 0x00, 0x5C, 0x3F, 0x20, 0x00, 0x00, 0x00, 0x00, 0x01, 0x80, 0x33,
	0x5F, 0x10, 0x10, 0x00, 0x26, 0x00, 0x0E, 0x0F, 0x00, 0x00, 0x00, 0xF9, 0xC9, 0x00, 0x00, 0x00,
	0x00, 0x01, 0xE0, 0x00, 0x50, 0x00, 0x00, 0x00, 0x80, 0x00, 0x00, 0x00, 0x00, 0x08, 0x00, 0x0F,
	0xEB, 0xF4, 0x00, 0x00, 0x00, 0x04, 0x00, 0x10, 0x80, 0x00, 0x00, 0x00, 0x00, 0x00, 0x00, 0x36,
	0xC7, 0x04, 0x00, 0x00, 0x00, 0x00, 0x10, 0x00, 0x00, 0x01, 0x42, 0xA4, 0xCC, 0xF2, 0x00, 0x40,
	0x00, 0x00, 0x0B, 0x90, 0x98, 0x00, 0x01, 0x44, 0x00, 0xEA, 0x5F, 0x00, 0x00, 0x00, 0x00, 0x40,
	0x00, 0x00, 0x00, 0x00, 0x00, 0x00, 0x0E, 0x00, 0x02, 0x59, 0x30, 0x40, 0x00, 0x80, 0x58, 0x08,
	0x00, 0x00, 0x00, 0x24, 0x06, 0xD8, 0xFC, 0x00, 0x04, 0x00, 0x00, 0x03, 0x85, 0x09, 0x00, 0x00,
	0xE9, 0x60, 0x37, 0xAD, 0xF6, 0x00, 0x00, 0x00, 0x00, 0x00, 0xD0, 0x09, 0xB0, 0x05, 0x02, 0x00,
	0x01, 0x42, 0x14, 0x00, 0x80, 0x00, 0x00, 0x00, 0x80, 0xF0, 0x00, 0x00, 0x03, 0xE2, 0x00, 0xB0,
	0x00, 0x00, 0x00, 0x20, 0x00, 0x00, 0x00, 0x00, 0x00, 0x00, 0x3C, 0x30, 0x00, 0x00, 0x00, 0x00,
	0x00, 0x00, 0x00, 0x00, 0x00, 0x33, 0x40, 0x12, 0x00, 0x00, 0x16, 0x66, 0x00, 0x00, 0x00, 0x00,
	0x00, 0x78, 0x08, 0x00, 0x00, 0x00, 0x3E, 0x28, 0x00, 0x02, 0x40, 0x00, 0x04, 0x00, 0x00, 0x00,
	0x00, 0x00, 0x00, 0x60, 0xE0, 0x40, 0x00, 0x00, 0x00, 0x00, 0x00, 0x30, 0x00, 0x01, 0x00, 0x00,
	0x00, 0x00, 0x40, 0x00, 0x02, 0x2E, 0xA0, 0x34, 0x03, 0x10, 0x00, 0x90, 0x50, 0x00, 0x40, 0x00,
	0x03, 0xC0, 0xB3, 0x30, 0x03, 0x00, 0x20, 0x10, 0x00, 0x00, 0x00, 0x0C, 0x00, 0x02, 0x00, 0x00,
	0x00, 0x00, 0x00, 0x00, 0x03, 0x00, 0x05, 0x0A, 0x00, 0x00, 0x00, 0x04, 0x00, 0x00, 0x07, 0x49,
	0xC0, 0x40, 0x10, 0x38, 0x38, 0xE8, 0x00, 0x0C, 0x00, 0x00, 0x04, 0x1B, 0x33, 0x08, 0x30, 0x00,
	0x01, 0xC0, 0x60, 0x40, 0x00, 0x40, 0x01, 0x43, 0x80, 0x00, 0x00, 0x00, 0x00, 0x00, 0x20, 0x00,
	0x00, 0x00, 0x00, 0x00, 0x00, 0x8A, 0x03, 0xC2, 0x07, 0xC4, 0x84, 0x02, 0x00, 0x07, 0x00, 0x33,
	0x40, 0x88, 0x40, 0x02, 0x80, 0x00, 0x42, 0x1A, 0x00, 0x00, 0x00, 0x00, 0x00, 0x00, 0x0A, 0x00,
	0x00, 0x00, 0x00, 0x00, 0x00, 0x00, 0x00, 0x02, 0x80, 0x05, 0x00, 0x00, 0x00, 0x00, 0x0A, 0x00,
	0x16, 0x06, 0xF9, 0x21, 0xC0, 0x28, 0x00, 0x81, 0xE5, 0x04, 0x4A, 0x04, 0x14, 0x00, 0x40, 0x00,
	0x49, 0x28, 0x10, 0x50, 0x00, 0x00, 0x00, 0x00, 0xA0, 0x48, 0x00, 0x00, 0x00, 0x00, 0x00, 0x00,
	0x00, 0x00, 0x00, 0x00, 0x00, 0x00, 0x00, 0x00, 0x00, 0x00, 0x02, 0x82, 0x00, 0x00, 0x20, 0x00,
	0x00, 0x0F, 0xF3, 0x80, 0x00, 0x02, 0x42, 0x42, 0x0C, 0xC0, 0x40, 0x28, 0x10, 0x00, 0xD0, 0x15,
	0x40, 0x00, 0x21, 0x40, 0x40, 0x00, 0x00, 0x00, 0x00, 0x00, 0x00, 0x00, 0x00, 0x18, 0x00, 0x00,
	0x00, 0x00, 0x00, 0x00, 0x69, 0x60, 0x00, 0x80, 0x00, 0x00, 0x00, 0x18, 0x00, 0x00, 0x00, 0x00,
	0x01, 0x68, 0x33, 0x08, 0x01, 0x32, 0x00, 0x00, 0x7A, 0xA8, 0x00, 0x04, 0x08, 0xC2, 0x80, 0x00,
	0x00, 0x00, 0x00, 0x00, 0x30, 0x00, 0x00, 0x8F, 0x78, 0x00, 0x00, 0x40, 0x08, 0x00, 0x00, 0x00,
	0x00, 0x01, 0x00, 0x01, 0x00, 0x10, 0x00, 0x00, 0x40, 0x00, 0x00, 0x0C, 0xC0, 0x01, 0x00, 0x00,
	0x80, 0x04, 0x00, 0x00, 0x20, 0x00, 0x00, 0x34, 0x00, 0x00, 0x00, 0x00, 0x00, 0x03, 0x00, 0x07,
	0x81, 0xD7, 0x20, 0x00, 0x14, 0x01, 0x00, 0x00, 0x00, 0x00, 0x00, 0x30, 0x00, 0x00, 0x08, 0x00,
	0x00, 0x00, 0x00, 0x69, 0x68, 0x33, 0xA0, 0x11, 0x00, 0x70, 0x80, 0x68, 0x41, 0x80, 0x00, 0x00,
	0x07, 0x40, 0x00, 0x00, 0x00, 0x00, 0x00, 0x00, 0x00, 0xB0, 0x05, 0x70, 0x09, 0x20, 0x00, 0x00,
	0x04, 0x00, 0x00, 0x00, 0x00, 0x00, 0x01, 0x90, 0xD0, 0x00, 0x10, 0x00, 0x02, 0x80, 0xFC, 0xC0,
	0x10, 0x00, 0x0D, 0x00, 0x50, 0x02, 0x0A, 0x10, 0xA1, 0x54, 0x00, 0x10, 0x00, 0x00, 0x00, 0x00,
	0x00, 0x00, 0x09, 0x00, 0x3F, 0x80, 0x10, 0x10, 0x00, 0x00, 0x28, 0x00, 0x00, 0x00, 0x00, 0x84,
	0x71, 0xC0, 0x00, 0x01, 0x00, 0x00, 0x04, 0x09, 0x33, 0x80, 0x00, 0x00, 0x10, 0x00, 0x00, 0x01,
	0x80, 0x00, 0x08, 0x02, 0x81, 0xE1, 0x04, 0x04, 0x00, 0x00, 0x00, 0x00, 0x08, 0xC3, 0x3C, 0xB0,
	0x00, 0x00, 0x00, 0x20, 0x07, 0xC1, 0x80, 0x00, 0x00, 0x21, 0x00, 0x78, 0x04, 0x00, 0x08, 0x02,
	0x80, 0xAC, 0xC0, 0x00, 0x00, 0x00, 0x10, 0x08, 0x2B, 0xC2, 0x00, 0x00, 0x00, 0x03, 0x40, 0xAA,
	0x00, 0x40, 0x00, 0x00, 0x00, 0x01, 0x81, 0xB2, 0xC3, 0x00, 0x00, 0x00, 0x14, 0x03, 0xD9, 0x58,
	0x00, 0x00, 0x04, 0x00, 0x0B, 0x00, 0x00, 0x00, 0x40, 0x04, 0x09, 0x33, 0x80, 0x00, 0x00, 0x01,
	0x87, 0xFA, 0xBC, 0x05, 0x00, 0x00, 0x00, 0x21, 0xA5, 0x50, 0x04, 0x00, 0x02, 0x00, 0x00, 0x90,
	0x07, 0x36, 0x28, 0x20, 0x00, 0x00, 0x00, 0x34, 0xB0, 0x30, 0x00, 0x00, 0x01, 0x1C, 0x30, 0x00,
	0x00, 0x00, 0x00, 0x02, 0x0C, 0xC0, 0x00, 0x00, 0x03, 0x00, 0x70, 0x02, 0x08, 0x00, 0x2C, 0x14,
	0x40, 0x00, 0x04, 0x00, 0x00, 0x00, 0x00, 0x00, 0x09, 0x80, 0x73, 0x61, 0x40, 0x00, 0x00, 0x00,
	0x03, 0x7C, 0xA3, 0x00, 0x00, 0x30, 0x78, 0x90, 0x00, 0x00, 0x20, 0x00, 0x01, 0x68, 0x33, 0x80,
	0x01, 0x00, 0x00, 0x00, 0x00, 0x01, 0x00, 0x04, 0x00, 0x67, 0x14, 0x00, 0x04, 0x00, 0x00, 0x00,
	0x00, 0x01, 0x00, 0x00, 0x00, 0x00, 0x00, 0x00, 0xC3, 0x46, 0xA4, 0x05, 0xA4, 0x00, 0x10, 0x00,
	0x00, 0x30, 0x00, 0x00, 0x02, 0x62, 0xC0, 0xFC, 0xC0, 0x00, 0x00, 0x29, 0x18, 0xB3, 0x95, 0x00,
	0x00, 0x00, 0x00, 0x28, 0xE9, 0x04, 0x00, 0x00, 0x00, 0x20, 0x00, 0x00, 0x00, 0x00, 0x00, 0x00,
	0x00, 0x00, 0x06, 0x2F, 0x40, 0x00, 0x40, 0x40, 0x80, 0x10, 0x00, 0x00, 0x00, 0x00, 0x74, 0x00,
	0x08, 0x33, 0x80, 0x00, 0x01, 0x81, 0x9D, 0x30, 0x54, 0x00, 0x00, 0x61, 0x40, 0x14, 0xD0, 0x50,
	0x00, 0x00, 0x00, 0x14, 0x00, 0x00, 0x00, 0x00, 0x00, 0x00, 0x40, 0x00, 0x04, 0x34, 0xAF, 0x30,
	0x03, 0x00, 0x00, 0x00, 0x50, 0x00, 0x00, 0x00, 0x00, 0x00, 0x0C, 0xC2, 0x01, 0x20, 0x00, 0x80,
	0x00, 0x00, 0x04, 0x5C, 0x00, 0x3C, 0x42, 0x50, 0xA0, 0x00, 0x00, 0x00, 0x01, 0x40, 0x01, 0x80,
	0x00, 0x00, 0x00, 0x04, 0x00, 0x0E, 0x73, 0x7D, 0xD3, 0x00, 0x30, 0x00, 0x11, 0xC0, 0x00, 0x00,
	0x00, 0x00, 0x00, 0x48, 0x33, 0x80, 0x10, 0xB0, 0x18, 0x00, 0x68, 0x41, 0x01, 0xC0, 0x02, 0x07,
	0x3C, 0xC0, 0x50, 0x00, 0x00, 0x00, 0x20, 0x00, 0x00, 0x0F, 0x31, 0xE9, 0x06, 0x8A, 0x03, 0xC3,
	0x4F, 0xA0, 0x00, 0x02, 0x80, 0x2B, 0x00, 0x73, 0x50, 0x00, 0x00, 0x04, 0x01, 0x9C, 0xC2, 0x02,
	0x00, 0x0D, 0x00, 0xD0, 0x29, 0x40, 0x02, 0x0C, 0x80, 0x38, 0x20, 0xCC, 0x01, 0x00, 0x00, 0x02,
	0x80, 0x00, 0x00, 0xD3, 0x56, 0x92, 0x0A, 0x00, 0x1C, 0x6F, 0x6F, 0x80, 0x28, 0x28, 0x45, 0xB8,
	0x01, 0x80, 0x00, 0x00, 0x00, 0x28, 0x1D, 0x33, 0x80, 0x28, 0x80, 0x80, 0x08, 0x01, 0x69, 0x80,
	0x20, 0x10, 0x07, 0xDE, 0x83, 0x30, 0x00, 0x00, 0x00, 0x00, 0x05, 0x00, 0xF0, 0x00, 0x00, 0x00,
	0x00, 0x00, 0x02, 0x41, 0x0A, 0xF0, 0x04, 0x40, 0x80, 0x0E, 0x52, 0x40, 0x04, 0x00, 0x30, 0x00,
	0xD0, 0x00, 0x20, 0x28, 0x41, 0x0D, 0x10, 0x29, 0x44, 0x00, 0x48, 0x04, 0x40, 0x20, 0xCC, 0x15,
	0x00, 0x00, 0x00, 0x02, 0xA0, 0x00, 0x00, 0x00, 0x00, 0x00, 0x00, 0x16, 0x00, 0x5A, 0xAF, 0x00,
	0x04, 0x40, 0x00, 0x08, 0x00, 0x00, 0x20, 0x14, 0x00, 0x01, 0x00, 0x80, 0x09, 0x02, 0x80, 0x10,
	0x01, 0x69, 0x00, 0x0A, 0x00, 0x07, 0x84, 0x83, 0x38, 0x00, 0x00, 0x00, 0x18, 0x00, 0x00, 0x00,
	0x00, 0x00, 0x00, 0x20, 0xA0, 0x00, 0x02, 0x00, 0x42, 0x03, 0x80, 0x00, 0x00, 0x10, 0x00, 0x20,
	0x00, 0x03, 0xBC, 0x00, 0x80, 0x09, 0x90, 0x30, 0x80, 0x9B, 0x15, 0x00, 0x02, 0x00, 0x00, 0x00,
	0x0D, 0xCC, 0x00, 0x00, 0x00, 0x01, 0x00, 0x00, 0x00, 0x00, 0x00, 0x00, 0x00, 0x00, 0x04, 0x70,
	0x40, 0x00, 0x40, 0x10, 0x00, 0x00, 0x08, 0x00, 0x00, 0x00, 0x00, 0x06, 0x00, 0x00, 0x40, 0x32,
	0x01, 0x79, 0xA9, 0xE8, 0x54, 0x00, 0x00, 0x00, 0x00, 0x00, 0x93, 0x38, 0x00, 0x00, 0x00, 0x08,
	0x00, 0x00, 0x00, 0x00, 0x00, 0x00, 0x20, 0x00, 0x00, 0x3D, 0x0F, 0x50, 0x00, 0x80, 0x00, 0x80,
	0xB0, 0x00, 0x20, 0x05, 0xC0, 0x26, 0xA1, 0x10, 0x08, 0x82, 0x85, 0x1B, 0x00, 0x01, 0x02, 0x02,
	0x4C, 0x00, 0x2C, 0x00, 0xCC, 0x00, 0x00, 0x00, 0x00, 0x00, 0x00, 0x00, 0x00, 0x00, 0x00, 0x00,
	0x00, 0x00, 0x22, 0x0C, 0xFA, 0x00, 0x40, 0x38, 0x71, 0xC0, 0x00, 0x00, 0x04, 0x20, 0x00, 0x4E,
	0x88, 0x00, 0x00, 0x00, 0x50, 0xA3, 0x80, 0x01, 0x00, 0x00, 0x10, 0x07, 0x96, 0x83, 0x38, 0x00,
	0x10, 0x00, 0x08, 0x00, 0x00, 0x05, 0x00, 0x21, 0x80, 0x20, 0x00, 0x00, 0x14, 0x00, 0x82, 0x00,
	0x80, 0x00, 0x09, 0xD8, 0x04, 0x20, 0x00, 0x00, 0x00, 0x00, 0x00, 0x00, 0x80, 0x01, 0x9A, 0x0E,
	0xC8, 0x00, 0x02, 0x00, 0x00, 0x6C, 0x00, 0xCC, 0x00, 0x03, 0x00, 0x00, 0x00, 0x00, 0x00, 0x00,
	0x00, 0x10, 0x00, 0x00, 0x00, 0x02, 0x00, 0x00, 0x40, 0x00, 0x00, 0x10, 0x0D, 0x00, 0x00, 0x00,
	0x40, 0x00, 0x00, 0x00, 0x00, 0x00, 0x08, 0x38, 0x95, 0x34, 0x80, 0x80, 0x00, 0x00, 0x02, 0x84,
	0x83, 0x38, 0x04, 0x24, 0x02, 0x0C, 0x00, 0x00, 0x00, 0x00, 0x00, 0x00, 0x20, 0x00, 0x04, 0x00,
	0x80, 0x02, 0x00, 0x80, 0x40, 0x09, 0x10, 0x00, 0x20, 0x14, 0x03, 0x80, 0x00, 0x00, 0x00, 0x80,
	0x01, 0x0A, 0xB0, 0x02, 0x06, 0x42, 0x00, 0xB4, 0x38, 0x20, 0xCC, 0x00, 0x00, 0x40, 0x10, 0x40,
	0x00, 0x00, 0x00, 0x00, 0x00, 0x00, 0x00, 0x00, 0x70, 0x00, 0x02, 0x40, 0x00, 0x02, 0x00, 0x00,
	0x00, 0x00, 0x02, 0x00, 0x04, 0x00, 0x00, 0x00, 0x00, 0x00, 0xD0, 0xA8, 0x00, 0x01, 0x43, 0x00,
	0xC0, 0x00, 0x5C, 0x83, 0x38, 0x00, 0x00, 0x80, 0x08, 0x00, 0x00, 0x00, 0x00, 0x00, 0x00, 0x20,
	0x01, 0x40, 0x00, 0x00, 0x40, 0x00, 0x80, 0x0B, 0x0E, 0x30, 0x00, 0x24, 0xA3, 0x64, 0x00, 0x00,
	0x00, 0x00, 0x80, 0x00, 0x0D, 0xD7, 0xA5, 0x80, 0x02, 0x40, 0x14, 0x00, 0x20, 0xCC, 0x00, 0x00,
	0x08, 0x30, 0x00, 0x00, 0x00, 0x00, 0x00, 0x00, 0x00, 0x00, 0x00, 0x01, 0xE0, 0x00, 0x40, 0x00,
	0x00, 0x90, 0x08, 0x00, 0x00, 0x20, 0x1E, 0x78, 0x00, 0x00, 0x00, 0x00, 0x18, 0x71, 0x90, 0x79,
	0xA4, 0x00, 0x02, 0x02, 0x00, 0x0C, 0x83, 0x3A, 0x00, 0x00, 0xC0, 0x78, 0x00, 0x70, 0x00, 0x00,
	0x00, 0x00, 0x20, 0x00, 0x00, 0x00, 0x00, 0x00, 0x03, 0x80, 0x00, 0x89, 0x70, 0x00, 0x20, 0x04,
	0x04, 0x34, 0xD9, 0x60, 0x01, 0x8B, 0x80, 0x18, 0x7B, 0xF0, 0xC0, 0x02, 0x46, 0x00, 0x00, 0x0F,
	0xCC, 0x00, 0x00, 0x0A, 0x81, 0x00, 0x00, 0x1E, 0x00, 0x00, 0x00, 0x00, 0x8E, 0x00, 0x00, 0x00,
	0x00, 0x00, 0x30, 0x00, 0x79, 0xC0, 0x00, 0x00, 0x00, 0x86, 0x28, 0x1A, 0x69, 0x20, 0x11, 0x06,
	0x00, 0xAF, 0x00, 0xF0, 0x00, 0x02, 0x00, 0x00, 0x00, 0x83, 0x3A, 0x00, 0x00, 0x80, 0x08, 0x00,
	0xF0, 0x00, 0x00, 0x00, 0x00, 0x80, 0x00, 0x00, 0x24, 0x00, 0x82, 0x02, 0x00, 0x07, 0x80, 0xD2,
	0x81, 0x80, 0x00, 0x00, 0x00, 0x00, 0x40, 0x06, 0x00, 0x00, 0x0B, 0x9B, 0x40, 0x00, 0x00, 0x00,
	0x00, 0x00, 0x20, 0xCC, 0x00, 0x00, 0x08, 0x00, 0x80, 0x00, 0x00, 0x00, 0x00, 0x00, 0x0A, 0x00,
	0x00, 0x00, 0x00, 0x00, 0x40, 0x28, 0x00, 0x18, 0x05, 0x04, 0x0A, 0x00, 0x00, 0x01, 0x60, 0x00,
	0x40, 0x28, 0x30, 0x01, 0xA5, 0xB0, 0x04, 0x04, 0x00, 0x00, 0x00, 0x0E, 0xC3, 0x38, 0x00, 0x00,
	0x82, 0x48, 0x00, 0x30, 0x00, 0x00, 0x00, 0x00, 0x20, 0x00, 0x43, 0xC0, 0xF0, 0x00, 0x00, 0xA8,
	0x0F, 0x00, 0xB2, 0x00, 0x20, 0x00, 0x06, 0x74, 0x00, 0x80, 0x04, 0x82, 0x00, 0x0D, 0x07, 0xA5,
	0x80, 0x02, 0x02, 0xBC, 0x00, 0x0C, 0x00, 0x02, 0x00, 0x08, 0x01, 0x00, 0x08, 0x40, 0x00, 0x00,
	0x00, 0x04, 0x00, 0x20, 0x64, 0x00, 0x02, 0x40, 0x11, 0x38, 0x80, 0x08, 0x04, 0x04, 0x01, 0x40,
	0x7E, 0x00, 0x00, 0x40, 0x12, 0x00, 0x01, 0x97, 0x72, 0x58, 0x00, 0x40, 0x26, 0x00, 0x00, 0x00,
	0x08, 0x00, 0x00, 0x00, 0x38, 0x00, 0x90, 0x09, 0x3D, 0x08, 0x20, 0x20, 0x00, 0x00, 0x0C, 0x00,
	0x81, 0x01, 0x00, 0x00, 0x98, 0x30, 0x00, 0x60, 0x03, 0xC0, 0x2D, 0xAB, 0xE0, 0x01, 0x80, 0x05,
	0x08, 0x77, 0xC2, 0x02, 0x0E, 0x00, 0x04, 0x02, 0xD0, 0x0A, 0x01, 0x00, 0x00, 0x03, 0x00, 0x0F,
	0x80, 0x00, 0x20, 0x50, 0x00, 0x00, 0x00, 0x02, 0x00, 0x00, 0x40, 0x50, 0x01, 0x38, 0xE8, 0x00,
	0x0C, 0xA1, 0x40, 0x02, 0x4B, 0xD7, 0x00, 0x10, 0x00, 0x91, 0xAF, 0xF8, 0x00, 0x80, 0xC0, 0x10,
	0x40, 0x00, 0xC0, 0x54, 0x04, 0x00, 0x00, 0x08, 0x00, 0xD9, 0xC0, 0x00, 0x00, 0x00, 0x20, 0x10,
	0xC0, 0x01, 0x00, 0x00, 0x00, 0x00, 0x09, 0x00, 0x30, 0x00, 0x28, 0x40, 0x06, 0x81, 0x00, 0x00,
	0x00, 0xC1, 0xD7, 0x0A, 0x08, 0x28, 0x00, 0x42, 0x00, 0x2C, 0x28, 0x5D, 0x2E, 0x00, 0x40, 0x00,
	0x00, 0x28, 0x01, 0x8F, 0x00, 0x00, 0x00, 0x00, 0x00, 0xA0, 0x00, 0x1A, 0x10, 0x40, 0x00, 0x38,
	0x00, 0x08, 0x00, 0x00, 0x00, 0x1C, 0x38, 0x0C, 0x10, 0x40, 0x04, 0x02, 0x01, 0xF7, 0xBA, 0x80,
	0x01, 0x08, 0xA0, 0x00, 0x24, 0x95, 0xE0, 0x00, 0x10, 0x00, 0x08, 0x00, 0xB0, 0x00, 0x00, 0x00,
	0x00, 0x20, 0x00, 0x02, 0x0C, 0x00, 0x80, 0x00, 0x00, 0x01, 0x00, 0xF8, 0x00, 0x20, 0x48, 0x60,
	0x00, 0xE0, 0x00, 0x14, 0x80, 0x05, 0x0A, 0x1E, 0x8F, 0xC0, 0x12, 0x43, 0x24, 0x29, 0xDF, 0x1D,
	0x00, 0x03, 0x00, 0x00, 0x00, 0x09, 0x00, 0x00, 0x00, 0x00, 0x00, 0x00, 0x06, 0x04, 0x00, 0x00,
	0x40, 0x00, 0x00, 0x38, 0x0F, 0x80, 0x80, 0x01, 0x0E, 0x20, 0x01, 0x02, 0x61, 0x80, 0x00, 0x50,
	0xA7, 0x60, 0x68, 0x00, 0x08, 0x0A, 0x00, 0x17, 0x85, 0xE2, 0x00, 0x00, 0x02, 0x08, 0x00, 0x08,
	0x03, 0x00, 0x00, 0x03, 0x20, 0x00, 0x00, 0x00, 0x00, 0x00, 0x00, 0x00, 0x09, 0x00, 0x30, 0x00,
	0x24, 0x01, 0xC2, 0x80, 0xC3, 0x30, 0x00, 0xA8, 0x0F, 0x00, 0xB8, 0x3F, 0xC0, 0x12, 0x01, 0x4C,
	0x20, 0x1D, 0x03, 0x00, 0x40, 0x00, 0x10, 0x03, 0x05, 0x0E, 0xF3, 0x14, 0x00, 0x00, 0x00, 0x04,
	0x00, 0x0E, 0x10, 0x40, 0x00, 0x00, 0x10, 0x00, 0x00, 0x00, 0x20, 0x36, 0x6C, 0x1E, 0x33, 0x40,
	0x01, 0x00, 0x80, 0xAB, 0x80, 0x00, 0x00, 0x00, 0xA3, 0xE2, 0x00, 0xC0, 0x34, 0x04, 0x00, 0x80,
	0x08, 0x00, 0x00, 0x00, 0x00, 0x00, 0x00, 0x20, 0x01, 0xC3, 0x81, 0x00, 0x02, 0x00, 0x20, 0x00,
	0x00, 0x10, 0x00, 0x20, 0x02, 0xC7, 0xB4, 0x00, 0x80, 0x00, 0x80, 0x00, 0x0E, 0x30, 0x3F, 0xC0,
	0x22, 0x20, 0x3E, 0x43, 0x40, 0xAA, 0x00, 0x40, 0x08, 0x30, 0x00, 0x00, 0x00, 0x00, 0x00, 0x00,
	0x00, 0x00, 0x3E, 0x24, 0x1C, 0x10, 0x40, 0x00, 0x00, 0x10, 0x80, 0x00, 0x00, 0x00, 0x20, 0x2E,
	0x00, 0x00, 0x40, 0x01, 0x01, 0x01, 0xFB, 0x80, 0x00, 0x00, 0x04, 0xE1, 0xE7, 0x00, 0xA5, 0x50,
	0x00, 0x00, 0xC0, 0x38, 0x00, 0x00, 0x00, 0x42, 0x80, 0x00, 0x20, 0x10, 0x00, 0x14, 0x00, 0x80,
	0x03, 0x00, 0x00, 0x10, 0x50, 0x00, 0xE0, 0xA0, 0x04, 0x35, 0xEA, 0x00, 0x01, 0x80, 0x47, 0x00,
	0x38, 0x3F, 0xC0, 0x06, 0x02, 0x02, 0x2E, 0xD0, 0x50, 0x00, 0x00, 0x0A, 0x83, 0x00, 0x00, 0x00,
	0x3B, 0xA8, 0x12, 0x10, 0x00, 0x84, 0x02, 0x00, 0x00, 0x40, 0x50, 0x00, 0x01, 0xC8, 0x00, 0x0C,
	0x00, 0x00, 0x62, 0xEE, 0x90, 0x20, 0x10, 0x02, 0x00, 0x0B, 0x00, 0x00, 0x00, 0x40, 0x41, 0x40,
	0x00, 0xCA, 0x06, 0x00, 0x80, 0x80, 0xA0, 0x00, 0x00, 0x07, 0x34, 0x60, 0x83, 0x80, 0x00, 0x20,
	0x01, 0x8D, 0x10, 0x00, 0x80, 0x0B, 0x00, 0x73, 0x00, 0x80, 0x00, 0x00, 0x01, 0x00, 0x00, 0x00,
	0xB1, 0x8F, 0x0F, 0x03, 0x40, 0x00, 0x02, 0x00, 0x14, 0x39, 0xDC, 0x48, 0x00, 0x40, 0x08, 0x02,
	0x80, 0x00, 0x00, 0xF0, 0x00, 0x00, 0x0A, 0x40, 0x0E, 0x01, 0x5B, 0xD1, 0x00, 0x48, 0x41, 0x80,
	0x07, 0x80, 0x2A, 0x00, 0x00, 0x00, 0x0C, 0x10, 0x40, 0x2A, 0x10, 0x00, 0x10, 0x04, 0x08, 0x00,
	0x20, 0x00, 0x00, 0x2D, 0xA2, 0x10, 0x00, 0x00, 0x82, 0x08, 0x00, 0x00, 0x00, 0x00, 0x00, 0x00,
	0x38, 0x00, 0x00, 0x00, 0x00, 0x40, 0x00, 0x08, 0x9F, 0x89, 0x92, 0xC0, 0x20, 0x01, 0x40, 0x00,
	0xC3, 0x30, 0x00, 0x80, 0x20, 0x8E, 0x06, 0xCF, 0xC0, 0x22, 0x40, 0x3E, 0x68, 0x0C, 0x66, 0x00,
	0x80, 0x08, 0x01, 0x00, 0x00, 0x1C, 0x00, 0x00, 0x00, 0x05, 0x00, 0x00, 0x01, 0x60, 0x00, 0x40,
	0x41, 0x42, 0x90, 0x00, 0x04, 0x04, 0x00, 0x00, 0x00, 0x0C, 0x33, 0x40, 0x10, 0x01, 0x70, 0x10,
	0x6C, 0xFD, 0x00, 0x4A, 0x02, 0xE3, 0x96, 0x16, 0x60, 0x00, 0x00, 0x00, 0x30, 0x00, 0x00, 0x0D,
	0x00, 0x20, 0x00, 0x00, 0x80, 0x00, 0x00, 0x8D, 0x10, 0x03, 0x80, 0x0B, 0x0E, 0x30, 0x00, 0x04,
	0x00, 0x00, 0x07, 0x93, 0x00, 0x00, 0x28, 0x4D, 0x88, 0xD7, 0x00, 0x00, 0x40, 0x00, 0x36, 0x00,
	0x20, 0x04, 0x00, 0x00, 0x00, 0x01, 0x00, 0x00, 0x00, 0x00, 0x00, 0x14, 0x00, 0x00, 0x00, 0x00,
	0xEA, 0xD1, 0x00, 0x52, 0x00, 0x80, 0x08, 0x00, 0x00, 0x20, 0x04, 0x02, 0xC9, 0x0C, 0x00, 0x41,
	0x20, 0x50, 0x9D, 0x38, 0x04, 0x00, 0x00, 0x00, 0x43, 0x9C, 0x00, 0x04, 0x00, 0x00, 0x00, 0x00,
	0x10, 0x08, 0x00, 0x81, 0x68, 0x22, 0x0A, 0x03, 0xC6, 0x7D, 0xD5, 0x30, 0x08, 0x80, 0x40, 0x80,
	0x50, 0x00, 0x00, 0x61, 0x60, 0x02, 0x00, 0x40, 0x10, 0x10, 0x00, 0x80, 0x70, 0x02, 0x00, 0x00,
	0x00, 0x00, 0x40, 0x10, 0x55, 0x00, 0x00, 0x00, 0x00, 0x00, 0x05, 0x80, 0x38, 0x16, 0x80, 0x10,
	0x4C, 0x00, 0x6C, 0x1C, 0xA3, 0x40, 0x00, 0x02, 0x70, 0x80, 0x00, 0x00, 0x00, 0x3E, 0x00, 0x40,
	0x00, 0x40, 0x02, 0x80, 0x39, 0xE8, 0x00, 0x01, 0x00, 0x0A, 0x00, 0x02, 0x1F, 0x85, 0x50, 0x00,
	0x10, 0x00, 0x00, 0x00, 0x01, 0x00, 0x20, 0xF0, 0x00, 0x00, 0x08, 0x44, 0x14, 0x05, 0x00, 0x00,
	0x83, 0x00, 0x0F, 0xF0, 0x01, 0x00, 0x02, 0x40, 0x01, 0x8C, 0x50, 0x04, 0x68, 0x00, 0x00, 0x08,
	0x01, 0x00, 0x20, 0x00, 0x14, 0x00, 0x00, 0x04, 0x08, 0x83, 0x00, 0x00, 0x00, 0x00, 0x1C, 0x00,
	0x0F, 0x00, 0x00, 0x00, 0x00, 0x70, 0xFA, 0xF5, 0x00, 0x40, 0x00, 0x50, 0x09, 0x80, 0x00, 0x00,
	0x40, 0x01, 0xFA, 0xC5, 0x00, 0x01, 0x10, 0x00, 0x05, 0x00, 0x01, 0x00, 0x00, 0x00, 0x42, 0x1E,
	0x00, 0x04, 0x00, 0x24, 0x02, 0x00, 0x00, 0x00, 0x07, 0x41, 0x40, 0x00, 0x00, 0x03, 0x43, 0x85,
	0xC7, 0x22, 0x00, 0x82, 0x00, 0x00, 0xB0, 0x00, 0x00, 0x60, 0x02, 0x80, 0x80, 0x00, 0x00, 0x00,
	0x00, 0x80, 0xF0, 0x2A, 0x80, 0x00, 0x00, 0x80, 0x02, 0x60, 0x50, 0x00, 0x40, 0x40, 0x10, 0x00,
	0x00, 0x00, 0x5A, 0x3D, 0x48, 0x00, 0x00, 0x20, 0x06, 0x0B, 0xB1, 0x00, 0x01, 0x00, 0x78, 0x08,
	0x00, 0x00, 0x00, 0x00, 0x04, 0x00, 0x02, 0x40, 0x00, 0x00, 0x11, 0x88, 0x29, 0x54, 0x00, 0x00,
	0x00, 0x00, 0x15, 0xA0, 0x02, 0x00, 0x00, 0x00, 0x00, 0x00, 0x71, 0x00, 0x00, 0x00, 0x00, 0x00,
	0x00, 0x00, 0x00, 0x00, 0x00, 0x00, 0x80, 0x00, 0x0F, 0xD0, 0x00, 0x00, 0x08, 0x00, 0x00, 0x00,
	0x00, 0x00, 0x00, 0x05, 0x08, 0x03, 0xC0, 0x00, 0x00, 0x00, 0xBE, 0x20, 0xFB, 0x14, 0x00, 0x00,
	0x00, 0x30, 0x00, 0x03, 0x9C, 0x00, 0x00, 0x00, 0x00, 0x20, 0x14, 0x00, 0x00, 0x00, 0x00, 0x00,
	0x00, 0x11, 0xE8, 0x00, 0x00, 0x01, 0x80, 0x38, 0x1C, 0x10, 0x40, 0x00, 0x00, 0x80, 0x00, 0x04,
	0x09, 0x00, 0x00, 0x16, 0xE0, 0x35, 0xF2, 0x40, 0x00, 0x00, 0x01, 0xB2, 0x00, 0x08, 0xE0, 0x00,
	0x00, 0x00, 0xC0, 0x00, 0xC2, 0xA4, 0xCD, 0x80, 0x03, 0x80, 0x50, 0x10, 0xD0, 0x00, 0x00, 0x00,
	0x20, 0x24, 0x00, 0x80, 0x00, 0x00, 0x03, 0x80, 0x00, 0x00, 0x00, 0x00, 0x07, 0x6E, 0x38, 0x08,
	0x00, 0x00, 0x00, 0x07, 0x01, 0x03, 0x03, 0x9F, 0x00, 0x00, 0x00, 0x04, 0x00, 0x34, 0x20, 0x19,
	0xE4, 0x00, 0x10, 0x3A, 0x10, 0xE8, 0x00, 0x00, 0x00, 0x14, 0x02, 0x00, 0x00, 0x50, 0x02, 0x20,
	0x91, 0xA0, 0x68, 0x41, 0x00, 0x00, 0xA1, 0xE2, 0xC0, 0x00, 0x20, 0x00, 0x00, 0x00, 0x28, 0x00,
	0x00, 0xA5, 0xC3, 0xD4, 0x20, 0x80, 0x42, 0xC0, 0x00, 0xFA, 0x30, 0x12, 0x11, 0x83, 0x00, 0x3B,
	0x81, 0xA0, 0x00, 0x06, 0xC0, 0x00, 0x00, 0x00, 0x80, 0x00, 0x0F, 0xB6, 0x41, 0x04, 0x0A, 0x41,
	0x40, 0x00, 0x0A, 0x00, 0x00, 0x00, 0x00, 0x00, 0x80, 0x00, 0x00, 0x9E, 0xA8, 0x00, 0x0A, 0x00,
	0x3C, 0x00, 0xDC, 0xA3, 0x00, 0x28, 0x00, 0x80, 0x01, 0x04, 0x0A, 0x00, 0x1C, 0x28, 0x0A, 0x10,
	0x40, 0x48, 0x35, 0x00, 0x17, 0x60, 0x04, 0x00, 0x20, 0x08, 0x07, 0x80, 0x00, 0x24, 0x04, 0x00,
	0x03, 0x40, 0x00, 0x08, 0x00, 0x00, 0x00, 0x00, 0x00, 0x08, 0x23, 0xC0, 0x00, 0x02, 0x04, 0x80,
	0x20, 0x0A, 0xF3, 0x80, 0x00, 0xA3, 0x66, 0x80, 0x00, 0x40, 0x08, 0x00, 0x17, 0x10, 0x00, 0x01,
	0x00, 0x00, 0x00, 0x3C, 0x61, 0x7C, 0x11, 0x00, 0x00, 0x00, 0x00, 0x00, 0x03, 0x0E, 0x00, 0x00,
	0x00, 0x00, 0x01, 0x0E, 0x04, 0x0E, 0x10, 0x40, 0x10, 0x00, 0x00, 0x10, 0x00, 0x00, 0x00, 0x1E,
	0x29, 0xC0, 0x00, 0x40, 0x00, 0x00, 0x01, 0xC7, 0x80, 0x01, 0x00, 0x00, 0x60, 0x02, 0xAE, 0x98,
	0x80, 0x00, 0x26, 0x00, 0x30, 0x00, 0x08, 0x00, 0x82, 0x80, 0x00, 0x40, 0x00, 0x00, 0x02, 0xB8,
	0x10, 0x01, 0x00, 0x00, 0x1F, 0xB0, 0x00, 0xC0, 0xA1, 0xC0, 0x00, 0x00, 0x00, 0x00, 0x10, 0x10,
	0x1A, 0x16, 0x0B, 0x08, 0x0C, 0x0C, 0x84, 0x2F, 0x50, 0xFA, 0x48, 0x04, 0x40, 0x03, 0x00, 0x05,
	0x98, 0x5B, 0xA8, 0x10, 0x04, 0x00, 0x00, 0x01, 0x61, 0x81, 0x41, 0x70, 0x00, 0x01, 0xC0, 0x00,
	0x0C, 0x84, 0x3E, 0x00, 0x0C, 0x10, 0x40, 0x40, 0x82, 0x00, 0x80, 0x74, 0x70, 0x00, 0x40, 0x12,
	0x00, 0x41, 0xAF, 0x54, 0x00, 0x00, 0x30, 0x00, 0x00, 0x01, 0x00, 0x2F, 0x00, 0x00, 0x00, 0x00,
	0x02, 0x34, 0x05, 0x02, 0x00, 0x11, 0x20, 0x00, 0xB0, 0x00, 0x00, 0x00, 0x00, 0x01, 0x8C, 0x50,
	0x00, 0x00, 0x09, 0x8C, 0x3F, 0xD2, 0x00, 0x40, 0x0A, 0x00, 0x23, 0xD9, 0xA1, 0x40, 0x00, 0x03,
	0xC0, 0x08, 0x01, 0x08, 0x03, 0x70, 0x10, 0x00, 0x01, 0x40, 0x3E, 0x0A, 0xA0, 0x40, 0x00, 0x00,
	0x10, 0x00, 0x00, 0x00, 0x00, 0x04, 0x01, 0xE8, 0xC5, 0x00, 0x00, 0x80, 0x98, 0x17, 0xE4, 0x00,
	0x00, 0x00, 0x00, 0x02, 0x45, 0xA1, 0x06, 0x00, 0x38, 0x34, 0x00, 0x00, 0x00, 0x00, 0xA6, 0x04,
	0x00, 0x00, 0x08, 0x00, 0x03, 0x0A, 0x00, 0x00, 0x10, 0x2B, 0x00, 0x38, 0x01, 0x00, 0x09, 0x40,
	0x00, 0x00, 0x00, 0x00, 0x00, 0x00, 0x0D, 0xD0, 0x02, 0x00, 0x00, 0x00, 0x04, 0x03, 0xEC, 0xAD,
	0x40, 0x82, 0x80, 0x40, 0x00, 0x01, 0x80, 0x58, 0x20, 0x50, 0x00, 0x00, 0x40, 0x00, 0x5A, 0xA0,
	0x40, 0x02, 0x83, 0x90, 0x8F, 0x80, 0x00, 0x01, 0x00, 0x00, 0x1C, 0x10, 0x40, 0x41, 0x05, 0x18,
	0x10, 0x00, 0x01, 0x00, 0x00, 0x02, 0x60, 0x26, 0xD0, 0xC4, 0x00, 0x02, 0x02, 0x00, 0x00, 0x00,
	0x00, 0x2E, 0x04, 0x20, 0x04, 0x00, 0x00, 0x34, 0x00, 0x00, 0x00, 0x11, 0x89, 0x0A, 0x50, 0x00,
	0x00, 0x08, 0x40, 0x01, 0x00, 0x00, 0x00, 0x00, 0x05, 0x0A, 0x06, 0x0C, 0x00, 0x40, 0xA0, 0x04,
	0x26, 0x4F, 0x20, 0x40, 0x00, 0x30, 0x00, 0x00, 0x01, 0x1A, 0x38, 0x60, 0x50, 0x00, 0x2C, 0x06,
	0x02, 0xC0, 0xA5, 0x40, 0x00, 0x00, 0x81, 0xB8, 0x00, 0x00, 0x80, 0x00, 0x00, 0x0A, 0x10, 0x60,
	0x00, 0x00, 0x00, 0x10, 0x3C, 0xC0, 0x00, 0x04, 0x00, 0x06, 0x57, 0xE3, 0x44, 0x00, 0x00, 0x00,
	0x00, 0x02, 0x30, 0x00, 0xB6, 0x04, 0x00, 0x00, 0x00, 0x46, 0xD6, 0x00, 0x00, 0x00, 0x10, 0x2F,
	0x00, 0xF0, 0x00, 0x00, 0x00, 0x00, 0x00, 0x00, 0x40, 0x0C, 0x00, 0x0B, 0x00, 0x0F, 0xA5, 0x80,
	0x20, 0x00, 0x3E, 0x62, 0x6B, 0xFB, 0x40, 0x00, 0x00, 0x30, 0x00, 0x58, 0x0E, 0x58, 0x20, 0x50,
	0x00, 0x00, 0x20, 0x73, 0x60, 0xA5, 0x40, 0x02, 0x85, 0x10, 0x08, 0x00, 0x00, 0x05, 0x40, 0x01,
	0x40, 0x00, 0x60, 0x00, 0x20, 0x80, 0xE1, 0x6A, 0x58, 0x00, 0x00, 0x01, 0xC7, 0x54, 0xCE, 0x74,
	0x00, 0x08, 0x00, 0x30, 0x02, 0x00, 0x09, 0x2D, 0x08, 0x00, 0xC0, 0x00, 0x40, 0x14, 0xB4, 0x20,
	0x03, 0x02, 0xA0, 0x00, 0x70, 0x00, 0x44, 0x01, 0x52, 0x00, 0x00, 0x00, 0x18, 0x10, 0x07, 0x8F,
	0x53, 0x6F, 0x40, 0x04, 0xA0, 0x00, 0x33, 0xF9, 0xA1, 0x40, 0x04, 0xC6, 0x03, 0x00, 0x40, 0x00,
	0x80, 0x60, 0x50, 0x0C, 0x0E, 0x36, 0x00, 0x01, 0x81, 0x40, 0x10, 0x00, 0x01, 0xC0, 0x00, 0x04,
	0x20, 0x14, 0x00, 0x0A, 0x10, 0x60, 0x00, 0x80, 0x78, 0x15, 0x00, 0x60, 0x20, 0xC0, 0x00, 0xE2,
	0x46, 0xE1, 0x04, 0x00, 0x00, 0x00, 0x20, 0x00, 0x00, 0xC0, 0xC2, 0x80, 0x20, 0x84, 0xC3, 0xC0,
	0x02, 0xF8, 0x10, 0x00, 0x80, 0x0B, 0x00, 0xB2, 0x80, 0xA0, 0x40, 0x00, 0x00, 0x00, 0x00, 0x02,
	0x28, 0x07, 0x10, 0x72, 0x8F, 0x08, 0x08, 0x00, 0x00, 0x7C, 0x00, 0x00, 0x00, 0x00, 0x20, 0x02,
	0x80, 0x00, 0x01, 0x5F, 0xA8, 0x10, 0x0A, 0x80, 0x06, 0x01, 0x60, 0x81, 0x40, 0x0A, 0x40, 0x80,
	0x0B, 0x04, 0x4A, 0x00, 0x00, 0x00, 0x00, 0x00, 0x00, 0x28, 0x00, 0x78, 0x87, 0x07, 0x0C, 0x00,
	0xA0, 0x20, 0x07, 0xC0, 0x00, 0x00, 0x00, 0x00, 0x2E, 0x00, 0x00, 0x00, 0x0D, 0x01, 0x40, 0x00,
	0x00, 0x00, 0x02, 0x80, 0xBC, 0x00, 0x00, 0x01, 0x09, 0x0E, 0x12, 0x40, 0x00, 0x00, 0xC6, 0x40,
	0xA3, 0x31, 0x00, 0x2B, 0x00, 0x0B, 0x00, 0x01, 0x00, 0x01, 0xA0, 0x02, 0x79, 0x5C, 0xD1, 0x01,
	0x00, 0x00, 0x00, 0x00, 0x00, 0x18, 0x86, 0xA8, 0x12, 0x00, 0x00, 0x00, 0x04, 0x19, 0xC0, 0x40,
	0x00, 0x41, 0x00, 0x08, 0x00, 0x00, 0x00, 0x60, 0x78, 0x0A, 0x33, 0x40, 0x01, 0x00, 0x10, 0x03,
	0x80, 0x01, 0x22, 0x14, 0x01, 0xC2, 0xC0, 0xDE, 0x20, 0x00, 0x00, 0x00, 0x10, 0x00, 0x00, 0x05,
	0x2F, 0x6C, 0x00, 0xC0, 0x01, 0xC7, 0x75, 0xED, 0x02, 0x97, 0x00, 0x00, 0x00, 0xB0, 0x00, 0xC0,
	0x0B, 0xC2, 0x2C, 0x05, 0x00, 0x00, 0x40, 0x40, 0x00, 0x03, 0x40, 0x00, 0x04, 0x20, 0x00, 0x60,
	0x4B, 0xE6, 0x08, 0x00, 0x00, 0x01, 0x00, 0x00, 0x00, 0x38, 0x20, 0x44, 0x04, 0x00, 0x00, 0x66,
	0x1B, 0xE0, 0x01, 0x10, 0x00, 0x00, 0x08, 0x00, 0x04, 0x01, 0x06, 0x04, 0x0C, 0xA0, 0x60, 0x46,
	0x80, 0x01, 0x80, 0x00, 0x09, 0x00, 0xC0, 0x00, 0xC6, 0x75, 0xEE, 0x50, 0x00, 0x00, 0x28, 0x00,
	0x08, 0x00, 0xD0, 0x33, 0x90, 0x00, 0x00, 0x00, 0x43, 0x04, 0xC9, 0x90, 0x00, 0x00, 0x00, 0x10,
	0x50, 0x00, 0x04, 0x00, 0x00, 0x0C, 0x84, 0x20, 0x04, 0x08, 0x0F, 0x19, 0x02, 0xB6, 0xC0, 0x20,
	0x80, 0x1C, 0x67, 0xD0, 0xAA, 0x00, 0x00, 0x00, 0x40, 0x00, 0x50, 0x01, 0x13, 0x79, 0x00, 0x10,
	0x01, 0x00, 0x06, 0x41, 0xA5, 0x00, 0x41, 0x00, 0x00, 0x80, 0x00, 0x00, 0x20, 0x00, 0x00, 0x01,
	0x81, 0x40, 0x01, 0x30, 0x19, 0x97, 0x03, 0x6C, 0x05, 0x00, 0xC0, 0x62, 0x41, 0xA5, 0x50, 0x00,
	0x00, 0x00, 0x00, 0x00, 0x70, 0x0D, 0x01, 0x40, 0x00, 0x00, 0xA2, 0x40, 0x3E, 0xF8, 0x12, 0x80,
	0x00, 0x00, 0x0A, 0xD8, 0x01, 0x08, 0x00, 0x40, 0x00, 0x0A, 0x00, 0x80, 0x00, 0x10, 0x00, 0x94,
	0x2A, 0x80, 0x00, 0x02, 0x04, 0x3C, 0x6F, 0x20, 0x00, 0x00, 0x00, 0x00, 0x00, 0x00, 0x00, 0xBE,
	0xBD, 0x48, 0x00, 0xA0, 0x00, 0x03, 0x60, 0xA5, 0x01, 0x40, 0x00, 0x00, 0x83, 0x80, 0x00, 0x41,
	0x40, 0x00, 0xDC, 0xA0, 0x40, 0x00, 0x02, 0x00, 0x00, 0x79, 0x54, 0x00, 0x00, 0x00, 0x00, 0x06,
	0xE0, 0x00, 0x00, 0x00, 0x02, 0x00, 0x00, 0x00, 0x09, 0xB2, 0x64, 0x00, 0x00, 0x06, 0xC6, 0x3E,
	0xC9, 0x90, 0x04, 0x00, 0x00, 0x0F, 0xB0, 0x00, 0x0E, 0x01, 0xC3, 0x81, 0xCC, 0x01, 0x00, 0x02,
	0xC7, 0x00, 0x00, 0x00, 0x00, 0x00, 0x4E, 0x1E, 0x65, 0x5D, 0x00, 0x00, 0x00, 0x00, 0x00, 0x08,
	0x07, 0x00, 0x98, 0x69, 0x40, 0x10, 0x00, 0x60, 0x2A, 0x61, 0xA5, 0x00, 0x02, 0x80, 0x00, 0x00,
	0x00, 0x00, 0x60, 0x20, 0x64, 0x1E, 0xC0, 0x40, 0x00, 0x02, 0x00, 0xE0, 0x00, 0x00, 0x00, 0x02,
	0x02, 0x62, 0x2D, 0xE8, 0x20, 0x00, 0x00, 0x00, 0x00, 0x00, 0xB9, 0xDF, 0x02, 0x94, 0x01, 0x00,
	0x01, 0x63, 0xA4, 0xAD, 0xB0, 0x04, 0x00, 0x0B, 0x00, 0x90, 0x00, 0x00, 0x00, 0x20, 0x00, 0x0A,
	0x00, 0x00, 0x00, 0x01, 0x00, 0x08, 0x2A, 0x80, 0x00, 0x20, 0x14, 0x39, 0x4A, 0x35, 0x00, 0x80,
	0x00, 0x20, 0x00, 0x0D, 0x0B, 0x00, 0x16, 0x84, 0x50, 0x00, 0x1E, 0x30, 0xE1, 0x81, 0x00, 0x00,
	0x00, 0x90, 0x08, 0x00, 0x00, 0x00, 0x4C, 0x01, 0xEC, 0xA0, 0x60, 0x00, 0x00, 0x38, 0xE5, 0x3A,
	0xA8, 0x00, 0x04, 0x01, 0x66, 0xC1, 0x93, 0xA0, 0x00, 0x30, 0x00, 0x31, 0x02, 0xD1, 0xC0, 0x40,
	0x01, 0x02, 0x40, 0x03, 0x40, 0x2C, 0xC7, 0x20, 0x03, 0x00, 0x80, 0x8E, 0x90, 0x00, 0x40, 0x00,
	0x00, 0x0C, 0x00, 0x01, 0x00, 0x08, 0x01, 0x00, 0x52, 0xC0, 0x0C, 0x24, 0x00, 0x1C, 0x23, 0x40,
	0x08, 0x20, 0x02, 0x00, 0x01, 0x00, 0x00, 0x1F, 0x02, 0x04, 0x1A, 0x04, 0x02, 0x00, 0x00, 0x0B,
	0xB1, 0x00, 0x10, 0x80, 0x11, 0xC8, 0x00, 0x0C, 0x04, 0x00, 0x01, 0xE0, 0xA5, 0x40, 0x01, 0x00,
	0x38, 0xED, 0x6C, 0x20, 0xA0, 0x40, 0x00, 0x43, 0x00, 0x00, 0x04, 0x00, 0x00, 0x00, 0x08, 0x00,
	0x71, 0xA5, 0x41, 0x40, 0x00, 0x24, 0x03, 0x40, 0x1C, 0x00, 0x83, 0x96, 0x01, 0x2F, 0x1E, 0x1A,
	0x81, 0x80, 0x03, 0xC0, 0x24, 0x0C, 0xC0, 0x04, 0x80, 0x50, 0x00, 0x10, 0x02, 0x00, 0x02, 0x40,
	0x0E, 0x6A, 0xF9, 0x65, 0x00, 0x00, 0x20, 0x00, 0xA0, 0x00, 0x1C, 0xBE, 0xBD, 0x48, 0x0A, 0x20,
	0x14, 0x70, 0x00, 0x00, 0x50, 0x28, 0x00, 0x80, 0xD1, 0x04, 0x0B, 0x20, 0x20, 0x00, 0x08, 0x33,
	0x00, 0x28, 0x02, 0x00, 0x00, 0x00, 0x01, 0x00, 0xA8, 0x03, 0xE7, 0x8F, 0xEA, 0x60, 0x00, 0x00,
	0x00, 0x00, 0x00, 0x38, 0x00, 0x00, 0x00, 0x00, 0x00, 0x60, 0x06, 0x0E, 0x0F, 0x50, 0x00, 0x00,
	0x00, 0x8A, 0xF2, 0x00, 0x08, 0x00, 0x06, 0xC0, 0x9C, 0xC0, 0x40, 0x20, 0x09, 0x90, 0x17, 0xDA,
	0x40, 0x00, 0x00, 0x16, 0x3F, 0x68, 0x30, 0x00, 0x00, 0x00, 0x00, 0x00, 0x0F, 0x1E, 0x00, 0x00,
	0x00, 0x00, 0x00, 0x14, 0x2A, 0xD8, 0xA0, 0x00, 0x00, 0x80, 0x10, 0x10, 0x04, 0x00, 0x46, 0x40,
	0x28, 0x08, 0x33, 0xA0, 0x02, 0x00, 0x79, 0xC0, 0x3A, 0x58, 0x00, 0x00, 0x02, 0xE6, 0xA6, 0xE0,
	0xC0, 0x00, 0x00, 0x00, 0x11, 0x02, 0x01, 0x01, 0x00, 0x00, 0x00, 0x00, 0x00, 0x00, 0x00, 0x00,
	0x00, 0x00, 0x00, 0x00, 0x00, 0x00, 0x00, 0x00, 0x00, 0x00, 0x00, 0x00, 0x20, 0x00, 0x00, 0x00,
	0x00, 0x00, 0x00, 0x00, 0x00, 0x00, 0x00, 0x00, 0x00, 0x00, 0x00, 0x00, 0x00, 0x00, 0x00, 0x00,
	0x00, 0x00, 0x00, 0x00, 0x00, 0x00, 0x00, 0x00, 0x00, 0x00, 0x00, 0x00, 0x00, 0x00, 0x00, 0x00,
	0x00, 0x00, 0x00, 0x00, 0x00, 0x00, 0x00, 0x00, 0x00, 0x00, 0x00, 0x00, 0x00, 0x00, 0x00, 0x00,
	0x00, 0x00, 0x00, 0x00, 0x00, 0x00, 0x00, 0x00, 0x00, 0x00, 0x00, 0x00, 0x00, 0x00, 0x00, 0x00,
	0x00, 0x00, 0x00, 0x20, 0x00, 0x00, 0x00, 0x00, 0x00, 0x00, 0x80, 0x00, 0x00, 0x00, 0x00, 0x20,
	0x00, 0x00, 0x00, 0x00, 0x00, 0x00, 0x80, 0x00, 0x00, 0x00, 0x00, 0x00, 0x00, 0x00, 0x00, 0x00,
	0x00, 0x00, 0x00, 0x00, 0x00, 0x00, 0x00, 0x00, 0x00, 0x60, 0x00, 0x00, 0x00, 0x00, 0x00, 0x00,
	0x00, 0x00, 0x00, 0x00, 0x00, 0x00, 0x00, 0x00, 0x00, 0x00, 0x00, 0x00, 0x00, 0x00, 0x00, 0x00,
	0x00, 0x00, 0x02, 0x00, 0x00, 0x00, 0x00, 0x00, 0x00, 0x00, 0x00, 0x00, 0x00, 0x00, 0x00, 0x00,
	0x00, 0x00, 0x00, 0x00, 0x80, 0x00, 0x00, 0x00, 0x00, 0x00, 0x00, 0x00, 0x00, 0x00, 0x29, 0x00,
	0x00, 0x00, 0x10, 0x00, 0x00, 0x80, 0x00, 0x00, 0x00, 0x00, 0x00, 0x00, 0x00, 0x00, 0x00, 0x00,
	0x00, 0x00, 0x08, 0x00, 0x00, 0x00, 0x00, 0x00, 0x00, 0x00, 0x00, 0x00, 0x00, 0x08, 0x00, 0x00,
	0x00, 0x00, 0x00, 0x00, 0x20, 0x00, 0x00, 0x01, 0xE0, 0x00, 0x00, 0x00, 0x00, 0x00, 0x04, 0x00,
	0x00, 0x00, 0x00, 0x00, 0x00, 0x00, 0x00, 0x00, 0x00, 0x00, 0x00, 0x00, 0x40, 0x00, 0x00, 0x00,
	0x00, 0x00, 0x00, 0x00, 0x00, 0x00, 0x00, 0x00, 0x00, 0x00, 0x00, 0x00, 0x00, 0x20, 0x6C, 0x00,
	0x00, 0x00, 0x00, 0x00, 0x00, 0x00, 0x00, 0x00, 0x00, 0x00, 0x40, 0x00, 0x00, 0x00, 0x00, 0x00,
	0x00, 0x00, 0x00, 0x00, 0x00, 0x00, 0x00, 0x02, 0x80, 0x00, 0x00, 0x00, 0x00, 0x00, 0x00, 0x00,
	0x08, 0x00, 0x01, 0x00, 0x00, 0x00, 0x00, 0x07, 0x00, 0x04, 0x00, 0x00, 0x00, 0x00, 0x00, 0x00,
	0x00, 0x00, 0x00, 0x02, 0x80, 0x00, 0x00, 0x00, 0x00, 0x00, 0x00, 0x00, 0x00, 0x00, 0x00, 0x00,
	0x00, 0x04, 0x00, 0x00, 0x00, 0x00, 0x00, 0x00, 0x00, 0x04, 0x00, 0x00, 0x00, 0x00, 0x00, 0x60,
	0x10, 0x00, 0x00, 0x00, 0x00, 0x04, 0x0A, 0x00, 0x00, 0x00, 0x00, 0x00, 0x30, 0x00, 0x00, 0x00,
	0x00, 0x00, 0x00, 0xC0, 0x00, 0x00, 0x00, 0x00, 0x01, 0x03, 0x00, 0x00, 0x00, 0x00, 0x00, 0x00,
	0x00, 0x00, 0x00, 0x00, 0x00, 0x00, 0x00, 0x00, 0x00, 0x00, 0x00, 0x00, 0x00, 0x00, 0x00, 0x01,
	0x00, 0x00, 0x00, 0x00, 0x00, 0x00, 0x00, 0x00, 0x00, 0x00, 0x00, 0x18, 0x00, 0x00, 0x00, 0x00,
	0x00, 0x00, 0x00, 0x00, 0x00, 0x00, 0x00, 0x00, 0x00, 0x00, 0x00, 0x00, 0x00, 0x00, 0x00, 0x20,
	0x00, 0x00, 0x28, 0x00, 0x00, 0x00, 0x00, 0x00, 0x00, 0x0C, 0x00, 0x00, 0x00, 0x00, 0x28, 0x00,
	0x00, 0x00, 0x00, 0x00, 0x00, 0x00, 0x00, 0x00, 0x00, 0x00, 0x00, 0x02, 0x80, 0x03, 0xC0, 0x00,
	0x00, 0x00, 0x00, 0x00, 0x00, 0x00, 0x00, 0x00, 0x00, 0x00, 0x00, 0x01, 0x80, 0x00, 0x00, 0x08,
	0x00, 0x00, 0x00, 0x10, 0x00, 0x00, 0x00, 0x01, 0x00, 0x00, 0x00, 0x08, 0x00, 0x00, 0x00, 0x00,
	0x00, 0x00, 0x00, 0x00, 0x00, 0x28, 0x00, 0x04, 0x00, 0x80, 0x00, 0x00, 0x00, 0x00, 0x00, 0x02,
	0x00, 0x00, 0x00, 0x00, 0x00, 0x00, 0x00, 0x00, 0x00, 0x00, 0x00, 0x00, 0x01, 0x00, 0x00, 0x00,
	0x00, 0x00, 0x00, 0x04, 0x00, 0x00, 0x00, 0x00, 0x00, 0x00, 0x00, 0x00, 0x00, 0x00, 0x00, 0x00,
	0x00, 0x40, 0x00, 0x00, 0x00, 0x00, 0x00, 0x00, 0x00, 0x08, 0x00, 0x02, 0x00, 0x00, 0x00, 0x00,
	0x00, 0x00, 0x08, 0x00, 0x00, 0x00, 0xA0, 0x02, 0x00, 0x00, 0x00, 0x00, 0x03, 0x00, 0x08, 0x00,
	0x00, 0x00, 0x00, 0x00, 0x00, 0x20, 0x00, 0x00, 0x00, 0x00, 0x34, 0x00, 0x80, 0x00, 0x00, 0x00,
	0x00, 0x00, 0x08, 0x00, 0x00, 0x00, 0x00, 0x00, 0x00, 0x20, 0x00, 0x00, 0x00, 0x00, 0x08, 0x00,
	0x00, 0x00, 0x00, 0x00, 0x00, 0x20, 0x40, 0x00, 0x00, 0x00, 0x00, 0x00, 0x00, 0x00, 0x00, 0x00,
	0x00, 0x00, 0x00, 0x00, 0x00, 0x00, 0x00, 0x00, 0x00, 0x00, 0x00, 0x00, 0x00, 0x00, 0x00, 0x00,
	0x00, 0x00, 0x00, 0x00, 0x00, 0x04, 0x00, 0x00, 0x08, 0x00, 0x00, 0x00, 0x00, 0x00, 0x00, 0x07,
	0x00, 0x04, 0x00, 0x00, 0x00, 0x00, 0x00, 0x00, 0x00, 0x00, 0x00, 0x00, 0x08, 0x00, 0x00, 0x40,
	0x00, 0x00, 0x00, 0x10, 0x08, 0x01, 0x40, 0x00, 0x00, 0x00, 0x82, 0x1C, 0x00, 0x01, 0x00, 0x00,
	0x00, 0x00, 0x00, 0x40, 0x00, 0x00, 0x80, 0x00, 0x15, 0x0A, 0xB4, 0x02, 0x06, 0x00, 0x00, 0x1E,
	0x00, 0x00, 0x00, 0x00, 0x00, 0x00, 0x18, 0x00, 0x00, 0x00, 0x00, 0x00, 0x40, 0x00, 0x70, 0x36,
	0x00, 0x00, 0x00, 0x00, 0x00, 0x20, 0x00, 0x80, 0x00, 0x00, 0x72, 0xDC, 0x3C, 0x00, 0x00, 0x00,
	0x40, 0x09, 0x09, 0x04, 0x00, 0x10, 0x81, 0x00, 0x27, 0x60, 0x00, 0x00, 0x00, 0x00, 0x00, 0x00,
	0x00, 0x00, 0x00, 0x00, 0x00, 0x00, 0x1C, 0xC7, 0x80, 0x00, 0x00, 0x00, 0x00, 0x19, 0x80, 0x00,
	0x00, 0x00, 0x15, 0x08, 0x64, 0x00, 0x08, 0x04, 0x01, 0x90, 0x00, 0x00, 0x00, 0x00, 0x14, 0x00,
	0x00, 0x00, 0x14, 0x2C, 0x00, 0x50, 0x08, 0x00, 0x01, 0x00, 0x01, 0x41, 0x40, 0x00, 0x00, 0x80,
	0x33, 0x90, 0x34, 0x00, 0x00, 0x02, 0x02, 0x64, 0xCE, 0x00, 0x00, 0x01, 0x40, 0x37, 0x4C, 0x00,
	0x00, 0x40, 0x00, 0x00, 0x40, 0xD0, 0x00, 0x81, 0x40, 0x00, 0x00, 0x03, 0x66, 0x00, 0x01, 0x00,
	0x84, 0x00, 0xF0, 0x00, 0x1C, 0x14, 0x00, 0x00, 0x00, 0x1C, 0xC1, 0x30, 0x00, 0x00, 0x40, 0x00,
	0x00, 0x00, 0xB1, 0x01, 0x00, 0x00, 0x00, 0x00, 0x40, 0x00, 0x03, 0x01, 0x80, 0x00, 0x87, 0x9E,
	0x20, 0x00, 0x00, 0x00, 0x00, 0x1C, 0x00, 0x00, 0x30, 0x18, 0x28, 0xE8, 0x00, 0x00, 0x00, 0x00,
	0x00, 0x00, 0x80, 0x33, 0x04, 0x00, 0x00, 0x02, 0x00, 0x22, 0x94, 0x0F, 0x00, 0xE0, 0x00, 0x00,
	0x02, 0x42, 0x00, 0x70, 0x20, 0x00, 0x80, 0x10, 0x00, 0xA6, 0x00, 0x00, 0x00, 0x00, 0x00, 0x23,
	0x80, 0x03, 0x23, 0x82, 0x83, 0x00, 0x00, 0x01, 0x00, 0x00, 0x02, 0x00, 0x1C, 0xC1, 0x20, 0x02,
	0x83, 0x00, 0x00, 0x01, 0x4E, 0xB0, 0x00, 0x00, 0x00, 0x00, 0x00, 0x07, 0x80, 0x00, 0x00, 0x90,
	0x00, 0x00, 0x00, 0x00, 0x03, 0x06, 0x40, 0x80, 0x1E, 0x20, 0x10, 0x00, 0x0A, 0x96, 0xDB, 0x00,
	0xB0, 0x00, 0x00, 0x00, 0x00, 0x80, 0x33, 0x04, 0x00, 0x40, 0x00, 0x00, 0x22, 0x80, 0x3C, 0x00,
	0x00, 0x00, 0x00, 0x03, 0x00, 0x40, 0x00, 0x00, 0x00, 0x01, 0x40, 0x00, 0xF0, 0x00, 0x19, 0x00,
	0x01, 0x00, 0x20, 0x00, 0x00, 0x84, 0x29, 0xCE, 0xE0, 0x19, 0x00, 0x00, 0x00, 0x00, 0x00, 0x1C,
	0xC9, 0x00, 0xE0, 0x00, 0x00, 0x01, 0x90, 0x20, 0x08, 0x0A, 0x00, 0x00, 0x00, 0x04, 0x02, 0x80,
	0x00, 0x20, 0x82, 0x1E, 0x00, 0x00, 0x00, 0x00, 0x00, 0x34, 0x32, 0xC4, 0x70, 0x00, 0x02, 0x13,
	0x02, 0xC0, 0x81, 0x80, 0x00, 0x00, 0x00, 0x20, 0x00, 0x33, 0x50, 0x02, 0x00, 0x00, 0x00, 0x00,
	0x01, 0xC0, 0xF0, 0x08, 0x00, 0x00, 0x03, 0x04, 0x30, 0x00, 0x00, 0x00, 0x00, 0x20, 0x00, 0x02,
	0x00, 0x00, 0x01, 0xCD, 0xA8, 0x00, 0x00, 0x40, 0x00, 0x30, 0x3C, 0x03, 0x0B, 0x00, 0x00, 0x00,
	0x00, 0x00, 0x1C, 0xC1, 0x38, 0xE0, 0x00, 0x00, 0x00, 0x80, 0x00, 0x88, 0x1B, 0x00, 0x80, 0x10,
	0x74, 0x42, 0x80, 0x20, 0x00, 0x1A, 0x74, 0xA0, 0x00, 0x01, 0xC0, 0x00, 0x00, 0x1F, 0x60, 0x68,
	0x00, 0x00, 0x0A, 0x94, 0xEC, 0x51, 0xB0, 0x00, 0x00, 0x00, 0x00, 0x00, 0x33, 0x00, 0x00, 0x00,
	0x00, 0x00, 0x00, 0x80, 0x00, 0x50, 0xF0, 0x04, 0x00, 0x07, 0xFC, 0x21, 0x05, 0x00, 0x01, 0xA5,
	0x50, 0x00, 0x00, 0x9C, 0x00, 0x00, 0x13, 0x70, 0x40, 0x07, 0x00, 0x00, 0xEB, 0xC0, 0xF0, 0x88,
	0x00, 0x00, 0x00, 0x00, 0x10, 0x1C, 0xC9, 0x00, 0x02, 0x80, 0x00, 0x01, 0x90, 0x00, 0x08, 0x0E,
	0x01, 0x40, 0x00, 0x00, 0x02, 0x00, 0x00, 0x00, 0x90, 0x00, 0x01, 0x8F, 0x01, 0x40, 0x00, 0x38,
	0xD2, 0x5C, 0x00, 0x00, 0x00, 0x09, 0x68, 0x1A, 0x01, 0xE0, 0x00, 0x00, 0x00, 0x00, 0x08, 0x33,
	0x90, 0x00, 0x40, 0x00, 0x08, 0x00, 0x02, 0xC0, 0x91, 0xA1, 0xC8, 0x00, 0x03, 0x00, 0x00, 0x00,
	0x00, 0x00, 0x03, 0xC0, 0x00, 0x84, 0x08, 0x00, 0x02, 0xCD, 0x68, 0x00, 0x00, 0x00, 0x00, 0x96,
	0x80, 0x0D, 0x00, 0x14, 0x00, 0x00, 0x00, 0x18, 0x1C, 0xC9, 0x00, 0x02, 0x80, 0x00, 0x40, 0x80,
	0x01, 0xC5, 0x18, 0x0D, 0x00, 0x00, 0x04, 0x00, 0x00, 0x02, 0x00, 0x90, 0x00, 0x08, 0x00, 0x40,
	0x01, 0x00, 0x00, 0x06, 0x40, 0x20, 0x00, 0x30, 0x08, 0x00, 0x00, 0x98, 0x80, 0x00, 0xC0, 0x00,
	0x00, 0x0C, 0x33, 0xB0, 0x00, 0x40, 0x00, 0x0C, 0x00, 0x80, 0x00, 0x00, 0x00, 0x00, 0x00, 0x03,
	0xA4, 0x3C, 0x00, 0x38, 0x00, 0x01, 0xC0, 0x10, 0x0A, 0x00, 0x00, 0x0F, 0xF0, 0x64, 0x00, 0x00,
	0x03, 0x00, 0x84, 0x00, 0xC1, 0x08, 0x20, 0x0C, 0x00, 0x00, 0x00, 0x1C, 0xC1, 0x20, 0x03, 0x80,
	0x00, 0x00, 0x00, 0x01, 0xA1, 0x80, 0x20, 0x00, 0x08, 0x01, 0xC0, 0x40, 0x80, 0x00, 0x34, 0x47,
	0xA5, 0x9A, 0x00, 0x00, 0x01, 0x00, 0x80, 0x14, 0x00, 0x21, 0x00, 0x00, 0x00, 0x00, 0xD0, 0x00,
	0x00, 0x01, 0x00, 0x00, 0x24, 0x33, 0x00, 0x00, 0x00, 0x00, 0x00, 0x03, 0xFC, 0x1A, 0x08, 0x80,
	0x40, 0x00, 0xD2, 0x80, 0x3C, 0x00, 0x00, 0x03, 0x94, 0xFB, 0x10, 0x00, 0x00, 0x04, 0x00, 0x0D,
	0x00, 0x00, 0x00, 0x20, 0x00, 0x00, 0x00, 0x05, 0x00, 0x00, 0x00, 0x00, 0x00, 0x00, 0x0C, 0xC1,
	0x00, 0x02, 0x90, 0x15, 0x41, 0x82, 0x16, 0x07, 0x0B, 0x1C, 0x90, 0x10, 0x62, 0x03, 0xE0, 0xC5,
	0x00, 0x80, 0x01, 0xEF, 0x80, 0x00, 0x16, 0x01, 0xCC, 0xD8, 0x00, 0x00, 0x70, 0x00, 0x10, 0x92,
	0xDB, 0xD8, 0x00, 0x41, 0x40, 0x00, 0x00, 0x04, 0x33, 0x03, 0x00, 0x28, 0x06, 0x42, 0x50, 0x00,
	0x00, 0xD9, 0xF0, 0xC5, 0x00, 0x97, 0x1C, 0x29, 0x72, 0x10, 0x00, 0x80, 0x10, 0x50, 0x00, 0x00,
	0x40, 0x03, 0x3B, 0x80, 0x00, 0x00, 0x00, 0x00, 0x0A, 0x2E, 0xB5, 0x0A, 0x01, 0x44, 0x00, 0x00,
	0x00, 0x64, 0x00, 0x01, 0x42, 0x80, 0x53, 0x02, 0x20, 0xAF, 0x89, 0x18, 0x00, 0x0C, 0x00, 0x05,
	0xE7, 0x82, 0x02, 0x01, 0x00, 0x7C, 0xBF, 0x81, 0x0C, 0x88, 0x01, 0xCC, 0x12, 0x80, 0x00, 0x80,
	0x00, 0x00, 0x00, 0x00, 0x78, 0x04, 0x00, 0xC0, 0x00, 0x00, 0x10, 0x00, 0xD0, 0x00, 0x00, 0x00,
	0x30, 0x02, 0x0A, 0x40, 0x91, 0x01, 0x00, 0x80, 0x02, 0x00, 0x40, 0x00, 0x30, 0x00, 0x12, 0xCB,
	0x50, 0xF8, 0x04, 0x80, 0x03, 0x30, 0x03, 0x42, 0x80, 0x00, 0x00, 0x00, 0x00, 0x07, 0x09, 0xA0,
	0x0C, 0x00, 0x02, 0x01, 0x60, 0x00, 0x28, 0x00, 0x2F, 0x00, 0x00, 0x19, 0xA0, 0x00, 0x19, 0x18,
	0x00, 0x00, 0x01, 0x66, 0x80, 0x08, 0x00, 0x80, 0x01, 0xAD, 0x0B, 0x00, 0x00, 0x01, 0xCC, 0x10,
	0x14, 0x28, 0x40, 0x00, 0x00, 0x00, 0x18, 0x79, 0xF4, 0x0B, 0x00, 0x00, 0x00, 0x80, 0x20, 0x00,
	0x14, 0x00, 0x00, 0x08, 0x22, 0x65, 0x49, 0x71, 0x90, 0x80, 0x00, 0x03, 0x40, 0x01, 0x00, 0x80,
	0x00, 0x80, 0x00, 0x71, 0xA0, 0x80, 0x00, 0x03, 0x3D, 0x00, 0x24, 0x07, 0x00, 0x00, 0x08, 0x01,
	0x0F, 0x9B, 0x80, 0x60, 0x00, 0x00, 0x00, 0x0A, 0xA1, 0xE8, 0x03, 0xC0, 0x00, 0x00, 0x01, 0x1D,
	0x88, 0x00, 0x10, 0x00, 0x00, 0x05, 0xE3, 0x80, 0x00, 0xC0, 0x80, 0x01, 0xA0, 0x00, 0x80, 0x02,
	0x01, 0xCC, 0x90, 0x00, 0x00, 0x80, 0x00, 0x28, 0x21, 0x40, 0x00, 0x00, 0x00, 0x00, 0x00, 0x20,
	0x00, 0xAA, 0x04, 0x00, 0x30, 0x00, 0x00, 0x20, 0x83, 0x5E, 0x70, 0x00, 0x00, 0x00, 0x02, 0x80,
	0x40, 0x40, 0x0E, 0x20, 0x80, 0x00, 0x00, 0x90, 0x04, 0x00, 0x03, 0x33, 0x00, 0x00, 0x10, 0x00,
	0x00, 0x80, 0x02, 0x01, 0x20, 0x00, 0x00, 0x00, 0x00, 0x01, 0xE0, 0x00, 0x60, 0x00, 0x28, 0x08,
	0x04, 0xBC, 0x1E, 0x00, 0x08, 0xB4, 0x82, 0x00, 0x3C, 0x00, 0x68, 0x00, 0x81, 0x80, 0x01, 0x80,
	0x01, 0x1C, 0x02, 0x01, 0xCC, 0x10, 0x16, 0x6C, 0x10, 0x00, 0x00, 0x02, 0xEA, 0x10, 0x00, 0x00,
	0x00, 0x00, 0x00, 0x00, 0x20, 0x00, 0x00, 0x3D, 0x00, 0x02, 0x23, 0xC0, 0x00, 0x00, 0x00, 0x00,
	0x00, 0x06, 0x00, 0x35, 0x00, 0x08, 0x00, 0x80, 0x10, 0x10, 0xB1, 0x40, 0x00, 0x03, 0x39, 0x00,
	0x02, 0x80, 0x00, 0x00, 0x00, 0x97, 0xA1, 0x00, 0x01, 0x40, 0x00, 0x00, 0x01, 0xA0, 0x00, 0x69,
	0xE0, 0x00, 0x00, 0x40, 0x00, 0x00, 0xA0, 0x1B, 0x00, 0x00, 0x00, 0x00, 0x40, 0x00, 0x00, 0x00,
	0xAA, 0x94, 0x80, 0x01, 0x18, 0x00, 0x01, 0xCC, 0x17, 0x00, 0x01, 0x00, 0x04, 0x12, 0x06, 0x01,
	0x38, 0x00, 0x00, 0x00, 0x00, 0x00, 0x14, 0x20, 0x04, 0x02, 0x00, 0x00, 0x00, 0x03, 0xFC, 0x1A,
	0x00, 0xD0, 0x00, 0x00, 0x02, 0x00, 0x02, 0x01, 0x00, 0x02, 0xA8, 0x30, 0x00, 0x80, 0x00, 0x00,
	0x03, 0x30, 0x00, 0x00, 0x0E, 0x20, 0x07, 0x10, 0xBC, 0xB0, 0x80, 0x00, 0x00, 0x00, 0x00, 0x08,
	0x00, 0x00, 0x64, 0x00, 0x00, 0x03, 0x80, 0x80, 0x00, 0x10, 0x19, 0xD4, 0xE8, 0x00, 0x04, 0x00,
	0x04, 0x03, 0xA0, 0x80, 0x00, 0x01, 0x80, 0x00, 0x8C, 0x81, 0xCC, 0x16, 0x80, 0x01, 0x00, 0x00,
	0x01, 0xEA, 0x68, 0x58, 0xE1, 0x80, 0xC0, 0x00, 0x00, 0x08, 0xFF, 0x02, 0x00, 0x00, 0x00, 0x20,
	0x00, 0x40, 0x0E, 0x00, 0xAF, 0x1E, 0x80, 0x03, 0x80, 0x3C, 0x00, 0x2E, 0x60, 0x40, 0x08, 0x08,
	0x00, 0x94, 0x80, 0x03, 0x30, 0x00, 0x00, 0x08, 0x00, 0x00, 0x2E, 0x25, 0x90, 0x90, 0x01, 0x0C,
	0x02, 0x00, 0x00, 0x10, 0x00, 0x01, 0x67, 0x80, 0x10, 0x00, 0x30, 0x0D, 0xF5, 0x0F, 0x08, 0x00,
	0x00, 0x04, 0x06, 0x40, 0x22, 0x00, 0x2A, 0x8F, 0xE0, 0x00, 0x00, 0x00, 0x01, 0xCC, 0x17, 0x14,
	0x02, 0x00, 0x00, 0x01, 0xA5, 0xEC, 0x80, 0x10, 0x00, 0x00, 0x00, 0x20, 0x40, 0x00, 0xD0, 0x00,
	0x00, 0x00, 0x00, 0x00, 0x0F, 0xEB, 0x01, 0xF0, 0x00, 0x00, 0x73, 0x80, 0x78, 0x00, 0x4A, 0x02,
	0xA8, 0x10, 0x10, 0x00, 0x00, 0x0A, 0x03, 0x30, 0x01, 0x40, 0x01, 0x00, 0x01, 0x1A, 0x4C, 0x01,
	0x0F, 0x00, 0x00, 0x00, 0x00, 0x00, 0x1C, 0xCD, 0x00, 0x06, 0x88, 0x00, 0x00, 0x0A, 0x0E, 0xC0,
	0x01, 0x00, 0x12, 0x08, 0x38, 0x06, 0x00, 0x04, 0x00, 0x19, 0x80, 0x00, 0x01, 0xA0, 0x10, 0x00,
	0xCC, 0x13, 0x94, 0x00, 0x00, 0x50, 0x40, 0x41, 0x7D, 0x10, 0x00, 0x89, 0x00, 0x00, 0x00, 0x00,
	0x33, 0x18, 0x00, 0x02, 0x20, 0x02, 0x00, 0xA0, 0x50, 0xD0, 0x90, 0x01, 0x00, 0x17, 0xC0, 0x64,
	0x10, 0x48, 0x42, 0x64, 0xCF, 0x00, 0xC0, 0x01, 0x48, 0x03, 0x30, 0x40, 0x00, 0x08, 0x01, 0x00,
	0x20, 0x34, 0x90, 0x80, 0x00, 0x50, 0x00, 0x00, 0x00, 0x1C, 0xC1, 0x29, 0x40, 0x00, 0x50, 0x00,
	0x0F, 0xD6, 0x91, 0x0E, 0x01, 0x08, 0x00, 0x04, 0x00, 0x00, 0x03, 0x01, 0x2F, 0x40, 0x00, 0x0E,
	0x00, 0x0E, 0x06, 0x08, 0x10, 0x1C, 0x64, 0x00, 0x20, 0x08, 0x21, 0x40, 0x80, 0x14, 0x00, 0x00,
	0x00, 0x00, 0x80, 0x33, 0x04, 0x14, 0x00, 0x22, 0x00, 0x20, 0x69, 0x7F, 0x01, 0xA2, 0x00, 0xC0,
	0x03, 0xE4, 0x00, 0x82, 0x62, 0x21, 0xFB, 0xC9, 0x00, 0x01, 0x80, 0x88, 0x00, 0x00, 0x80, 0x02,
	0x10, 0x23, 0x00, 0x00, 0x00, 0x07, 0x0C, 0x00, 0x40, 0x00, 0x02, 0x00, 0x1C, 0xC1, 0x68, 0x02,
	0xAB, 0x20, 0x01, 0x80, 0x00, 0x15, 0x1E, 0x00, 0x00, 0x00, 0x00, 0x03, 0x2B, 0x00, 0x41, 0x80,
	0x00, 0x10, 0x00, 0x40, 0x80, 0x02, 0x66, 0x00, 0x46, 0x02, 0xB0, 0x08, 0x09, 0x02, 0x00, 0x00,
	0x90, 0x00, 0x00, 0x00, 0x00, 0x80, 0x33, 0x00, 0x14, 0x00, 0x05, 0x06, 0x40, 0x40, 0x0F, 0x58,
	0xB1, 0xC0, 0x00, 0x02, 0x00, 0x01, 0x00, 0x40, 0x20, 0x40, 0x0E, 0x00, 0x0A, 0x14, 0x00, 0x09,
	0x95, 0x24, 0x00, 0x10, 0x10, 0x00, 0x00, 0x14, 0x00, 0x08, 0x01, 0x40, 0x00, 0x00, 0x00, 0x1C,
	0xC1, 0x00, 0x00, 0x00, 0x00, 0x00, 0x10, 0xA0, 0x15, 0x80, 0x00, 0x40, 0x00, 0x07, 0x60, 0x28,
	0x10, 0x00, 0x00, 0x00, 0x01, 0x98, 0x00, 0x00, 0x00, 0x69, 0x3A, 0x00, 0x00, 0x00, 0x00, 0x08,
	0x00, 0x00, 0x81, 0xB0, 0x00, 0x00, 0x03, 0x80, 0x00, 0x33, 0x70, 0x00, 0x00, 0x00, 0x00, 0x22,
	0x04, 0x49, 0x10, 0xA0, 0x08, 0x00, 0x03, 0x4C, 0x01, 0x82, 0x40, 0x00, 0x00, 0x00, 0xB9, 0x00,
	0x00, 0x00, 0x46, 0x99, 0xC0, 0x00, 0x00, 0x00, 0x00, 0x04, 0x00, 0x97, 0x0A, 0x19, 0x00, 0x44,
	0x00, 0x00, 0x1C, 0xC9, 0x00, 0x00, 0x00, 0x00, 0x24, 0x82, 0x0E, 0x00, 0x00, 0x09, 0x42, 0x00,
	0x68, 0x00, 0x00, 0x08, 0x01, 0x00, 0x01, 0xC0, 0x19, 0x01, 0x02, 0x86, 0x00, 0x00, 0x44, 0x20,
	0x60, 0x00, 0x18, 0x00, 0x00, 0x00, 0x00, 0x14, 0x00, 0x80, 0x00, 0x00, 0x33, 0xD0, 0x00, 0x01,
	0x01, 0x04, 0x10, 0x00, 0x00, 0x10, 0x81, 0x00, 0x00, 0x03, 0x7C, 0x3C, 0x40, 0x40, 0x03, 0xFC,
	0x0D, 0x01, 0x90, 0x08, 0x01, 0x01, 0x00, 0x24, 0x27, 0xC0, 0x00, 0x00, 0x04, 0x00, 0xE0, 0x08,
	0x10, 0x80, 0x00, 0x00, 0x00, 0x1C, 0xC1, 0x20, 0x06, 0x00, 0x00, 0x00, 0x01, 0x55, 0xA5, 0x1C,
	0x80, 0x00, 0x00, 0x04, 0x42, 0x00, 0x00, 0x00, 0x00, 0x00, 0x0F, 0x00, 0x00, 0x00, 0x02, 0x66,
	0x02, 0x8E, 0x00, 0x00, 0x00, 0x48, 0x00, 0x00, 0x78, 0x00, 0x00, 0x08, 0x00, 0x00, 0x00, 0x33,
	0x04, 0x00, 0x40, 0x01, 0x00, 0x00, 0x20, 0xCE, 0x01, 0x00, 0x00, 0x00, 0x03, 0x3C, 0x40, 0x00,
	0x40, 0x00, 0x00, 0x00, 0x98, 0x00, 0x00, 0x00, 0x06, 0x65, 0x00, 0x00, 0x00, 0x00, 0x00, 0x04,
	0x00, 0xD0, 0x8F, 0x00, 0x00, 0x40, 0x00, 0x00, 0x1C, 0xC1, 0x00, 0x00, 0x00, 0x00, 0x80, 0x2A,
	0x8F, 0xC1, 0x01, 0x08, 0x08, 0x00, 0x00, 0xE6, 0x88, 0x22, 0x00, 0x00, 0x00, 0x08, 0x00, 0x00,
	0x08, 0x86, 0x5A, 0x06, 0x80, 0x00, 0x02, 0x30, 0x08, 0x00, 0x0E, 0x00, 0x00, 0x08, 0x00, 0x00,
	0x00, 0x80, 0x33, 0x10, 0x00, 0x00, 0x00, 0x00, 0x12, 0xA8, 0x20, 0x10, 0xA0, 0xC8, 0xC0, 0x02,
	0xC2, 0x00, 0xE4, 0x60, 0x00, 0x00, 0x00, 0x90, 0xC0, 0x00, 0x90, 0x05, 0xA0, 0x40, 0x00, 0x00,
	0x52, 0x04, 0x08, 0x01, 0x00, 0x08, 0x01, 0x40, 0x10, 0x80, 0x00, 0x0C, 0xC1, 0x00, 0x03, 0x80,
	0x12, 0x00, 0x82, 0x04, 0x05, 0x00, 0x00, 0x08, 0x08, 0x04, 0x00, 0x40, 0x80, 0x00, 0x20, 0x60,
	0x87, 0x0B, 0x40, 0x28, 0x00, 0xAA, 0x70, 0x60, 0x28, 0x04, 0x20, 0x4B, 0xF2, 0xE0, 0x00, 0x00,
	0xC0, 0xC0, 0x08, 0x00, 0x20, 0x33, 0x02, 0x74, 0x40, 0x02, 0x40, 0x00, 0x00, 0x20, 0x08, 0x00,
	0x01, 0x00, 0xD2, 0x80, 0x3D, 0x00, 0x00, 0x00, 0x61, 0xCB, 0x01, 0xF2, 0x15, 0x08, 0x05, 0x50,
	0x2C, 0x44, 0x01, 0x44, 0x00, 0xBF, 0x3E, 0x00, 0x00, 0x01, 0x10, 0x00, 0x80, 0x00, 0x0F, 0x01,
	0xEE, 0x00, 0x40, 0x05, 0x00, 0x2A, 0x9D, 0xE9, 0x80, 0x80, 0x54, 0x08, 0x35, 0xE0, 0x40, 0x85,
	0x00, 0x06, 0x86, 0xD0, 0x01, 0x10, 0xB0, 0x00, 0x05, 0x57, 0xC0, 0x22, 0x00, 0x50, 0x1B, 0x3E,
	0xE0, 0x00, 0x04, 0x01, 0x48, 0x88, 0x00, 0x00, 0x0F, 0x0A, 0x94, 0x34, 0x60, 0x50, 0x42, 0xA8,
	0x10, 0x98, 0x01, 0x49, 0x08, 0x97, 0x80, 0x34, 0x00, 0x10, 0x01, 0x29, 0xCB, 0x00, 0xD0, 0xD5,
	0x08, 0x0A, 0x50, 0x61, 0x44, 0x08, 0x25, 0x00, 0xB3, 0xF4, 0x00, 0x0D, 0xA0, 0x10, 0x00, 0x80,
	0x00, 0x2A, 0x50, 0x34, 0x02, 0xC0, 0x03, 0x00, 0x90, 0x20, 0x07, 0x80, 0x00, 0x00, 0x00, 0x00,
	0xE3, 0x87, 0x03, 0x00, 0x3F, 0xC0, 0xA1, 0x1F, 0x04, 0x0C, 0x02, 0x00, 0x00, 0x14, 0x28, 0x70,
	0x00, 0x3B, 0xC1, 0xC0, 0x18, 0xE0, 0x00, 0x00, 0x08, 0x00, 0x0A, 0x00, 0x06, 0x14, 0x34, 0x00,
	0x60, 0x20, 0x01, 0xC0, 0xD0, 0x00, 0x01, 0x00, 0x02, 0x80, 0x00, 0x00, 0x30, 0x00, 0x00, 0x0D,
	0x01, 0xCA, 0xC1, 0xC0, 0x01, 0x00, 0x2C, 0x00, 0x08, 0x04, 0x06, 0xBC, 0x02, 0x01, 0x00, 0x00,
	0x10, 0x08, 0x83, 0x00, 0x0F, 0x03, 0xA8, 0x02, 0xA8, 0x00, 0x00, 0x90, 0x00, 0x00, 0x00, 0x00,
	0x00, 0x00, 0x01, 0xC3, 0x80, 0x50, 0x00, 0x90, 0x00, 0x00, 0x1C, 0x00, 0x80, 0x00, 0x00, 0x00,
	0x04, 0x28, 0x00, 0x00, 0x38, 0x00, 0x0A, 0x80, 0x00, 0x00, 0x00, 0x08, 0x00, 0x00, 0x0F, 0x02,
	0xD4, 0x28, 0x00, 0x40, 0x00, 0x03, 0x40, 0x00, 0x00, 0x01, 0x00, 0x03, 0x00, 0x00, 0x00, 0x00,
	0x20, 0x02, 0x40, 0x70, 0x09, 0x91, 0x00, 0x00, 0x00, 0x03, 0x40, 0x10, 0x04, 0x06, 0xBF, 0xC1,
	0xF5, 0x00, 0x00, 0x30, 0x00, 0x00, 0x00, 0x09, 0x6D, 0xA9, 0xC0, 0x00, 0x00, 0x00, 0x82, 0x1C,
	0x00, 0x1A, 0x01, 0x40, 0x00, 0x03, 0x47, 0x89, 0x00, 0x00, 0x03, 0x8C, 0xF8, 0x19, 0x5C, 0x00,
	0x02, 0x40, 0x80, 0x00, 0x00, 0x00, 0x02, 0x02, 0xC5, 0x40, 0x00, 0x01, 0x80, 0x00, 0x00, 0x20,
	0x00, 0x96, 0x58, 0x1C, 0x00, 0x00, 0x40, 0x40, 0x00, 0x00, 0x00, 0xF0, 0x09, 0x00, 0x02, 0xFC,
	0x00, 0x00, 0x00, 0x00, 0x1E, 0xD8, 0x90, 0x80, 0x11, 0x00, 0x40, 0x09, 0x00, 0x00, 0x00, 0x24,
	0x00, 0x1C, 0xBE, 0xA0, 0x0C, 0x00, 0x10, 0x00, 0x00, 0x00, 0x4B, 0xD0, 0x05, 0xC0, 0x08, 0x00,
	0x00, 0x30, 0x06, 0xB7, 0x80, 0x01, 0x00, 0x00, 0x20, 0x00, 0x00, 0x10, 0x80, 0x22, 0xAE, 0xF8,
	0x1C, 0x40, 0x00, 0x02, 0x40, 0x00, 0x00, 0x00, 0x01, 0x00, 0x00, 0x00, 0x00, 0x92, 0x00, 0x00,
	0x00, 0x00, 0x00, 0x04, 0x7E, 0x13, 0x40, 0x3D, 0x27, 0x40, 0x20, 0x0C, 0xF9, 0x08, 0x00, 0x01,
	0x02, 0x03, 0xC0, 0x20, 0x22, 0x00, 0x01, 0x44, 0xEB, 0x30, 0x02, 0x01, 0x00, 0x40, 0x01, 0x00,
	0x00, 0x00, 0x24, 0x00, 0x00, 0x00, 0x09, 0x0B, 0x00, 0x50, 0x00, 0x00, 0x08, 0x00, 0x57, 0x7E,
	0x07, 0xC0, 0x00, 0x00, 0x90, 0x00, 0x01, 0x9F, 0x00, 0x00, 0x00, 0x04, 0xE0, 0x00, 0x00, 0x24,
	0x90, 0x20, 0x0F, 0x98, 0x00, 0x80, 0x00, 0x55, 0x58, 0x40, 0x78, 0x07, 0x00, 0x00, 0x00, 0x00,
	0x90, 0x0C, 0x04, 0x00, 0x80, 0x00, 0x00, 0x00, 0x03, 0xCC, 0x64, 0x00, 0x44, 0x00, 0x03, 0xC0,
	0x00, 0x8A, 0x01, 0x00, 0x03, 0x1E, 0x00, 0x00, 0x04, 0x00, 0x01, 0x40, 0x31, 0xE0, 0x15, 0x00,
	0x0A, 0xA0, 0xA8, 0x06, 0x40, 0x54, 0x00, 0x00, 0x00, 0x01, 0x00, 0xE0, 0x90, 0x00, 0x00, 0x00,
	0x68, 0x10, 0x01, 0x47, 0xC0, 0x03, 0x00, 0x90, 0x20, 0x07, 0x1E, 0x00, 0x40, 0x00, 0x00, 0x00,
	0x08, 0x52, 0x20, 0x80, 0x00, 0xA0, 0x18, 0x01, 0x00, 0x02, 0x00, 0x02, 0x04, 0x02, 0x80, 0x00,
	0x1B, 0x3E, 0xE0, 0x50, 0x1B, 0x00, 0x80, 0x00, 0x00, 0x02, 0x42, 0xF3, 0x42, 0x60, 0x40, 0x70,
	0x50, 0x02, 0xC0, 0x09, 0x00, 0x01, 0x00, 0x03, 0x40, 0x24, 0x10, 0x20, 0x10, 0x80, 0x00, 0x01,
	0x09, 0x81, 0x10, 0x42, 0x00, 0x40, 0x20, 0x28, 0x04, 0x00, 0xB3, 0xDE, 0x00, 0x09, 0x00, 0x18,
	0x08, 0x80, 0x00, 0x20, 0x00, 0x02, 0xE0, 0x00, 0x02, 0x00, 0x30, 0xF5, 0xA0, 0x01, 0x20, 0x08,
	0x00, 0x02, 0x00, 0x42, 0x0A, 0x00, 0x08, 0x27, 0xD5, 0x81, 0x01, 0x48, 0x00, 0x11, 0x37, 0xCE,
	0x02, 0x80, 0x20, 0x18, 0x2B, 0x5D, 0x99, 0xC0, 0x02, 0x80, 0x08, 0x00, 0x04, 0x10, 0x02, 0x4E,
	0x00, 0x10, 0x40, 0x43, 0xC0, 0x59, 0x50, 0xF0, 0xC1, 0x00, 0x33, 0x4C, 0x3C, 0x30, 0xC0, 0x00,
	0x00, 0xF8, 0x50, 0xD0, 0x01, 0x00, 0x04, 0x45, 0x68, 0x20, 0x10, 0x04, 0x00, 0xA0, 0x6D, 0xB1,
	0x00, 0x00, 0x10, 0x00, 0x80, 0x00, 0x00, 0x57, 0x28, 0xE3, 0x80, 0x05, 0x00, 0x06, 0x20, 0xDF,
	0x80, 0x01, 0x54, 0x08, 0x04, 0x00, 0x20, 0x04, 0x00, 0x80, 0x01, 0xC5, 0x1E, 0x00, 0x14, 0x02,
	0x08, 0x58, 0x14, 0x04, 0x00, 0x58, 0x0A, 0x03, 0x6F, 0x70, 0xE2, 0x51, 0x40, 0x08, 0x00, 0x10,
	0x05, 0x0C, 0x00, 0x00, 0x04, 0x40, 0x21, 0x09, 0xCD, 0x78, 0xA0, 0x4C, 0x48, 0xB3, 0x80, 0x3C,
	0x00, 0x40, 0x00, 0x80, 0x10, 0x08, 0xA1, 0xC0, 0x40, 0x00, 0x00, 0x01, 0x63, 0xC0, 0x01, 0x00,
	0xB8, 0x06, 0xDF, 0x90, 0x80, 0x04, 0x00, 0x80, 0x01, 0x60, 0x81, 0x80, 0xE0, 0x00, 0x03, 0x00,
	0x80, 0x00, 0x10, 0x01, 0x00, 0x0C, 0x00, 0x04, 0x00, 0x10, 0x22, 0x00, 0x82, 0x0C, 0x0F, 0x00,
	0x80, 0x00, 0x00, 0x00, 0x00, 0x04, 0x7D, 0x00, 0x30, 0x19, 0x09, 0x5D, 0x90, 0x10, 0x00, 0xC0,
	0x08, 0x00, 0x04, 0x00, 0x00, 0x00, 0x00, 0x00, 0x60, 0x00, 0x40, 0x09, 0x00, 0x91, 0xC1, 0xC0,
	0x02, 0x84, 0x02, 0x85, 0x60, 0x10, 0x00, 0x20, 0x78, 0x02, 0x01, 0x00, 0x00, 0x00, 0x00, 0x03,
	0x60, 0x27, 0x00, 0x81, 0x67, 0xBF, 0x88, 0x09, 0x58, 0x00, 0x80, 0x00, 0x20, 0x00, 0x74, 0x07,
	0x00, 0x00, 0x80, 0x80, 0x01, 0xE0, 0x1E, 0xE0, 0x00, 0x00, 0x05, 0xC3, 0xC8, 0x08, 0x00, 0x90,
	0x20, 0x03, 0x9B, 0x00, 0x00, 0x00, 0xAA, 0x72, 0x80, 0x78, 0x00, 0x00, 0x0B, 0x81, 0x79, 0x51,
	0xE4, 0xC0, 0x00, 0x08, 0x00, 0x08, 0xFF, 0x07, 0x80, 0x40, 0x00, 0x42, 0x30, 0x80, 0x10, 0x11,
	0x0E, 0x01, 0x00, 0x02, 0x82, 0x34, 0x00, 0xC0, 0x00, 0x00, 0x40, 0x10, 0xA0, 0x01, 0x00, 0x0A,
	0xA0, 0x43, 0x40, 0x00, 0x04, 0x04, 0xA0, 0x27, 0xD0, 0x9E, 0x20, 0x10, 0x00, 0x00, 0x00, 0x20,
	0x81, 0x02, 0x00, 0x40, 0x00, 0x00, 0x00, 0x00, 0x00, 0x00, 0x00, 0x00, 0x00, 0x04, 0x00, 0x46,
	0x00, 0x00, 0x38, 0x76, 0x91, 0x80, 0x00, 0x00, 0x00, 0x69, 0x92, 0xA6, 0x68, 0x01, 0x02, 0x09,
	0x02, 0xF9, 0x80, 0x00, 0x00, 0x00, 0x00, 0x00, 0x00, 0x00, 0x08, 0x0C, 0x3C, 0x00, 0x40, 0x00,
	0x00, 0x00, 0x00, 0x90, 0x01, 0x00, 0x03, 0x24, 0x3A, 0x00, 0x40, 0x02, 0xD3, 0xFB, 0x00, 0x00,
	0x01, 0x00, 0x06, 0x9B, 0x82, 0x60, 0x00, 0x04, 0x00, 0xA1, 0x4F, 0xB7, 0x00, 0x0C, 0x10, 0x00,
	0x00, 0x00, 0x20, 0x00, 0x06, 0x00, 0x46, 0x00, 0x00, 0x8F, 0x20, 0x03, 0x80, 0x21, 0x80, 0x10,
	0x6C, 0x47, 0x22, 0x40, 0x00, 0x01, 0x3E, 0x89, 0x81, 0x20, 0x00, 0x00, 0x08, 0x9F, 0x40, 0x78,
	0x12, 0x00, 0x1B, 0x9E, 0x01, 0x10, 0xB0, 0x00, 0x00, 0x00, 0x00, 0x08, 0x10, 0x02, 0x74, 0x3E,
	0x00, 0x40, 0x00, 0xF2, 0x40, 0x10, 0x81, 0xC1, 0x00, 0x07, 0x02, 0x20, 0xD0, 0x40, 0x00, 0x41,
	0x6B, 0x10, 0x80, 0x41, 0x00, 0x02, 0x09, 0xED, 0x44, 0x00, 0x14, 0x00, 0xB6, 0xD4, 0xC1, 0x08,
	0x00, 0x10, 0x00, 0x00, 0x00, 0xE0, 0x00, 0x05, 0x40, 0x00, 0x00, 0x00, 0x90, 0x00, 0x01, 0x00,
	0x00, 0x00, 0x00, 0x04, 0x00, 0x03, 0x00, 0x00, 0x90, 0x00, 0x08, 0x00, 0x00, 0x80, 0x02, 0x00,
	0x02, 0x9C, 0x68, 0x30, 0x00, 0x00, 0xB3, 0xDE, 0x01, 0x81, 0x88, 0x00, 0x00, 0x00, 0x84, 0x10,
	0x02, 0x82, 0x00, 0x00, 0x40, 0x00, 0x00, 0x40, 0x08, 0x0A, 0x01, 0x00, 0x02, 0x00, 0x00, 0x00,
	0x40, 0x00, 0x03, 0x40, 0x10, 0x00, 0x01, 0x18, 0x42, 0x00, 0x00, 0x00, 0x00, 0x04, 0x00, 0x01,
	0x37, 0xBD, 0x00, 0x00, 0x50, 0x00, 0x00, 0x00, 0x2A, 0xA3, 0xE8, 0x00, 0x68, 0x23, 0x00, 0x25,
	0xAF, 0xCF, 0x80, 0x40, 0x48, 0x00, 0x00, 0x03, 0x80, 0x43, 0x00, 0x00, 0x36, 0x81, 0x00, 0x0C,
	0x80, 0x00, 0xFF, 0x9B, 0x20, 0x20, 0x00, 0x30, 0x08, 0x23, 0xFA, 0x98, 0x0C, 0x80, 0x80, 0x00,
	0x00, 0x00, 0xAA, 0x08, 0x00, 0x2C, 0x05, 0x60, 0x02, 0x5B, 0xD0, 0xD8, 0xF0, 0x49, 0xC0, 0x02,
	0xC0, 0x61, 0x12, 0x70, 0x00, 0x0D, 0xDF, 0x00, 0x84, 0x11, 0x00, 0x07, 0x43, 0x77, 0x44, 0x01,
	0x07, 0x00, 0x92, 0xAF, 0x87, 0x00, 0x40, 0x9C, 0x00, 0x00, 0x00, 0x00, 0x00, 0x00, 0x00, 0x22,
	0x00, 0x00, 0x00, 0x00, 0x08, 0x00, 0x00, 0x00, 0x08, 0x00, 0x60, 0x40, 0x80, 0x00, 0x82, 0x1E,
	0x0F, 0x00, 0x00, 0x80, 0x00, 0x5A, 0x06, 0x86, 0x73, 0x00, 0x00, 0x00, 0x00, 0x68, 0x70, 0x06,
	0x00, 0x01, 0x80, 0x20, 0x00, 0x00, 0x00, 0x00, 0x00, 0x00, 0x00, 0x00, 0x00, 0x00, 0xB0, 0x00,
	0x00, 0x00, 0xD2, 0x82, 0x30, 0x00, 0x00, 0x40, 0x00, 0x00, 0xB8, 0x00, 0x10, 0x00, 0x00, 0x00,
	0x27, 0xC2, 0x80, 0x00, 0x00, 0x02, 0x0D, 0xD9, 0x08, 0xA0, 0x00, 0x00, 0x00, 0x00, 0x20, 0x85,
	0x81, 0x40, 0x00, 0x05, 0x04, 0x09, 0x34, 0x80, 0x00, 0x11, 0x14, 0x18, 0x35, 0xE0, 0x00, 0x85,
	0x04, 0x90, 0x20, 0x0B, 0x8E, 0x00, 0x94, 0x02, 0x40, 0x00, 0x00, 0x60, 0x02, 0x54, 0x08, 0x00,
	0x01, 0xD1, 0xF2, 0x01, 0x08, 0x00, 0x00, 0x08, 0x00, 0x00, 0x00, 0x28, 0x00, 0x10, 0x00, 0x13,
	0xFD, 0x50, 0x00, 0x09, 0x00, 0xD7, 0x82, 0x00, 0x01, 0x10, 0x00, 0x00, 0xC0, 0x79, 0x00, 0x10,
	0x40, 0x30, 0x09, 0x00, 0x04, 0x00, 0x51, 0x22, 0x04, 0x00, 0xD5, 0x1A, 0x0C, 0x10, 0x00, 0x00,
	0x00, 0x20, 0x85, 0x00, 0x00, 0x00, 0x00, 0x00, 0x10, 0x00, 0x03, 0x80, 0x00, 0x00, 0x00, 0x01,
	0xE7, 0x80, 0x02, 0x00, 0x03, 0x35, 0x87, 0x8E, 0x0D, 0x00, 0x06, 0xF0, 0xD7, 0x40, 0x66, 0x04,
	0x00, 0x00, 0x23, 0x5B, 0x01, 0xF0, 0x00, 0x80, 0x00, 0x00, 0x08, 0x00, 0x00, 0x14, 0x2C, 0x00,
	0x00, 0x00, 0x03, 0x40, 0x08, 0x00, 0x00, 0x00, 0x02, 0x1C, 0x40, 0x50, 0x30, 0x00, 0x03, 0x5A,
	0x01, 0xA4, 0x08, 0x00, 0xBF, 0x13, 0xBF, 0x42, 0x80, 0x00, 0x00, 0x21, 0x6C, 0xF7, 0x1A, 0x00,
	0x08, 0x00, 0x03, 0x00, 0x20, 0x00, 0x06, 0x02, 0x80, 0x00, 0x00, 0x80, 0x00, 0x10, 0x0A, 0x01,
	0x40, 0x00, 0x05, 0xC7, 0x80, 0x00, 0x00, 0x00, 0x00, 0x07, 0x00, 0x01, 0x00, 0x02, 0x5A, 0x00,
	0x40, 0x04, 0x00, 0x08, 0x08, 0x00, 0x1E, 0x39, 0xA1, 0x14, 0x00, 0x00, 0x00, 0x88, 0x10, 0x02,
	0xC4, 0x40, 0x01, 0x00, 0x40, 0x40, 0x0C, 0x00, 0x01, 0x40, 0x00, 0x02, 0x5C, 0x01, 0x62, 0x00,
	0x00, 0x00, 0x00, 0x00, 0x00, 0x00, 0x00, 0x3A, 0x50, 0x3C, 0x02, 0x04, 0x00, 0x80, 0x08, 0x00,
	0x0F, 0x08, 0x00, 0x80, 0x00, 0x00, 0x00, 0x20, 0x00, 0x70, 0x00, 0x00, 0x00, 0x00, 0x00, 0x00,
	0x01, 0x81, 0x00, 0x00, 0x00, 0x06, 0x00, 0x00, 0x10, 0x00, 0x25, 0x84, 0x00, 0x01, 0xA1, 0x00,
	0x00, 0x00, 0x83, 0x3E, 0x6C, 0x00, 0x02, 0x00, 0x9E, 0x61, 0x00, 0x80, 0x00, 0x00, 0x00, 0x20,
	0x08, 0x20, 0x00, 0x00, 0x00, 0x00, 0x00, 0x00, 0x00, 0x00, 0x00, 0xC0, 0x00, 0x00, 0x03, 0x2C,
	0x80, 0x02, 0x04, 0x01, 0xA6, 0x6C, 0x00, 0xB0, 0x00, 0x00, 0x02, 0x4F, 0x69, 0x62, 0x80, 0x00,
	0x00, 0x06, 0xCE, 0x81, 0x08, 0x00, 0x00, 0x00, 0x00, 0x00, 0x20, 0x00, 0x00, 0x06, 0x08, 0x00,
	0x00, 0x82, 0x16, 0x01, 0x98, 0x40, 0x80, 0x00, 0x78, 0x00, 0x08, 0x40, 0x00, 0x80, 0x01, 0xC0,
	0x19, 0xA1, 0x42, 0x06, 0x05, 0x7F, 0x40, 0x61, 0x02, 0x00, 0x02, 0x81, 0xF8, 0x52, 0x10, 0xC0,
	0x00, 0x00, 0x00, 0x00, 0x10, 0x02, 0xC0, 0x01, 0x00, 0x00, 0x00, 0x00, 0x00, 0x00, 0x0B, 0x80,
	0x04, 0x06, 0xC0, 0x3B, 0x00, 0x00, 0x00, 0x80, 0x00, 0xD0, 0xD8, 0x00, 0x00, 0x25, 0xBF, 0xB0,
	0x03, 0xA8, 0x00, 0x00, 0x18, 0x3F, 0xB1, 0x8F, 0x20, 0x40, 0x00, 0x00, 0x00, 0x20, 0x00, 0x04,
	0x00, 0x00, 0x00, 0x00, 0x80, 0x01, 0xC0, 0x00, 0x00, 0x00, 0x00, 0x04, 0x00, 0x20, 0x00, 0x00,
	0x80, 0x00, 0x00, 0x00, 0x0C, 0x00, 0x02, 0x38, 0x56, 0x24, 0x00, 0x05, 0x00, 0x00, 0x13, 0x6F,
	0x00, 0x10, 0x14, 0x08, 0x00, 0x00, 0x00, 0x10, 0x02, 0x00, 0x00, 0x00, 0x04, 0x40, 0x80, 0x10,
	0x00, 0x00, 0x00, 0x00, 0x02, 0x80, 0x01, 0x90, 0x00, 0x00, 0x40, 0x0B, 0x00, 0x00, 0x00, 0x00,
	0x03, 0xCB, 0x20, 0x40, 0x00, 0x00, 0x00, 0x07, 0x3F, 0xA1, 0x0A, 0x00, 0x80, 0x00, 0x00, 0x00,
	0x20, 0x00, 0x04, 0x00, 0x00, 0x00, 0x00, 0x82, 0x06, 0x08, 0x00, 0xA0, 0x00, 0x00, 0x01, 0xE2,
	0x00, 0x03, 0x00, 0x33, 0xE7, 0xD8, 0x00, 0x20, 0x00, 0x00, 0x44, 0x73, 0x3C, 0x78, 0x00, 0x30,
	0x01, 0x41, 0x5A, 0x18, 0xA0, 0x00, 0x00, 0x00, 0x00, 0x08, 0x10, 0x02, 0x40, 0x00, 0x00, 0x00,
	0x00, 0x00, 0x20, 0x30, 0x01, 0x40, 0x00, 0x02, 0x40, 0x61, 0x10, 0x30, 0x03, 0xF0, 0x7F, 0x90,
	0xB1, 0x40, 0x00, 0x01, 0x13, 0xA0, 0x40, 0x00, 0x03, 0x67, 0x14, 0x8D, 0xE0, 0x10, 0x00, 0x00,
	0x00, 0x00, 0x00, 0x20, 0x81, 0x01, 0x60, 0x00, 0x00, 0x00, 0x00, 0x00, 0x08, 0x01, 0x00, 0x00,
	0x00, 0x06, 0x00, 0x00, 0x50, 0x00, 0x00, 0x00, 0x00, 0x00, 0x04, 0x00, 0x18, 0x0D, 0x5A, 0xC0,
	0x60, 0x00, 0x00, 0x04, 0x02, 0x00, 0x18, 0x00, 0x40, 0x00, 0x40, 0x20, 0x00, 0x00, 0x08, 0x00,
	0x00, 0x00, 0x00, 0x00, 0x00, 0x00, 0xF0, 0xF0, 0x00, 0x00, 0x93, 0xE4, 0x00, 0x00, 0x00, 0x00,
	0x00, 0x00, 0x00, 0x00, 0x00, 0x00, 0x00, 0xC1, 0x7D, 0x42, 0xC0, 0x00, 0x10, 0x00, 0x2C, 0x07,
	0x00, 0x00, 0x00, 0x00, 0x00, 0x00, 0x00, 0x00, 0x00, 0x00, 0x08, 0x05, 0x00, 0x82, 0x06, 0x08,
	0x01, 0x00, 0x12, 0x08, 0x30, 0x07, 0x41, 0x04, 0x00, 0x00, 0x00, 0x08, 0x00, 0x00, 0x90, 0x00,
	0x38, 0x1F, 0x80, 0x00, 0x00, 0x50, 0x07, 0x30, 0xEE, 0x70, 0x10, 0x01, 0x48, 0x00, 0x00, 0x00,
	0x00, 0x00, 0x00, 0x01, 0x00, 0x10, 0x10, 0x00, 0x20, 0x30, 0xF2, 0x01, 0x00, 0xB7, 0xC0, 0x3C,
	0x50, 0x50, 0x00, 0x00, 0x00, 0x70, 0x01, 0x11, 0xC0, 0x03, 0x8F, 0x40, 0x02, 0x86, 0x01, 0x00,
	0x0C, 0xDE, 0x00, 0x8F, 0x04, 0x84, 0x00, 0x00, 0x00, 0x00, 0x00, 0x00, 0x00, 0x00, 0x00, 0x00,
	0x00, 0x00, 0x00, 0x00, 0x00, 0x08, 0x00, 0x00, 0x07, 0x90, 0x03, 0x00, 0x00, 0x00, 0x01, 0x8E,
	0x18, 0x00, 0x00, 0x52, 0x36, 0x86, 0x78, 0x05, 0x00, 0x07, 0x30, 0x4E, 0x90, 0x01, 0x80, 0x80,
	0x00, 0x00, 0x00, 0x00, 0x00, 0x1C, 0x00, 0x00, 0x00, 0x00, 0x00, 0x00, 0x02, 0x00, 0x00, 0x80,
	0x03, 0x80, 0x42, 0x20, 0x30, 0x00, 0x00, 0x00, 0x01, 0x00, 0x00, 0x00, 0x0A, 0x51, 0x2D, 0x40,
	0x00, 0x00, 0x00, 0x0C, 0xCD, 0x05, 0x80, 0x01, 0x4C, 0x00, 0x03, 0x00, 0x00, 0x00, 0x00, 0x00,
	0x20, 0x20, 0x00, 0x96, 0x80, 0x00, 0x00, 0x00, 0x00, 0x00, 0x00, 0x42, 0x08, 0x50, 0x01, 0x82,
	0x06, 0x00, 0x00, 0x00, 0x00, 0x00, 0x81, 0x02, 0x1E, 0x60, 0x04, 0x00, 0x08, 0xCC, 0x4C, 0xD1,
	0xE0, 0x08, 0x00, 0x00, 0x00, 0x00, 0x00, 0x00, 0x00, 0x00, 0x04, 0x00, 0x02, 0x94, 0x0D, 0x00,
	0x00, 0x40, 0x00, 0x03, 0x82, 0x40, 0x00, 0x88, 0x10, 0x00, 0x20, 0x00, 0x00, 0x40, 0x00, 0x0A,
	0x51, 0x70, 0x02, 0x80, 0x70, 0x00, 0xC8, 0x65, 0xB7, 0x10, 0x01, 0x00, 0x00, 0x00, 0x00, 0x00,
	0x00, 0x00, 0x00, 0x00, 0x10, 0x00, 0x00, 0x00, 0x01, 0x00, 0x00, 0x00, 0x00, 0x06, 0x02, 0x07,
	0x00, 0x00, 0x0F, 0x00, 0x00, 0x20, 0x00, 0x00, 0x02, 0x40, 0x00, 0x00, 0x70, 0x00, 0x00, 0x08,
	0x08, 0xFF, 0x80, 0x10, 0x00, 0x00, 0x00, 0x20, 0x00, 0x00, 0x00, 0x00, 0x00, 0x20, 0x00, 0x00,
	0x00, 0x00, 0x08, 0x00, 0x00, 0x00, 0x03, 0x6C, 0x40, 0x00, 0x02, 0x40, 0xF3, 0x40, 0x00, 0x00,
	0x00, 0x00, 0x00, 0x05, 0x00, 0x04, 0x02, 0x00, 0x00, 0xA8, 0x66, 0xBB, 0x0C, 0x00, 0x00, 0x00,
	0x00, 0x00, 0x20, 0x00, 0x00, 0x00, 0x00, 0x00, 0x00, 0x03, 0x0E, 0x00, 0x01, 0x21, 0x00, 0x10,
	0x64, 0x40, 0x18, 0x00, 0x00, 0x00, 0x00, 0x00, 0x00, 0x00, 0x40, 0x02, 0x08, 0x58, 0x00, 0x00,
	0x30, 0x00, 0x0A, 0x03, 0x7F, 0x10, 0x00, 0x10, 0x00, 0x00, 0x00, 0x00, 0x10, 0x02, 0xC0, 0x00,
	0x01, 0x04, 0x20, 0x31, 0xC0, 0x00, 0xD1, 0x40, 0x00, 0x02, 0x3C, 0x03, 0xE2, 0x00, 0x00, 0x00,
	0x00, 0x00, 0x00, 0x08, 0x00, 0x00, 0x00, 0x80, 0x00, 0x00, 0x00, 0x80, 0xB8, 0x26, 0xD7, 0x80,
	0x00, 0x80, 0x00, 0x00, 0x00, 0x00, 0x00, 0x00, 0x00, 0x00, 0x00, 0x00, 0x80, 0x00, 0x05, 0x80,
	0x00, 0x00, 0x00, 0x06, 0x43, 0x80, 0x00, 0x00, 0x00, 0x00, 0x00, 0x00, 0x00, 0x80, 0x02, 0x40,
	0x80, 0x20, 0x00, 0x00, 0x00, 0x08, 0x92, 0xFF, 0x00, 0xB2, 0x00, 0x08, 0x00, 0x00, 0x00, 0x00,
	0x00, 0x00, 0x00, 0x70, 0x00, 0x20, 0x40, 0x0F, 0x08, 0x80, 0x00, 0x00, 0x02, 0xDC, 0x20, 0x01,
	0x00, 0x00, 0x00, 0x00, 0x00, 0x00, 0xC4, 0x01, 0x00, 0x05, 0x02, 0xC0, 0x00, 0x00, 0x00, 0x8A,
	0x37, 0xFD, 0x1C, 0x40, 0x00, 0x00, 0x00, 0x00, 0x00, 0x00, 0x00, 0x00, 0x04, 0x00, 0x00, 0x00,
	0x00, 0x00, 0x00, 0x00, 0x48, 0x00, 0x00, 0x40, 0x00, 0x02, 0x00, 0x00, 0x00, 0x00, 0x00, 0x01,
	0x80, 0x00, 0x00, 0x00, 0x1C, 0x02, 0x00, 0x00, 0x09, 0x0B, 0x7B, 0x91, 0x90, 0x08, 0x80, 0x00,
	0x00, 0x00, 0x00, 0x00, 0x00, 0x00, 0x00, 0x00, 0x00, 0x00, 0x00, 0x00, 0x00, 0x00, 0x80, 0x03,
	0x02, 0x01, 0x44, 0x30, 0x00, 0x00, 0x00, 0x00, 0x00, 0x04, 0x00, 0x00, 0x00, 0x00, 0x20, 0x12,
	0x00, 0x01, 0x82, 0xB5, 0xD1, 0x08, 0x01, 0x08, 0x00, 0x00, 0x00, 0x00, 0x00, 0x00, 0x08, 0x00,
	0x00, 0x00, 0x40, 0x01, 0xE0, 0x00, 0x00, 0x00, 0x08, 0x04, 0x07, 0x80, 0x80, 0x00, 0x40, 0x20,
	0x01, 0x80, 0x00, 0x00, 0x00, 0x7A, 0xFF, 0xFC, 0x04, 0x00, 0x00, 0x40, 0x40, 0x4C, 0xD0, 0x00,
	0x00, 0x01, 0x00, 0x20, 0x00, 0x00, 0x00, 0x3C, 0x2E, 0x00, 0x01, 0x00, 0x00, 0x00, 0x00, 0x00,
	0x00, 0x00, 0xD2, 0x9C, 0x78, 0x00, 0x01, 0x00, 0x01, 0xC0, 0x00, 0x00, 0x00, 0x00, 0x0B, 0x89,
	0xB0, 0xC2, 0x00, 0x00, 0x20, 0x00, 0x27, 0xA5, 0x00, 0x00, 0x00, 0x00, 0x00, 0x00, 0x00, 0x00,
	0x00, 0x00, 0x00, 0x04, 0x00, 0xF3, 0x0E, 0x00, 0x00, 0x80, 0x14, 0x10, 0x2D, 0xE0, 0x00, 0xA5,
	0x00, 0x73, 0x3E, 0xE1, 0x80, 0x00, 0x14, 0x00, 0x00, 0x00, 0x1C, 0x78, 0x00, 0x50, 0x00, 0x00,
	0x00, 0x81, 0xA1, 0x81, 0x40, 0x00, 0x00, 0x00, 0x00, 0x00, 0x00, 0x00, 0x50, 0x50, 0x00, 0xCC,
	0xC0, 0x00, 0x00, 0x01, 0x00, 0x16, 0x42, 0x38, 0x15, 0x10, 0x00, 0xCE, 0x50, 0x00, 0x01, 0x00,
	0x40, 0x00, 0x00, 0x03, 0x66, 0x50, 0x05, 0x00, 0x00, 0x00, 0x01, 0x00, 0x00, 0x10, 0x00, 0x00,
	0x00, 0x00, 0x00, 0x00, 0x07, 0x00, 0x02, 0x00, 0xB3, 0x04, 0xE0, 0x00, 0x00, 0x80, 0x00, 0x00,
	0xE0, 0x00, 0x03, 0x00, 0x73, 0x05, 0xE3, 0x98, 0x1C, 0x09, 0x02, 0x05, 0x36, 0x00, 0x00, 0x00,
	0x30, 0x00, 0x36, 0x6E, 0x01, 0xA0, 0x00, 0xC0, 0x00, 0x00, 0x00, 0x00, 0x00, 0x00, 0x00, 0x00,
	0x20, 0x00, 0xCC, 0x10, 0x00, 0x00, 0x14, 0x00, 0x02, 0x42, 0x00, 0x00, 0x30, 0x00, 0xCF, 0xC0,
	0x08, 0x00, 0x00, 0xC0, 0x20, 0x50, 0x80, 0x00, 0x00, 0x02, 0x00, 0x03, 0x75, 0x00, 0x00, 0x04,
	0x08, 0x02, 0x00, 0x00, 0x00, 0xA5, 0xA2, 0x02, 0x80, 0x00, 0x00, 0x00, 0x00, 0x00, 0x08, 0x18,
	0x00, 0x00, 0x00, 0xE3, 0xA8, 0x10, 0x00, 0x91, 0xC4, 0xE5, 0x00, 0xA0, 0x00, 0x00, 0x00, 0x00,
	0x00, 0x70, 0x00, 0x00, 0x0A, 0xA9, 0xC0, 0x70, 0x83, 0x00, 0x00, 0x00, 0x00, 0x84, 0x0A, 0x00,
	0x1C, 0x40, 0x50, 0x00, 0x00, 0x00, 0x00, 0x00, 0x00, 0x00, 0x00, 0x03, 0x40, 0x00, 0x00, 0x00,
	0x0B, 0x8A, 0xC9, 0x08, 0x00, 0x00, 0x00, 0x00, 0x00, 0x00, 0x07, 0x80, 0x00, 0x01, 0x15, 0x42,
	0xC0, 0x10, 0x00, 0x80, 0x00, 0x00, 0x00, 0x00, 0x00, 0x00, 0x00, 0x00, 0x00, 0x00, 0xBC, 0x1E,
	0x00, 0x18, 0x00, 0x00, 0x00, 0x05, 0xE0, 0x00, 0x00, 0x00, 0xA9, 0x40, 0xED, 0x0A, 0x01, 0x01,
	0x02, 0x42, 0xF6, 0x5C, 0x00, 0x20, 0x00, 0x08, 0x00, 0x1C, 0x39, 0xEC, 0x00, 0x00, 0x00, 0x30,
	0x00, 0x00, 0x00, 0x00, 0x00, 0x00, 0x00, 0x03, 0xC0, 0x00, 0x00, 0x80, 0x00, 0x00, 0x02, 0x00,
	0x00, 0x00, 0x00, 0x09, 0x99, 0xDD, 0x19, 0x00, 0x00, 0x00, 0x24, 0x05, 0xF8, 0xC0, 0x00, 0x00,
	0x20, 0x3F, 0xC0, 0xFF, 0x9D, 0x04, 0x00, 0x00, 0x00, 0x00, 0x00, 0x00, 0x02, 0x00, 0x20, 0x00,
	0x00, 0x00, 0x00, 0x00, 0x01, 0x01, 0x00, 0x10, 0x24, 0x02, 0x03, 0x00, 0x00, 0x9C, 0xB7, 0xE7,
	0x81, 0x01, 0x40, 0x00, 0x85, 0xBA, 0x40, 0x00, 0x80, 0x02, 0x08, 0x00, 0x01, 0x79, 0xE4, 0x00,
	0x00, 0x00, 0x08, 0x00, 0x00, 0x00, 0x04, 0x00, 0x00, 0x00, 0x00, 0x00, 0x00, 0x00, 0x80, 0x08,
	0x00, 0x03, 0xC0, 0x20, 0x00, 0x00, 0x09, 0xCA, 0xE0, 0x08, 0xC1, 0x40, 0x10, 0x00, 0x07, 0x28,
	0x02, 0x50, 0x00, 0x03, 0x04, 0x00, 0xD5, 0x10, 0x30, 0x00, 0x00, 0x00, 0x00, 0x20, 0x00, 0x68,
	0x00, 0x00, 0x00, 0x00, 0x00, 0x00, 0x08, 0x00, 0x00, 0x00, 0x00, 0x04, 0xE0, 0x00, 0x00, 0x00,
	0x04, 0x25, 0xF1, 0x1E, 0x1C, 0x01, 0x02, 0x81, 0x03, 0x00, 0x79, 0x00, 0x00, 0x08, 0xF2, 0x00,
	0xF8, 0x00, 0x00, 0x08, 0x00, 0x00, 0x04, 0x20, 0x04, 0x00, 0x00, 0x00, 0x00, 0x00, 0x00, 0x00,
	0x10, 0x00, 0x00, 0x00, 0x03, 0x02, 0x00, 0x00, 0x00, 0x20, 0x03, 0xEE, 0xD1, 0x00, 0x00, 0x00,
	0x28, 0x19, 0x43, 0x44, 0x09, 0x20, 0x23, 0x0F, 0x24, 0x09, 0x80, 0x00, 0x00, 0x00, 0x00, 0x08,
	0x20, 0x00, 0x70, 0x00, 0x00, 0x20, 0x00, 0x00, 0x00, 0x00, 0x01, 0xA1, 0x48, 0x00, 0x06, 0x02,
	0x00, 0x43, 0x00, 0x81, 0x54, 0xE1, 0x99, 0x01, 0xCD, 0x02, 0x81, 0x00, 0x20, 0x30, 0x30, 0x20,
	0x10, 0x0B, 0xFC, 0x01, 0xC0, 0x08, 0x80, 0x00, 0x00, 0x00, 0x20, 0x04, 0x00, 0x00, 0x01, 0x00,
	0x00, 0x00, 0x00, 0x00, 0x80, 0x40, 0xC0, 0x03, 0x2C, 0x00, 0x02, 0x30, 0x09, 0x7C, 0x0C, 0x00,
	0x80, 0x14, 0x80, 0x24, 0x29, 0x35, 0x47, 0xC0, 0x02, 0x00, 0x00, 0x9D, 0x00, 0x18, 0x88, 0x4C,
	0x00, 0x00, 0x11, 0x03, 0x01, 0x01, 0x00, 0x00, 0x00, 0x00, 0x00, 0x00, 0x00, 0x00, 0x00, 0x00,
	0x00, 0x00, 0x00, 0x00, 0x00, 0x00, 0x00, 0x00, 0x00, 0x00, 0x00, 0x00, 0x00, 0x00, 0x00, 0x00,
	0x00, 0x00, 0x00, 0x00, 0x00, 0x00, 0x00, 0x00, 0x00, 0x00, 0x00, 0x00, 0x00, 0x00, 0x00, 0x00,
	0x00, 0x00, 0x00, 0x00, 0x00, 0x00, 0x00, 0x00, 0x00, 0x00, 0x00, 0x00, 0x00, 0x00, 0x00, 0x00,
	0x00, 0x00, 0x00, 0x00, 0x00, 0x00, 0x00, 0x00, 0x00, 0x00, 0x00, 0x00, 0x00, 0x00, 0x00, 0x00,
	0x00, 0x00, 0x00, 0x00, 0x00, 0x00, 0x00, 0x00, 0x00, 0x00, 0x00, 0x00, 0x00, 0x00, 0x00, 0x00,
	0x00, 0x00, 0x00, 0x00, 0x00, 0x00, 0x00, 0x00, 0x00, 0x00, 0x00, 0x00, 0x00, 0x20, 0x00, 0x00,
	0x00, 0x00, 0x00, 0x00, 0x80, 0x00, 0x00, 0x00, 0x00, 0x00, 0x02, 0x00, 0x00, 0x00, 0x00, 0x00,
	0x00, 0x00, 0x00, 0x00, 0x00, 0x00, 0x00, 0x00, 0x00, 0x00, 0x00, 0x00, 0x00, 0x00, 0x00, 0x00,
	0x00, 0x00, 0x00, 0x00, 0x00, 0x00, 0x00, 0x00, 0x00, 0x00, 0x00, 0x00, 0x00, 0x00, 0x00, 0x00,
	0x00, 0x00, 0x00, 0x00, 0x00, 0x00, 0x00, 0x00, 0x00, 0x00, 0x00, 0x00, 0x00, 0x00, 0x00, 0x00,
	0x00, 0x00, 0x00, 0x00, 0x00, 0x00, 0x00, 0x00, 0x00, 0x78, 0x00, 0x00, 0x00, 0x02, 0x00, 0x00,
	0x00, 0x00, 0x00, 0x00, 0x00, 0x00, 0x00, 0x00, 0x00, 0x00, 0x00, 0x00, 0x00, 0x00, 0x00, 0x00,
	0x00, 0x00, 0x00, 0x00, 0x00, 0x00, 0x00, 0x00, 0x00, 0x00, 0x00, 0x00, 0x00, 0x00, 0x00, 0x00,
	0x00, 0x00, 0x04, 0x00, 0x00, 0x00, 0x00, 0x00, 0x00, 0x00, 0x00, 0x00, 0x00, 0x00, 0x00, 0x00,
	0x00, 0x00, 0x00, 0x00, 0x00, 0x00, 0x00, 0x00, 0x00, 0x00, 0x00, 0x00, 0x00, 0x00, 0x00, 0x00,
	0x00, 0x00, 0x00, 0x00, 0x08, 0x00, 0x00, 0x00, 0x00, 0x00, 0x00, 0x20, 0x00, 0x00, 0x00, 0x00,
	0x00, 0x00, 0x00, 0x00, 0x00, 0x00, 0x00, 0x20, 0x00, 0x00, 0x00, 0x00, 0x00, 0x00, 0x00, 0x00,
	0x00, 0x00, 0x00, 0x00, 0x00, 0x00, 0x00, 0x00, 0x00, 0x00, 0x00, 0x00, 0x00, 0x00, 0x00, 0x00,
	0x00, 0x00, 0x00, 0x00, 0x00, 0x00, 0x00, 0x00, 0x00, 0x00, 0x00, 0x00, 0x00, 0x00, 0x00, 0x00,
	0x00, 0x20, 0x00, 0x00, 0x00, 0x00, 0x00, 0x02, 0x00, 0x00, 0x00, 0x00, 0x00, 0x00, 0x00, 0x00,
	0x00, 0x00, 0x00, 0x00, 0x00, 0x00, 0x00, 0x08, 0x00, 0x00, 0x00, 0x00, 0x00, 0x00, 0x30, 0x00,
	0x00, 0x00, 0x00, 0x00, 0x00, 0x00, 0x00, 0x00, 0x00, 0x00, 0x10, 0x00, 0x00, 0x00, 0x00, 0x01,
	0x80, 0x00, 0x00, 0x00, 0x00, 0x00, 0x00, 0x03, 0x00, 0x00, 0x00, 0x00, 0x00, 0x00, 0x00, 0x00,
	0x00, 0x00, 0x00, 0x00, 0x00, 0x00, 0x00, 0x00, 0x00, 0x00, 0x00, 0x00, 0x00, 0x00, 0x00, 0x00,
	0x00, 0x00, 0x00, 0x00, 0x00, 0x00, 0x00, 0x00, 0x00, 0x00, 0x00, 0x00, 0x00, 0x00, 0x00, 0x00,
	0x00, 0x00, 0x00, 0x00, 0x00, 0x00, 0x00, 0x00, 0x00, 0x00, 0x00, 0x00, 0x00, 0x00, 0x00, 0x00,
	0x30, 0x00, 0x00, 0x00, 0x00, 0x0C, 0x00, 0x00, 0x00, 0x00, 0x00, 0x00, 0x00, 0x00, 0x00, 0x00,
	0x00, 0x00, 0x00, 0x00, 0x00, 0x00, 0x00, 0x00, 0x00, 0x00, 0x00, 0x00, 0x00, 0x00, 0x00, 0x00,
	0x00, 0x00, 0x00, 0x00, 0x00, 0x00, 0x00, 0x00, 0x00, 0x01, 0x00, 0x00, 0x00, 0x04, 0x00, 0x00,
	0x00, 0x00, 0x01, 0x00, 0x00, 0x00, 0x00, 0x00, 0x00, 0x00, 0x00, 0x00, 0x00, 0x00, 0x00, 0x00,
	0x00, 0x00, 0x00, 0x00, 0x00, 0x00, 0x00, 0x00, 0x00, 0x00, 0x00, 0x00, 0x00, 0x00, 0x00, 0x00,
	0x00, 0x00, 0x00, 0x00, 0x00, 0x00, 0x00, 0x00, 0x00, 0x00, 0x01, 0x00, 0x00, 0x00, 0x00, 0x00,
	0x08, 0x00, 0x00, 0x00, 0x00, 0x00, 0x00, 0x00, 0x00, 0x00, 0x00, 0x00, 0x00, 0x00, 0x80, 0x00,
	0x08, 0x00, 0x00, 0x00, 0x00, 0x00, 0x00, 0x00, 0x00, 0x00, 0x00, 0x00, 0x00, 0x00, 0x00, 0x00,
	0x08, 0x00, 0x00, 0x00, 0x80, 0x02, 0x00, 0x00, 0x00, 0x00, 0x00, 0x00, 0x08, 0x00, 0x00, 0x00,
	0x00, 0x00, 0x00, 0x20, 0x00, 0x00, 0x00, 0x00, 0x00, 0x00, 0x80, 0x00, 0x00, 0x00, 0x00, 0x00,
	0x00, 0x00, 0x00, 0x00, 0x00, 0x00, 0x00, 0x00, 0x00, 0x00, 0x00, 0x00, 0x00, 0x00, 0x00, 0x00,
	0x00, 0x00, 0x40, 0x00, 0x00, 0x00, 0x00, 0x00, 0x00, 0x00, 0x40, 0x00, 0x00, 0x00, 0x00, 0x00,
	0x01, 0x20, 0x00, 0x08, 0x00, 0x00, 0x00, 0x00, 0x00, 0x00, 0x00, 0x00, 0x00, 0x00, 0x00, 0x00,
	0x00, 0x00, 0x00, 0x04, 0x00, 0x00, 0x00, 0x00, 0x01, 0x00, 0x00, 0x00, 0x00, 0x00, 0x00, 0x00,
	0x00, 0x00, 0x00, 0x00, 0x00, 0x00, 0x00, 0x00, 0x00, 0x60, 0x0A, 0x00, 0x00, 0x00, 0x00, 0x00,
	0x00, 0x00, 0x00, 0x00, 0x00, 0x00, 0x00, 0x00, 0x08, 0x00, 0x00, 0x00, 0x00, 0x00, 0x00, 0x26,
	0x64, 0x20, 0x02, 0x00, 0x00, 0x00, 0x00, 0x00, 0x00, 0x0A, 0x04, 0xA1, 0x7B, 0x54, 0x28, 0x00,
	0x20, 0x00, 0x00, 0x00, 0x00, 0x00, 0x00, 0xC0, 0x00, 0x00, 0x00, 0x00, 0x00, 0x00, 0x00, 0x00,
	0x00, 0x08, 0x00, 0x1C, 0x00, 0x00, 0x00, 0x00, 0x00, 0x16, 0x70, 0x00, 0x20, 0x00, 0x00, 0x00,
	0x00, 0x00, 0x00, 0x80, 0x00, 0x09, 0x32, 0x06, 0xC0, 0x03, 0x00, 0x00, 0x00, 0x00, 0x00, 0x00,
	0x08, 0x00, 0x00, 0x00, 0x00, 0x00, 0x00, 0x00, 0x00, 0x00, 0x00, 0x00, 0x00, 0x00, 0x0B, 0x00,
	0x00, 0x00, 0x2C, 0x20, 0x00, 0x00, 0x03, 0x84, 0x00, 0xA0, 0x0D, 0x00, 0x00, 0x07, 0x00, 0x70,
	0x00, 0x40, 0x00, 0x00, 0x00, 0x00, 0x00, 0x00, 0x00, 0x00, 0x00, 0x00, 0x00, 0x00, 0x00, 0x00,
	0x00, 0x00, 0x00, 0x00, 0x00, 0x00, 0x00, 0x00, 0x10, 0x00, 0x00, 0x00, 0x44, 0x20, 0x00, 0x00,
	0x18, 0x00, 0x00, 0x00, 0x10, 0x00, 0x00, 0x64, 0x00, 0x01, 0xC6, 0x80, 0x00, 0x00, 0x00, 0x00,
	0x00, 0x00, 0x00, 0x00, 0x00, 0x00, 0x00, 0x00, 0x00, 0x00, 0x00, 0x00, 0x00, 0x00, 0x00, 0x00,
	0x00, 0x08, 0x00, 0x00, 0x80, 0x34, 0x23, 0x40, 0x00, 0x82, 0x80, 0x0C, 0x00, 0x00, 0x00, 0x00,
	0x00, 0x00, 0x00, 0x00, 0x20, 0x00, 0x00, 0x00, 0x00, 0x00, 0x00, 0x00, 0x04, 0x00, 0x00, 0x00,
	0x00, 0x00, 0x00, 0x00, 0x00, 0x00, 0x00, 0x00, 0x00, 0x00, 0x00, 0x00, 0x10, 0x00, 0x03, 0xCE,
	0x04, 0x00, 0x00, 0x19, 0x02, 0x00, 0x01, 0xC0, 0x80, 0x00, 0x00, 0x00, 0x00, 0x00, 0x02, 0x00,
	0x00, 0x00, 0x00, 0x00, 0x00, 0x00, 0x80, 0x00, 0x00, 0x00, 0x00, 0x00, 0x00, 0x00, 0x00, 0x00,
	0x00, 0x08, 0x00, 0x0F, 0x00, 0x00, 0x00, 0x00, 0x30, 0xC3, 0x00, 0x00, 0x40, 0x80, 0x02, 0x07,
	0x00, 0x00, 0x00, 0x00, 0x00, 0x00, 0x00, 0x2C, 0x00, 0x02, 0x68, 0x00, 0x20, 0xB0, 0xB0, 0x00,
	0x00, 0x00, 0x00, 0x00, 0x00, 0x00, 0x00, 0x00, 0x00, 0x00, 0x08, 0x00, 0x0E, 0x80, 0x00, 0x00,
	0x00, 0x00, 0x60, 0x3C, 0x00, 0x00, 0x08, 0x21, 0x60, 0x00, 0x00, 0x00, 0x00, 0x00, 0x00, 0x01,
	0x60, 0x03, 0x00, 0x01, 0x82, 0x14, 0x08, 0x01, 0x00, 0x00, 0x00, 0x00, 0x00, 0x00, 0x00, 0x00,
	0x00, 0x00, 0x00, 0x00, 0x00, 0x00, 0x00, 0x00, 0x00, 0x00, 0x00, 0x30, 0x23, 0x00, 0x00, 0x40,
	0x84, 0x00, 0xA3, 0x00, 0x00, 0x00, 0x03, 0x20, 0x00, 0x00, 0x00, 0x00, 0x00, 0x00, 0x00, 0x00,
	0x01, 0x00, 0x00, 0x00, 0x00, 0x00, 0x00, 0x00, 0x00, 0x00, 0x00, 0x00, 0x00, 0x00, 0x00, 0x00,
	0x00, 0x00, 0x00, 0x00, 0x00, 0x04, 0x04, 0x00, 0x00, 0x08, 0x00, 0x00, 0x80, 0x00, 0x00, 0x00,
	0x20, 0x00, 0x68, 0x07, 0x00, 0x00, 0x00, 0x00, 0x00, 0x00, 0x08, 0x00, 0x00, 0x00, 0x00, 0x00,
	0x00, 0x00, 0x00, 0x00, 0x00, 0x00, 0x00, 0x00, 0x00, 0x00, 0x00, 0x1C, 0x08, 0x00, 0x3C, 0x00,
	0x00, 0x02, 0x00, 0x00, 0x02, 0x00, 0x1C, 0x00, 0x08, 0x00, 0x03, 0x78, 0x00, 0x00, 0x00, 0x30,
	0x00, 0x00, 0x00, 0x10, 0x00, 0x42, 0x80, 0x00, 0x00, 0x00, 0x00, 0x00, 0x00, 0x00, 0x00, 0x00,
	0x00, 0x00, 0x00, 0x00, 0x00, 0x00, 0xC0, 0x00, 0x40, 0x20, 0x00, 0x30, 0x00, 0x20, 0x40, 0x00,
	0x90, 0x00, 0xC0, 0x00, 0x3F, 0x80, 0x06, 0x80, 0x03, 0x00, 0x00, 0x00, 0x00, 0x00, 0x00, 0x2C,
	0x00, 0x00, 0x00, 0x00, 0x00, 0x00, 0x00, 0x00, 0x00, 0x00, 0x00, 0x00, 0x00, 0x00, 0x00, 0x10,
	0x05, 0x3C, 0x03, 0x80, 0x04, 0x82, 0x80, 0x1C, 0x00, 0x0D, 0x00, 0x10, 0x00, 0x00, 0x00, 0x00,
	0x00, 0x00, 0x50, 0x00, 0x00, 0x00, 0x00, 0x00, 0x03, 0x00, 0x00, 0x00, 0x00, 0x00, 0x00, 0x00,
	0x00, 0x00, 0x00, 0x00, 0x00, 0x00, 0x00, 0x00, 0x01, 0x02, 0x87, 0xC0, 0x00, 0x08, 0x50, 0x09,
	0x00, 0x00, 0x00, 0x10, 0x01, 0x00, 0x00, 0x00, 0x00, 0x00, 0x00, 0x04, 0x00, 0x02, 0x0C, 0x00,
	0x00, 0x00, 0x14, 0x10, 0x00, 0x00, 0x00, 0x00, 0x00, 0x00, 0x03, 0x00, 0x00, 0x00, 0x00, 0x00,
	0x0C, 0x00, 0x00, 0x05, 0x3C, 0x00, 0x00, 0x00, 0x00, 0x00, 0x00, 0x00, 0x0D, 0x00, 0x00, 0x00,
	0x00, 0x00, 0x04, 0x00, 0x00, 0x00, 0x00, 0x00, 0x00, 0x00, 0x04, 0x00, 0x00, 0x00, 0x00, 0x00,
	0x00, 0x00, 0x00, 0x00, 0x00, 0x00, 0x00, 0x00, 0x00, 0x00, 0x00, 0x00, 0x00, 0x00, 0x04, 0x00,
	0x08, 0x00, 0x00, 0x00, 0x00, 0x58, 0x10, 0x00, 0x00, 0x00, 0x00, 0x02, 0x00, 0x00, 0x00, 0x00,
	0x00, 0x00, 0x00, 0x00, 0x00, 0x00, 0x00, 0x00, 0x00, 0x00, 0x00, 0x00, 0x00, 0x00, 0x00, 0x02,
	0x31, 0xD4, 0xF0, 0x80, 0x00, 0x00, 0x00, 0x2E, 0x43, 0xC0, 0x03, 0x04, 0x16, 0x82, 0x80, 0x98,
	0x00, 0x00, 0x00, 0x10, 0x03, 0x80, 0x00, 0x00, 0x00, 0x01, 0xD2, 0xCC, 0x10, 0xA0, 0x00, 0x04,
	0x00, 0x00, 0x00, 0x00, 0x00, 0x00, 0x00, 0x00, 0x00, 0x1B, 0x2E, 0x60, 0x70, 0x08, 0x00, 0x00,
	0x00, 0x40, 0x34, 0x00, 0x20, 0x09, 0x7D, 0xFB, 0x19, 0xC0, 0x00, 0x00, 0x20, 0x00, 0x00, 0x00,
	0x00, 0x00, 0x00, 0x1E, 0xBF, 0x93, 0x09, 0x00, 0x00, 0x80, 0x40, 0x00, 0x00, 0x00, 0x00, 0x04,
	0x00, 0x00, 0x00, 0x00, 0x00, 0x0F, 0x00, 0x00, 0x00, 0x00, 0x25, 0xE0, 0x03, 0x20, 0x84, 0x10,
	0xAC, 0x01, 0x08, 0x01, 0x40, 0x00, 0x74, 0x5E, 0x34, 0x25, 0x70, 0x00, 0x00, 0x03, 0xC0, 0x50,
	0x8E, 0x14, 0x00, 0x07, 0x00, 0x00, 0x00, 0x00, 0x00, 0x60, 0x00, 0x00, 0x00, 0x00, 0x00, 0x58,
	0x00, 0x00, 0x00, 0x00, 0x7E, 0x00, 0x01, 0x00, 0x11, 0x0A, 0x08, 0x00, 0x10, 0x88, 0x00, 0x47,
	0xAB, 0x22, 0x02, 0x05, 0x00, 0x01, 0x90, 0x20, 0x08, 0x08, 0x7C, 0x00, 0x0C, 0x00, 0x00, 0x00,
	0x00, 0x00, 0x00, 0x00, 0x00, 0x80, 0x3B, 0x65, 0xF0, 0x08, 0x00, 0x00, 0x40, 0x68, 0x40, 0x00,
	0x00, 0x00, 0x2E, 0x0D, 0xA9, 0x1E, 0x04, 0x00, 0x08, 0x00, 0xD2, 0x40, 0x20, 0x02, 0x00, 0x00,
	0x01, 0xC0, 0x01, 0x08, 0x00, 0x04, 0x00, 0x00, 0x00, 0x00, 0x00, 0x00, 0x00, 0x00, 0x00, 0x4A,
	0x10, 0xFE, 0x00, 0x00, 0x04, 0x00, 0x07, 0x00, 0x00, 0x00, 0x00, 0x01, 0xEB, 0xFA, 0x81, 0x80,
	0x00, 0x00, 0x00, 0x4D, 0x24, 0x00, 0x40, 0x50, 0x00, 0x90, 0x00, 0x05, 0x88, 0x10, 0x00, 0x00,
	0x02, 0x00, 0x00, 0x00, 0x00, 0x00, 0x00, 0x00, 0x00, 0x09, 0x57, 0xC7, 0x0A, 0x00, 0x00, 0x00,
	0x2C, 0x00, 0x08, 0x00, 0x04, 0x3C, 0x8C, 0xF0, 0x00, 0x00, 0x00, 0x08, 0x01, 0x56, 0x40, 0x01,
	0x02, 0x00, 0x03, 0xF0, 0x7B, 0x90, 0xE0, 0x14, 0x00, 0x00, 0x00, 0x00, 0x00, 0x00, 0x00, 0x00,
	0x00, 0x00, 0x00, 0x14, 0x4F, 0x80, 0x10, 0x00, 0x00, 0x00, 0x00, 0x00, 0x02, 0x00, 0x0B, 0xC7,
	0xC1, 0x00, 0x01, 0x80, 0x00, 0x00, 0x05, 0x65, 0x40, 0x30, 0x50, 0x00, 0x16, 0x3D, 0xE0, 0x01,
	0x18, 0x80, 0x00, 0x00, 0x00, 0x01, 0x00, 0x2D, 0xC0, 0x00, 0x00, 0x80, 0x21, 0x7E, 0x80, 0x88,
	0x00, 0x00, 0x00, 0x39, 0xC4, 0x05, 0x00, 0x00, 0x00, 0x00, 0x00, 0x0A, 0x00, 0x00, 0x00, 0x50,
	0x02, 0xBC, 0x34, 0x00, 0x00, 0x00, 0x28, 0x0E, 0x08, 0xB0, 0x04, 0x00, 0x00, 0x30, 0x02, 0x00,
	0x00, 0x40, 0x00, 0x00, 0x00, 0x09, 0x29, 0xC0, 0x50, 0x10, 0x00, 0x00, 0x00, 0x60, 0x60, 0x00,
	0x00, 0x00, 0x00, 0x00, 0x39, 0x80, 0x00, 0x00, 0x0A, 0x01, 0x86, 0x03, 0xC0, 0x00, 0x00, 0x01,
	0x46, 0x13, 0x9E, 0x00, 0x80, 0x08, 0x00, 0x00, 0x00, 0x00, 0x00, 0x00, 0x00, 0x02, 0x82, 0x38,
	0x35, 0x00, 0x00, 0x01, 0x08, 0x00, 0x24, 0x23, 0x80, 0x53, 0x00, 0x16, 0x95, 0xF0, 0x1E, 0x80,
	0x4C, 0x00, 0x20, 0x04, 0x00, 0x3C, 0x00, 0x30, 0x01, 0x7C, 0x2A, 0x19, 0x88, 0x00, 0x84, 0xC0,
	0x00, 0x00, 0x00, 0x00, 0x00, 0x00, 0x00, 0x20, 0x0B, 0x83, 0x6E, 0x00, 0xE0, 0x08, 0xC0, 0x00,
	0x1C, 0x04, 0x00, 0x30, 0x4B, 0x6C, 0x09, 0x59, 0xF4, 0x08, 0x80, 0x20, 0x00, 0x39, 0x62, 0x42,
	0x02, 0x01, 0x01, 0x55, 0xB1, 0x98, 0x00, 0x0C, 0x80, 0x40, 0x00, 0x00, 0x00, 0x01, 0xC0, 0x00,
	0x05, 0x00, 0x06, 0xA4, 0xF0, 0x0B, 0x00, 0x10, 0x0F, 0x3C, 0xC3, 0x86, 0x01, 0x05, 0x09, 0x3C,
	0xE0, 0x1E, 0x00, 0x10, 0x94, 0x81, 0x10, 0x3E, 0x68, 0x00, 0x50, 0x03, 0xF1, 0x6F, 0x08, 0xF0,
	0x01, 0x40, 0x07, 0x80, 0x00, 0x00, 0x00, 0x20, 0x00, 0x00, 0x50, 0x02, 0x85, 0x5C, 0x00, 0x00,
	0x01, 0x02, 0x87, 0x80, 0x06, 0x45, 0x58, 0x00, 0x60, 0x01, 0x01, 0xF0, 0x01, 0x00, 0x08, 0x18,
	0x73, 0xE7, 0x00, 0x05, 0x00, 0x16, 0x16, 0xB7, 0x00, 0x00, 0x14, 0x00, 0x02, 0x00, 0x01, 0x00,
	0x27, 0xC0, 0x08, 0x00, 0x03, 0x39, 0x4E, 0x00, 0x8A, 0x00, 0x00, 0x01, 0x23, 0xC3, 0xC8, 0x00,
	0x00, 0x3F, 0x04, 0xB0, 0x0E, 0x00, 0x00, 0x04, 0x02, 0x5E, 0x82, 0x30, 0x00, 0x0A, 0x11, 0x1C,
	0xE0, 0x00, 0x00, 0x00, 0x04, 0x00, 0x00, 0x02, 0x00, 0x00, 0x40, 0x00, 0x00, 0x00, 0x0B, 0x95,
	0xC8, 0x79, 0x80, 0x00, 0x00, 0x80, 0x00, 0x04, 0x00, 0x00, 0x01, 0x62, 0xFB, 0x51, 0xE0, 0x40,
	0x00, 0x00, 0x09, 0xE9, 0x40, 0x40, 0x00, 0x25, 0x11, 0xC7, 0xA0, 0x20, 0x00, 0x00, 0x00, 0x00,
	0x00, 0x0F, 0x00, 0x80, 0x00, 0x00, 0x03, 0x00, 0x00, 0x00, 0x00, 0x00, 0x40, 0x00, 0x00, 0x28,
	0x43, 0x00, 0x03, 0x00, 0x08, 0x00, 0x03, 0x80, 0x00, 0x00, 0x00, 0x58, 0xD6, 0x3C, 0x00, 0x00,
	0x00, 0x02, 0x97, 0xDB, 0x10, 0xD1, 0xC0, 0x04, 0x00, 0x00, 0x02, 0xF0, 0x78, 0x06, 0x00, 0x00,
	0x20, 0x00, 0x00, 0x00, 0x00, 0x00, 0x00, 0x00, 0x00, 0x5E, 0x04, 0x00, 0x20, 0x18, 0x00, 0x0A,
	0x18, 0x00, 0x00, 0x00, 0x01, 0xA7, 0xF4, 0x03, 0x00, 0x00, 0x00, 0x09, 0x20, 0x87, 0x89, 0x00,
	0x00, 0x80, 0x00, 0x00, 0x02, 0x00, 0x40, 0x40, 0x20, 0x00, 0x00, 0x00, 0x00, 0x0D, 0x00, 0x00,
	0x80, 0x00, 0x3C, 0x00, 0x00, 0x20, 0x00, 0x00, 0x1F, 0xB0, 0x10, 0x1C, 0x00, 0x10, 0xA5, 0x03,
	0x80, 0x00, 0x00, 0x00, 0x40, 0x05, 0xFE, 0x71, 0xE8, 0x04, 0x00, 0x00, 0x00, 0x00, 0x00, 0x03,
	0x20, 0x00, 0x00, 0x00, 0x00, 0x00, 0x00, 0x80, 0x00, 0x04, 0x00, 0x00, 0x4C, 0x20, 0x01, 0x00,
	0x12, 0x01, 0xFC, 0x01, 0xA0, 0x00, 0x00, 0x00, 0x00, 0x35, 0xE0, 0x00, 0x00, 0x00, 0x00, 0x04,
	0xF0, 0x1D, 0x50, 0x80, 0x0C, 0x00, 0x00, 0x13, 0x31, 0xB0, 0x00, 0x00, 0x00, 0x00, 0x04, 0x00,
	0xB0, 0x00, 0x10, 0x02, 0x00, 0x64, 0x00, 0x08, 0x00, 0x20, 0x04, 0x00, 0xB1, 0x90, 0x00, 0x00,
	0x00, 0x20, 0x04, 0x04, 0x40, 0x00, 0x00, 0x00, 0x00, 0x00, 0x00, 0x00, 0x00, 0x04, 0x00, 0x00,
	0x02, 0xCC, 0x78, 0x40, 0x60, 0x00, 0x00, 0x00, 0x00, 0x01, 0x00, 0x00, 0x00, 0x00, 0x06, 0x40,
	0x01, 0x00, 0x00, 0x08, 0x00, 0x01, 0x71, 0x8A, 0x00, 0x00, 0x00, 0x00, 0x32, 0x06, 0x80, 0x00,
	0x00, 0x00, 0x00, 0x00, 0x00, 0x00, 0x00, 0x00, 0x02, 0x00, 0x00, 0x00, 0x00, 0x20, 0x00, 0x00,
	0x00, 0x04, 0x00, 0x90, 0x00, 0x00, 0x00, 0x00, 0x20, 0x02, 0x80, 0x00, 0x00, 0x00, 0x02, 0x07,
	0x0B, 0x00, 0x00, 0x00, 0x04, 0x77, 0x64, 0x20, 0x85, 0x00, 0x40, 0x00, 0x00, 0xF1, 0xF2, 0x00,
	0x00, 0x00, 0x00, 0x00, 0x00, 0x00, 0x14, 0x00, 0x00, 0x00, 0x18, 0x00, 0x01, 0x00, 0x00, 0x00,
	0x00, 0x00, 0x00, 0x04, 0x50, 0x00, 0x08, 0x20, 0x40, 0x80, 0x10, 0x00, 0x00, 0x05, 0xA9, 0xAE,
	0x02, 0x10, 0x20, 0x00, 0x82, 0x1C, 0x08, 0x1F, 0x0C, 0x00, 0x00, 0x00, 0x00, 0x00, 0x00, 0x00,
	0x04, 0x00, 0x00, 0x00, 0x00, 0x00, 0x03, 0x00, 0x00, 0x00, 0x00, 0x28, 0x02, 0x28, 0x00, 0x00,
	0x1D, 0x26, 0xA3, 0x1E, 0xC0, 0x00, 0x00, 0x00, 0x30, 0x2C, 0x00, 0x00, 0x00, 0x00, 0x00, 0x20,
	0xF9, 0xC2, 0x00, 0x00, 0x00, 0x30, 0x00, 0x00, 0x00, 0x00, 0x70, 0x00, 0x00, 0x00, 0x00, 0x00,
	0x00, 0x00, 0x14, 0x00, 0x00, 0x00, 0x31, 0x00, 0x00, 0x01, 0xEB, 0xFB, 0xB9, 0xF2, 0x00, 0x00,
	0x24, 0x08, 0x02, 0x00, 0x08, 0x00, 0x04, 0x82, 0x0C, 0x01, 0x9F, 0x40, 0x00, 0x08, 0x00, 0x00,
	0x13, 0x30, 0x68, 0x24, 0x00, 0x03, 0x02, 0x08, 0x01, 0x00, 0x00, 0x00, 0x08, 0x00, 0x3C, 0x07,
	0xC0, 0x02, 0xE2, 0x0F, 0x2C, 0x00, 0x8E, 0x20, 0x4A, 0x00, 0x20, 0x04, 0x14, 0x28, 0x00, 0x30,
	0x03, 0xF3, 0x69, 0x58, 0xF0, 0x14, 0x04, 0x00, 0x00, 0x02, 0xCC, 0x13, 0x8E, 0x30, 0x00, 0x20,
	0x08, 0x00, 0x0E, 0x01, 0x80, 0x00, 0x80, 0x00, 0x00, 0x24, 0x00, 0x2E, 0x70, 0xF0, 0x00, 0x78,
	0x84, 0x08, 0x80, 0x20, 0x00, 0x68, 0x00, 0x00, 0x03, 0x00, 0x16, 0x37, 0xF7, 0x01, 0x80, 0x10,
	0x80, 0x40, 0x00, 0x00, 0x03, 0x00, 0x00, 0x08, 0x04, 0x00, 0x00, 0x00, 0x0B, 0x0D, 0x00, 0x14,
	0x07, 0x3D, 0xE3, 0x82, 0x04, 0x20, 0x28, 0x03, 0xC0, 0x00, 0x00, 0x90, 0x00, 0x20, 0x00, 0x00,
	0x38, 0x01, 0x40, 0x21, 0xA4, 0xF0, 0x50, 0xA0, 0x01, 0x00, 0x07, 0x00, 0x01, 0x00, 0x82, 0x80,
	0x01, 0x00, 0x40, 0x00, 0x20, 0x60, 0x80, 0x00, 0x01, 0x08, 0x86, 0x6E, 0x02, 0x0C, 0x50, 0x02,
	0x94, 0xFB, 0x78, 0x00, 0x05, 0x00, 0x20, 0x00, 0x30, 0x02, 0xC0, 0x24, 0x00, 0x1A, 0x5E, 0xA0,
	0x01, 0x00, 0x14, 0x00, 0x32, 0x04, 0x00, 0x0F, 0x00, 0x06, 0x80, 0x00, 0x00, 0x00, 0x04, 0x0F,
	0x00, 0x40, 0x00, 0x05, 0x38, 0xC3, 0x80, 0x00, 0x00, 0x00, 0x8C, 0xDB, 0x2D, 0x00, 0x01, 0x00,
	0x10, 0x1A, 0x64, 0x24, 0x00, 0x08, 0x02, 0xE1, 0x48, 0x18, 0x02, 0x00, 0x04, 0x00, 0x40, 0x01,
	0x00, 0x80, 0x00, 0x34, 0x02, 0x00, 0x01, 0x02, 0x00, 0x80, 0x0A, 0x00, 0x00, 0x00, 0x20, 0x00,
	0x08, 0x04, 0x00, 0x05, 0x40, 0xF0, 0x00, 0x00, 0x00, 0x05, 0x8F, 0xA8, 0x00, 0x08, 0x00, 0x00,
	0x1E, 0xB6, 0xBB, 0x80, 0x4C, 0x40, 0x00, 0x20, 0x00, 0x01, 0x01, 0xF8, 0x02, 0x00, 0x06, 0x00,
	0x00, 0x02, 0x00, 0x0F, 0x00, 0x18, 0x00, 0x3E, 0xE6, 0x00, 0x27, 0x00, 0x00, 0x00, 0x00, 0x00,
	0x00, 0x10, 0x00, 0x02, 0xF2, 0xC0, 0x60, 0x00, 0x40, 0x00, 0x62, 0x4A, 0x78, 0xA0, 0x01, 0x04,
	0x00, 0x40, 0x00, 0x52, 0xB6, 0xC0, 0x04, 0x00, 0x30, 0x08, 0x20, 0xE0, 0x00, 0x00, 0x00, 0xC0,
	0x00, 0x7C, 0x78, 0x04, 0x20, 0x18, 0x20, 0x60, 0x00, 0x00, 0x00, 0x28, 0x40, 0x15, 0x80, 0x06,
	0x40, 0x00, 0x20, 0x09, 0x00, 0x09, 0x80, 0x00, 0x00, 0x80, 0x00, 0x00, 0x02, 0x00, 0x40, 0x04,
	0x00, 0x54, 0x00, 0x08, 0x00, 0x00, 0x0E, 0x00, 0x50, 0x00, 0x3D, 0xE0, 0x00, 0x54, 0x01, 0x04,
	0x00, 0xA0, 0x80, 0x0C, 0x10, 0x00, 0x0E, 0x7C, 0x04, 0x00, 0x00, 0x4C, 0x00, 0x00, 0x1D, 0x91,
	0xA0, 0x09, 0x00, 0x00, 0x00, 0x02, 0x00, 0x07, 0x06, 0x28, 0x00, 0x00, 0x08, 0x00, 0x0E, 0x00,
	0x10, 0x08, 0x00, 0x00, 0x3C, 0x00, 0x00, 0x00, 0x08, 0x00, 0x00, 0x30, 0x00, 0x14, 0x00, 0x00,
	0xED, 0xB2, 0x00, 0x01, 0x00, 0x00, 0x28, 0x0F, 0xE8, 0x09, 0x00, 0x40, 0x0C, 0x00, 0x00, 0x02,
	0x49, 0xE0, 0x43, 0x00, 0x04, 0x00, 0x13, 0xAE, 0xBF, 0x0C, 0x00, 0x10, 0x40, 0x38, 0x00, 0x00,
	0x04, 0x01, 0x08, 0x01, 0x00, 0x00, 0x80, 0x11, 0x00, 0x10, 0x02, 0x9C, 0x00, 0x00, 0x40, 0x01,
	0x68, 0xDE, 0x50, 0x91, 0x11, 0x04, 0xC0, 0x00, 0x00, 0xA0, 0x3E, 0xFE, 0x64, 0x00, 0x00, 0x02,
	0x36, 0x60, 0x50, 0x00, 0x00, 0x00, 0x07, 0xC4, 0x00, 0x00, 0x00, 0x08, 0x00, 0x08, 0x00, 0x00,
	0x00, 0x30, 0x20, 0x00, 0x02, 0x00, 0x00, 0x00, 0x00, 0xB6, 0xC1, 0xB5, 0x9B, 0x00, 0x80, 0x00,
	0x02, 0x00, 0x01, 0x00, 0x20, 0x40, 0x00, 0x04, 0x00, 0x00, 0x2C, 0x07, 0x0F, 0x00, 0x10, 0x00,
	0x2F, 0xC3, 0x80, 0x04, 0x01, 0x00, 0x14, 0x00, 0x00, 0x00, 0x10, 0x00, 0x10, 0x02, 0xE4, 0x21,
	0x00, 0x44, 0x00, 0x00, 0xFF, 0x50, 0xEA, 0x01, 0x00, 0x00, 0x00, 0x02, 0x00, 0x00, 0x60, 0x00,
	0x00, 0x00, 0x09, 0x00, 0x00, 0x80, 0x00, 0x00, 0x00, 0x00, 0x00, 0x02, 0x80, 0x00, 0x09, 0x02,
	0x00, 0x00, 0x00, 0x00, 0x00, 0x20, 0x00, 0x04, 0xC0, 0x25, 0x00, 0x00, 0x20, 0x15, 0xD8, 0x0F,
	0x20, 0x00, 0x00, 0x80, 0x00, 0x0E, 0x71, 0x20, 0x20, 0x00, 0x04, 0x00, 0x00, 0x00, 0x00, 0x08,
	0x84, 0x10, 0x00, 0x28, 0x03, 0x80, 0x04, 0x01, 0x00, 0x02, 0x05, 0x00, 0x00, 0x10, 0x00, 0xA4,
	0x9A, 0x2C, 0x34, 0x01, 0x40, 0x03, 0x3F, 0xEE, 0x08, 0x00, 0x01, 0x00, 0x08, 0x20, 0x00, 0x81,
	0x06, 0xD4, 0x68, 0x00, 0x00, 0x08, 0x20, 0xC0, 0x18, 0x10, 0x00, 0x00, 0x00, 0x40, 0x24, 0x00,
	0x00, 0x08, 0x21, 0x40, 0x00, 0xA0, 0x00, 0x00, 0x05, 0x83, 0x83, 0xE6, 0x40, 0x00, 0x00, 0x29,
	0xDF, 0xC5, 0x00, 0x00, 0x00, 0x00, 0x80, 0x00, 0x01, 0x00, 0x28, 0x00, 0x00, 0x07, 0x00, 0x00,
	0x00, 0x01, 0x10, 0x00, 0x1C, 0x00, 0x20, 0x00, 0x00, 0x06, 0x01, 0x00, 0x02, 0x00, 0x0A, 0x00,
	0x1C, 0x00, 0x10, 0x10, 0x2C, 0x3D, 0x05, 0x6A, 0x00, 0x28, 0x0D, 0xF0, 0xF1, 0x91, 0xC0, 0x08,
	0x00, 0x02, 0x00, 0x00, 0x0E, 0x78, 0x00, 0x20, 0x08, 0x21, 0xE0, 0x90, 0xA0, 0x00, 0x80, 0x00,
	0x4C, 0x78, 0x00, 0x30, 0x08, 0x21, 0x60, 0x50, 0xA0, 0x00, 0xC1, 0x41, 0x0D, 0xFA, 0x00, 0x60,
	0x03, 0x81, 0x01, 0x4E, 0x19, 0x00, 0x18, 0x88, 0x00, 0x80, 0x00, 0x05, 0xB9, 0xF0, 0x07, 0xC5,
	0x05, 0x00, 0x11, 0xD6, 0xD1, 0x00, 0x00, 0x14, 0x0B, 0x3C, 0x03, 0x80, 0x01, 0x01, 0x00, 0x24,
	0x00, 0x0A, 0x01, 0x10, 0x00, 0x00, 0x00, 0x00, 0x38, 0x00, 0x40, 0x20, 0x03, 0xDE, 0x00, 0x00,
	0x01, 0x40, 0x08, 0x00, 0x80, 0x57, 0x93, 0xC6, 0x2C, 0x00, 0x50, 0x02, 0x2F, 0x61, 0x80, 0x04,
	0x01, 0x08, 0x83, 0x00, 0x00, 0x00, 0x50, 0x49, 0x02, 0x00, 0x50, 0x00, 0xC9, 0x00, 0x00, 0x00,
	0x00, 0x00, 0x00, 0x05, 0x80, 0x10, 0x0F, 0xE0, 0x00, 0x00, 0x14, 0x00, 0x82, 0x00, 0x00, 0x0D,
	0x27, 0x40, 0x00, 0x04, 0x00, 0x00, 0x00, 0x00, 0x00, 0x00, 0x10, 0x05, 0x3C, 0x00, 0x00, 0x04,
	0x01, 0x00, 0x00, 0x05, 0x0D, 0x00, 0x13, 0x08, 0x10, 0x02, 0x4E, 0x02, 0x00, 0x40, 0x00, 0x00,
	0x00, 0x00, 0x00, 0x01, 0x00, 0x08, 0x00, 0x00, 0x18, 0x86, 0x16, 0x68, 0x00, 0x20, 0x00, 0x00,
	0x00, 0x00, 0x00, 0x00, 0x80, 0x00, 0x40, 0x00, 0x01, 0x20, 0x08, 0x21, 0x40, 0x00, 0x11, 0x40,
	0x81, 0x20, 0x00, 0x02, 0x46, 0x80, 0x02, 0x00, 0x00, 0x00, 0x01, 0x80, 0x20, 0xC8, 0x00, 0x00,
	0x01, 0x0C, 0x39, 0x28, 0x00, 0x00, 0x04, 0x02, 0xA0, 0x64, 0x00, 0x00, 0x00, 0x18, 0x00, 0x2C,
	0x00, 0x00, 0x02, 0x00, 0x3E, 0x82, 0xB0, 0x80, 0x40, 0x90, 0x10, 0x0F, 0x07, 0x80, 0x34, 0x80,
	0x60, 0x00, 0x00, 0x00, 0x00, 0xBA, 0x09, 0x00, 0x00, 0x00, 0x00, 0x81, 0x02, 0x40, 0x02, 0x80,
	0x00, 0x0A, 0x04, 0x0C, 0x00, 0x00, 0x00, 0x80, 0x00, 0x40, 0x00, 0x00, 0x30, 0x0B, 0xC1, 0x4E,
	0x10, 0x00, 0xC0, 0x20, 0x40, 0x55, 0x24, 0x00, 0x50, 0x02, 0x00, 0x00, 0x00, 0x00, 0x09, 0x40,
	0x00, 0x80, 0x00, 0x00, 0x00, 0x00, 0x00, 0x00, 0x00, 0x04, 0x02, 0x90, 0xB4, 0xC0, 0x00, 0x00,
	0x10, 0x00, 0x3C, 0x00, 0x00, 0x00, 0x00, 0x29, 0x5C, 0xAF, 0x00, 0x00, 0x10, 0x00, 0xB8, 0x5F,
	0x02, 0x64, 0x00, 0xC0, 0x02, 0x92, 0xCC, 0xD0, 0x80, 0x01, 0x00, 0x00, 0x00, 0x00, 0x00, 0x00,
	0x00, 0x00, 0x00, 0x00, 0x0A, 0x06, 0x00, 0x00, 0x00, 0x00, 0x00, 0x00, 0x04, 0x00, 0x00, 0x00,
	0x09, 0xF8, 0x09, 0x79, 0xC0, 0x00, 0x00, 0x07, 0xAB, 0xE1, 0xE2, 0x40, 0x08, 0x01, 0x16, 0x0E,
	0x11, 0x00, 0x64, 0x00, 0x00, 0x00, 0x00, 0x00, 0x00, 0x00, 0x00, 0x00, 0x04, 0x00, 0x82, 0x80,
	0x90, 0x00, 0x00, 0x50, 0x00, 0x34, 0x02, 0x00, 0x00, 0x00, 0x36, 0xE5, 0x8D, 0x00, 0xE0, 0x10,
	0x00, 0xB8, 0xB2, 0x74, 0x6C, 0x00, 0x40, 0x00, 0x81, 0x5B, 0x00, 0x92, 0x01, 0x00, 0x00, 0x00,
	0x00, 0x00, 0x00, 0x00, 0x00, 0x00, 0x00, 0x18, 0x14, 0xC1, 0x00, 0x00, 0x00, 0x01, 0x06, 0x00,
	0x00, 0x00, 0x00, 0x0B, 0xEF, 0xD9, 0x00, 0x06, 0x14, 0x00, 0x07, 0xA5, 0xF7, 0xC2, 0xC0, 0x00,
	0x00, 0x00, 0x2D, 0xA0, 0x0A, 0x40, 0x00, 0x00, 0x00, 0x00, 0x00, 0x00, 0x00, 0x00, 0x00, 0x04,
	0x00, 0x00, 0x00, 0x00, 0x0E, 0x00, 0x10, 0x00, 0x20, 0x00, 0x00, 0x50, 0x00, 0x07, 0x5E, 0x80,
	0x80, 0x81, 0x10, 0x00, 0x00, 0x00, 0x00, 0x6C, 0x00, 0x40, 0x02, 0xA8, 0x30, 0x58, 0xAA, 0x01,
	0x00, 0x00, 0x00, 0x00, 0x00, 0x00, 0x00, 0x00, 0x00, 0x00, 0x00, 0x00, 0x00, 0x00, 0x00, 0x00,
	0x00, 0x00, 0x1C, 0x00, 0x07, 0x00, 0x08, 0x95, 0xCB, 0x50, 0x80, 0xC8, 0x00, 0x00, 0x00, 0x01,
	0xC2, 0xC0, 0x00, 0x01, 0x2A, 0x8C, 0xE5, 0x18, 0x80, 0x00, 0x04, 0x80, 0x00, 0x00, 0x00, 0x00,
	0x03, 0x40, 0x04, 0x40, 0xBC, 0xC4, 0x00, 0x00, 0x00, 0x10, 0x00, 0x20, 0x40, 0x15, 0x50, 0x00,
	0x3C, 0x8E, 0x0F, 0x0F, 0x10, 0x10, 0x00, 0x24, 0x93, 0x00, 0x2C, 0x65, 0x48, 0x01, 0x68, 0x00,
	0x01, 0xA0, 0x11, 0x00, 0x08, 0x00, 0x00, 0x00, 0x00, 0x00, 0x04, 0x00, 0x00, 0x0B, 0xCC, 0xC0,
	0x78, 0x00, 0x10, 0x00, 0x00, 0x40, 0x70, 0x06, 0x00, 0x0B, 0xC8, 0xEE, 0x81, 0xB8, 0x00, 0x00,
	0x05, 0xA8, 0x38, 0x06, 0xA0, 0x20, 0x01, 0x96, 0x81, 0xE5, 0x9F, 0x00, 0x80, 0x00, 0x80, 0x00,
	0x00, 0x00, 0x00, 0x00, 0x00, 0x04, 0x02, 0x80, 0x00, 0xC0, 0x08, 0x00, 0x1C, 0x00, 0x2B, 0xC0,
	0x00, 0x02, 0x00, 0x03, 0x1D, 0xFF, 0x0E, 0x00, 0x1C, 0x02, 0x00, 0x00, 0x14, 0x40, 0x00, 0x70,
	0x30, 0x07, 0xC0, 0x50, 0xE0, 0x01, 0x80, 0x08, 0x00, 0x00, 0x00, 0x00, 0x00, 0x00, 0x00, 0x00,
	0x0A, 0x94, 0x0A, 0x50, 0x80, 0x00, 0x80, 0x00, 0x6E, 0x38, 0x70, 0x20, 0x0A, 0xB5, 0x6F, 0x59,
	0xB0, 0x02, 0xC0, 0xA0, 0x87, 0x00, 0x07, 0x80, 0x03, 0x00, 0x00, 0x47, 0xA8, 0x01, 0x00, 0x08,
	0x80, 0x80, 0x00, 0x00, 0x00, 0x00, 0x00, 0x00, 0x10, 0x02, 0xA0, 0x44, 0x00, 0x0B, 0x14, 0x14,
	0x09, 0x6E, 0xC7, 0x80, 0x01, 0x00, 0x36, 0xB4, 0x05, 0x2E, 0x00, 0x10, 0x00, 0xB8, 0x3A, 0x54,
	0x25, 0x10, 0x10, 0x42, 0x05, 0xCE, 0x01, 0x00, 0x00, 0x40, 0x08, 0x00, 0x00, 0x00, 0x00, 0x00,
	0x00, 0x00, 0x00, 0x0A, 0x06, 0x0C, 0x39, 0xD0, 0x01, 0x04, 0x06, 0x20, 0x6C, 0x08, 0x50, 0x0B,
	0x6B, 0xCA, 0xF1, 0xF0, 0xD5, 0x00, 0x07, 0xAB, 0xED, 0xE0, 0x08, 0x05, 0x00, 0xB6, 0xE1, 0xA0,
	0x1C, 0x00, 0x14, 0x10, 0x80, 0x00, 0x00, 0x00, 0x00, 0x22, 0xC0, 0x04, 0x00, 0x00, 0x00, 0x00,
	0x90, 0x00, 0x10, 0x0D, 0x28, 0xE3, 0x88, 0x00, 0x00, 0x3C, 0x66, 0xE7, 0x1F, 0x00, 0x12, 0x00,
	0x50, 0x06, 0x74, 0x00, 0x00, 0x40, 0x00, 0x14, 0x08, 0xF0, 0xDE, 0x01, 0x00, 0x08, 0x00, 0x00,
	0x00, 0x00, 0x0E, 0x00, 0x00, 0x20, 0x00, 0x00, 0x00, 0x79, 0xE0, 0x00, 0x80, 0x00, 0x1E, 0x01,
	0x08, 0x00, 0x0B, 0xC8, 0xC0, 0x81, 0xC0, 0xC0, 0x80, 0x00, 0x05, 0xAC, 0x00, 0x00, 0x02, 0x01,
	0x2B, 0xD4, 0xC8, 0x01, 0x81, 0x08, 0x00, 0x00, 0x00, 0x00, 0x05, 0x00, 0x00, 0x00, 0x00, 0x00,
	0x00, 0x02, 0x00, 0x00, 0x40, 0x00, 0x00, 0x30, 0x22, 0x00, 0x06, 0x40, 0x88, 0x01, 0x00, 0x90,
	0x11, 0x4C, 0x08, 0xA4, 0x96, 0x40, 0x00, 0x00, 0x00, 0x22, 0xA8, 0x29, 0x10, 0x00, 0x00, 0xC0,
	0x00, 0x00, 0x02, 0x40, 0x00, 0x00, 0x00, 0x00, 0x00, 0x18, 0x20, 0xC0, 0x58, 0x03, 0x40, 0x00,
	0x00, 0x16, 0x00, 0x00, 0x20, 0x08, 0x00, 0x1E, 0x39, 0xE1, 0x09, 0xC0, 0x02, 0x43, 0x34, 0x00,
	0x00, 0x00, 0x00, 0x15, 0x56, 0x10, 0x00, 0x00, 0x08, 0x80, 0x00, 0x00, 0x00, 0x00, 0x00, 0x00,
	0x00, 0x00, 0x06, 0x00, 0x02, 0x0F, 0x80, 0x00, 0x00, 0x00, 0x30, 0x00, 0x00, 0x0C, 0x40, 0x80,
	0x1C, 0x00, 0x10, 0x00, 0x00, 0x00, 0x20, 0x00, 0x02, 0x60, 0x00, 0x00, 0x00, 0x00, 0x00, 0x10,
	0x90, 0x00, 0x00, 0x00, 0x00, 0x00, 0x00, 0x00, 0x00, 0x00, 0x00, 0x00, 0x08, 0x20, 0xC0, 0x78,
	0x00, 0x00, 0x00, 0x00, 0x40, 0x00, 0x00, 0x00, 0x09, 0x00, 0x00, 0x00, 0xE2, 0x00, 0x08, 0x20,
	0x00, 0x21, 0xC7, 0xC0, 0x00, 0x00, 0x00, 0x00, 0x08, 0x1A, 0x41, 0x40, 0x00, 0x00, 0x00, 0x00,
	0x09, 0x00, 0x00, 0x00, 0x00, 0x20, 0x04, 0x00, 0xC0, 0x0A, 0x00, 0x00, 0x00, 0x2A, 0x47, 0x08,
	0x24, 0x00, 0x14, 0x01, 0xDD, 0x80, 0x00, 0x80, 0x00, 0x00, 0x00, 0x00, 0x30, 0x00, 0x00, 0x40,
	0x00, 0xDD, 0x00, 0x00, 0x00, 0x00, 0x00, 0x00, 0x02, 0x40, 0x00, 0x00, 0x00, 0x00, 0x00, 0x08,
	0x00, 0x00, 0x01, 0xB0, 0x04, 0x20, 0x00, 0x04, 0x39, 0x04, 0x00, 0x10, 0x00, 0x6C, 0xF0, 0x00,
	0x10, 0x00, 0x00, 0x00, 0x00, 0x00, 0x40, 0x00, 0x00, 0x0F, 0x21, 0xB1, 0x08, 0x08, 0x00, 0x00,
	0x02, 0x00, 0x01, 0x00, 0x2C, 0x00, 0x00, 0x20, 0x20, 0x04, 0x00, 0xC5, 0x0F, 0x00, 0x00, 0x00,
	0x3E, 0xC4, 0x00, 0x04, 0x00, 0x88, 0x00, 0x01, 0x00, 0x00, 0x00, 0x08, 0x00, 0x3E, 0x66, 0x20,
	0x82, 0x00, 0x48, 0x80, 0x00, 0x00, 0xA0, 0x00, 0x00, 0x00, 0x00, 0x02, 0x00, 0x00, 0x00, 0x00,
	0x05, 0x00, 0x08, 0x00, 0x01, 0xD9, 0xA0, 0x40, 0x00, 0x00, 0x60, 0x20, 0x00, 0x0C, 0x08, 0x00,
	0x08, 0xF9, 0xC0, 0x00, 0x00, 0x42, 0x01, 0xA6, 0x46, 0x10, 0x50, 0x00, 0x80, 0x00, 0xE0, 0x1E,
	0x14, 0x00, 0x00, 0x00, 0x00, 0x00, 0x00, 0x00, 0x00, 0x05, 0x00, 0x40, 0x02, 0x83, 0xF0, 0x80,
	0x48, 0x00, 0x00, 0x38, 0x00, 0x01, 0x14, 0x04, 0x80, 0x24, 0x03, 0x00, 0x00, 0x00, 0x04, 0x01,
	0xB3, 0x82, 0x00, 0x02, 0x00, 0x01, 0x68, 0x0B, 0xD1, 0xE4, 0x04, 0x00, 0x00, 0x30, 0x02, 0x08,
	0x18, 0x00, 0x29, 0x00, 0x00, 0x00, 0x01, 0x6E, 0x70, 0x00, 0x04, 0x00, 0x00, 0x44, 0x22, 0x06,
	0x08, 0x09, 0x02, 0x00, 0xD1, 0xE8, 0x00, 0x00, 0x05, 0xA5, 0x71, 0xE0, 0x00, 0x40, 0x01, 0x28,
	0x1D, 0x95, 0x9F, 0x00, 0x80, 0x00, 0x00, 0x00, 0x01, 0x00, 0x28, 0x22, 0x87, 0x02, 0x02, 0x00,
	0x00, 0x0D, 0x08, 0x00, 0x2C, 0x00, 0x28, 0x07, 0x46, 0x06, 0x00, 0x03, 0x76, 0x90, 0x1D, 0x00,
	0x08, 0x80, 0x10, 0x02, 0xC0, 0x00, 0x00, 0x30, 0x00, 0x00, 0xCA, 0x00, 0x91, 0xC8, 0x80, 0x00,
	0x00, 0x02, 0x00, 0x00, 0x56, 0x38, 0x00, 0x20, 0x08, 0x20, 0xE0, 0x90, 0x00, 0x02, 0x80, 0x00,
	0x40, 0x7C, 0x00, 0x30, 0x00, 0x17, 0x6B, 0x51, 0xD0, 0xC0, 0x80, 0x20, 0x00, 0x04, 0x06, 0x00,
	0x03, 0x00, 0x20, 0x16, 0xA0, 0x08, 0x01, 0x08, 0x80, 0x00, 0x00, 0x01, 0x00, 0x24, 0x02, 0x80,
	0x25, 0x01, 0x08, 0x01, 0x00, 0x00, 0x00, 0x10, 0x4B, 0x70, 0xC2, 0x55, 0x05, 0x00, 0x10, 0x06,
	0x0F, 0x1A, 0x00, 0x14, 0x98, 0x00, 0x08, 0x3E, 0x00, 0x02, 0x50, 0x00, 0x00, 0xCF, 0x00, 0x92,
	0x01, 0x00, 0x00, 0x00, 0x02, 0x00, 0x00, 0x54, 0x00, 0x04, 0x40, 0x08, 0x00, 0x1E, 0x00, 0x00,
	0x81, 0x40, 0x86, 0x60, 0x00, 0x80, 0x42, 0x01, 0x03, 0x48, 0x71, 0xE0, 0x01, 0x10, 0x20, 0x81,
	0x02, 0x60, 0x00, 0x05, 0x01, 0x20, 0x40, 0xE3, 0x80, 0x00, 0x10, 0x00, 0x02, 0x00, 0x00, 0x00,
	0x00, 0xE0, 0x00, 0x00, 0x40, 0x14, 0x01, 0x00, 0x00, 0x40, 0x00, 0x0B, 0x2C, 0x00, 0x00, 0x44,
	0x82, 0x00, 0x16, 0xD9, 0x0A, 0x81, 0x40, 0x04, 0x0A, 0x06, 0x2E, 0x6C, 0x00, 0x00, 0x08, 0x80,
	0x10, 0xF0, 0xF0, 0x00, 0x00, 0x00, 0x00, 0x00, 0x00, 0x00, 0x2E, 0x00, 0x00, 0x04, 0x01, 0x41,
	0x4A, 0x00, 0x0A, 0x00, 0x00, 0x80, 0x40, 0x00, 0x00, 0x20, 0x02, 0x02, 0xED, 0x00, 0xE0, 0x00,
	0x00, 0x40, 0x03, 0x32, 0xE3, 0x88, 0x00, 0x00, 0x80, 0x01, 0xE8, 0x01, 0x00, 0x80, 0x00, 0x00,
	0x00, 0x00, 0x05, 0x00, 0x00, 0x00, 0x00, 0x04, 0x00, 0x02, 0x00, 0x00, 0x00, 0x00, 0x00, 0x34,
	0x02, 0x00, 0x02, 0x00, 0x08, 0x00, 0x00, 0x00, 0x00, 0x08, 0x00, 0x00, 0x00, 0x00, 0x40, 0x00,
	0x30, 0x00, 0x20, 0xD8, 0x00, 0x00, 0x00, 0x80, 0x00, 0x00, 0x02, 0x40, 0x00, 0x06, 0x02, 0x80,
	0x00, 0x08, 0x20, 0x60, 0x00, 0x01, 0x80, 0x00, 0x00, 0x00, 0x00, 0x00, 0x30, 0x08, 0x00, 0x18,
	0x00, 0x05, 0x80, 0xC0, 0x00, 0x00, 0x01, 0x63, 0x80, 0x03, 0x00, 0x00, 0x14, 0xC0, 0x00, 0x00,
	0x0C, 0x00, 0x00, 0x00, 0x00, 0x00, 0x00, 0x00, 0x00, 0x00, 0x05, 0x04, 0x00, 0xA0, 0x00, 0x00,
	0x00, 0x00, 0x2C, 0x00, 0x00, 0x00, 0x02, 0x14, 0x01, 0xE0, 0x00, 0x00, 0x00, 0x00, 0x00, 0x00,
	0x02, 0x00, 0x00, 0x00, 0x00, 0x00, 0x00, 0x30, 0xE2, 0x40, 0x00, 0x00, 0x00, 0x00, 0x00, 0x00,
	0x0C, 0x00, 0x00, 0x04, 0x08, 0x00, 0x01, 0x00, 0x00, 0x00, 0x00, 0x00, 0x40, 0x00, 0x00, 0x00,
	0x00, 0x00, 0x78, 0x01, 0x80, 0x00, 0x00, 0x00, 0x00, 0x00, 0x66, 0x00, 0x00, 0x00, 0x00, 0x00,
	0x00, 0x00, 0x00, 0x00, 0x00, 0x00, 0x00, 0x01, 0x00, 0x28, 0x00, 0x00, 0x00, 0x00, 0x08, 0x01,
	0x00, 0x00, 0x11, 0x00, 0x10, 0x6C, 0x02, 0x40, 0x00, 0x00, 0x01, 0x76, 0xB0, 0x1C, 0x60, 0x80,
	0x02, 0x40, 0x12, 0x40, 0x02, 0x80, 0x00, 0x20, 0xF3, 0x40, 0x01, 0xFA, 0x14, 0x00, 0x00, 0x00,
	0x02, 0x00, 0x00, 0x40, 0x00, 0x00, 0x0C, 0x08, 0x00, 0x1A, 0x00, 0x00, 0x08, 0x00, 0x02, 0x40,
	0x00, 0x00, 0x00, 0x0A, 0x2E, 0x7A, 0x00, 0xE8, 0x14, 0x20, 0x2E, 0x09, 0xB9, 0x40, 0x10, 0x00,
	0x00, 0x8F, 0x00, 0x01, 0x1C, 0x00, 0x80, 0x00, 0x02, 0x00, 0x02, 0x00, 0x00, 0x23, 0x40, 0x00,
	0x02, 0x00, 0x02, 0x00, 0x00, 0x00, 0x00, 0x00, 0x30, 0x23, 0x80, 0x50, 0x00, 0x28, 0x02, 0x91,
	0x00, 0x01, 0x00, 0x00, 0x00, 0x00, 0x02, 0x00, 0x00, 0x00, 0x00, 0x00, 0x00, 0xF0, 0x90, 0x00,
	0x00, 0x00, 0x00, 0x02, 0x00, 0x03, 0x16, 0x64, 0x00, 0x00, 0x18, 0x21, 0x40, 0x00, 0x00, 0x00,
	0x00, 0x00, 0x04, 0x00, 0x02, 0x04, 0x01, 0x41, 0x41, 0x98, 0x00, 0x08, 0x00, 0x00, 0x00, 0x01,
	0xC0, 0x00, 0x00, 0x00, 0x00, 0x00, 0x03, 0x9C, 0x08, 0x00, 0x00, 0x00, 0x00, 0x00, 0x00, 0x01,
	0xC2, 0x00, 0x00, 0x00, 0x00, 0x00, 0x00, 0x90, 0x10, 0x00, 0x00, 0x26, 0xC0, 0x08, 0x00, 0x00,
	0x10, 0x95, 0xB7, 0x00, 0x00, 0x00, 0x00, 0x00, 0x07, 0x40, 0x01, 0x02, 0x0A, 0x00, 0x92, 0xCF,
	0x00, 0xFA, 0x02, 0x00, 0x00, 0x30, 0x00, 0x00, 0x00, 0x00, 0x04, 0x00, 0x00, 0x00, 0x00, 0x00,
	0x50, 0xA0, 0x14, 0x00, 0x00, 0x3E, 0x71, 0x70, 0x00, 0x00, 0x00, 0x08, 0x00, 0xA2, 0xC0, 0x08,
	0x0A, 0x50, 0x20, 0x00, 0x20, 0x00, 0x00, 0x06, 0x20, 0x00, 0x01, 0x08, 0x20, 0x00, 0x00, 0x09,
	0x05, 0xF0, 0xA8, 0x02, 0x00, 0x03, 0x00, 0x00, 0x00, 0x0D, 0xB0, 0x00, 0x0C, 0x00, 0x21, 0xE4,
	0x00, 0x13, 0x00, 0x3E, 0x85, 0x81, 0x0A, 0x08, 0x08, 0x00, 0xBD, 0xF0, 0x00, 0x25, 0x00, 0x30,
	0x00, 0x28, 0x00, 0x78, 0x00, 0x00, 0xC0, 0x00, 0x00, 0x08, 0xAF, 0x30, 0x00, 0x3C, 0x00, 0x30,
	0x00, 0x00, 0x00, 0x78, 0x80, 0x00, 0x80, 0x00, 0x1C, 0x78, 0x02, 0x20, 0x03, 0xE2, 0xEC, 0x00,
	0xE1, 0xC0, 0xC0, 0x4B, 0xD8, 0x28, 0x00, 0x48, 0x03, 0x80, 0x02, 0x8F, 0xA7, 0x8E, 0x40, 0x08,
	0x00, 0x00, 0x00, 0x02, 0x00, 0x40, 0x00, 0x00, 0x04, 0x00, 0x00, 0x00, 0x0D, 0x00, 0x00, 0x14,
	0x2D, 0x38, 0x03, 0x43, 0x01, 0x00, 0x00, 0x00, 0xB1, 0x08, 0x40, 0x94, 0x9A, 0x20, 0x04, 0x2C,
	0x30, 0x05, 0x10, 0x00, 0x00, 0x00, 0x00, 0x00, 0x01, 0x00, 0x00, 0x00, 0x06, 0x00, 0x07, 0x80,
	0x00, 0x00, 0x50, 0x00, 0x00, 0x00, 0x00, 0x00, 0x01, 0x00, 0x06, 0xC0, 0x06, 0xE8, 0x50, 0x0A,
	0x94, 0x1A, 0x99, 0x9A, 0x05, 0x01, 0x20, 0x00, 0x62, 0x06, 0x40, 0x25, 0x00, 0x00, 0x00, 0x00,
	0x00, 0x20, 0x94, 0x00, 0x02, 0x00, 0x00, 0x00, 0x80, 0x00, 0x00, 0x00, 0x02, 0x08, 0x00, 0x00,
	0x10, 0x40, 0x00, 0x01, 0x2A, 0xE3, 0x46, 0x00, 0x04, 0x02, 0x1D, 0x05, 0x08, 0xA0, 0x00, 0x02,
	0x20, 0x04, 0x3E, 0x00, 0x00, 0x00, 0x12, 0xA8, 0x10, 0x01, 0x08, 0x00, 0x00, 0x00, 0x00, 0x02,
	0x08, 0x58, 0x00, 0x80, 0x00, 0x00, 0x28, 0x00, 0x08, 0x00, 0xA2, 0x00, 0x00, 0x80, 0x3E, 0x04,
	0x08, 0x00, 0x00, 0x20, 0x78, 0x00, 0x14, 0x14, 0x00, 0x20, 0x00, 0x73, 0xE0, 0x00, 0x00, 0x00,
	0xAA, 0x9C, 0xC0, 0x1C, 0x40, 0x00, 0x00, 0x00, 0x01, 0x8C, 0xBD, 0xC0, 0x03, 0xC1, 0x00, 0x40,
	0x88, 0x00, 0x00, 0x00, 0x00, 0x0C, 0x00, 0x30, 0x42, 0x46, 0x0B, 0x00, 0x84, 0x00, 0xF7, 0x18,
	0x00, 0x2E, 0x08, 0x10, 0x02, 0x40, 0x00, 0x00, 0x00, 0x01, 0x13, 0xED, 0x00, 0x00, 0x00, 0xC0,
	0x00, 0x00, 0x80, 0xCB, 0x32, 0x80, 0x60, 0x00, 0x00, 0x18, 0x00, 0x18, 0x00, 0x80, 0x04, 0x80,
	0x00, 0x00, 0x78, 0x00, 0x30, 0x08, 0x00, 0x01, 0x00, 0xF0, 0x00, 0x98, 0xA0, 0x00, 0x01, 0x60,
	0x00, 0x00, 0x00, 0x04, 0x5C, 0xC0, 0x18, 0x1C, 0x08, 0x00, 0x00, 0x01, 0x03, 0xC3, 0x00, 0x02,
	0xC0, 0x00, 0x04, 0x00, 0x02, 0xA0, 0x00, 0x00, 0x00, 0x00, 0x2C, 0x00, 0x00, 0x00, 0x40, 0x00,
	0x5F, 0x0D, 0x10, 0x1C, 0x00, 0x10, 0x00, 0x77, 0xC0, 0x00, 0x02, 0x00, 0x00, 0x00, 0x00, 0x78,
	0xF0, 0x00, 0x00, 0x00, 0x01, 0x80, 0x3C, 0x80, 0x00, 0x04, 0x00, 0x00, 0x40, 0x15, 0x5A, 0x00,
	0x00, 0x00, 0x00, 0x00, 0x40, 0x20, 0x00, 0x00, 0x20, 0x07, 0x5C, 0x00, 0xA0, 0x04, 0x00, 0x01,
	0x05, 0x34, 0x06, 0x80, 0x10, 0x00, 0x00, 0x00, 0x03, 0x9E, 0x00, 0x00, 0x00, 0x00, 0x00, 0x00,
	0x07, 0x00, 0x02, 0xC0, 0x00, 0x00, 0x80, 0x04, 0x00, 0x80, 0x01, 0x40, 0x00, 0x7C, 0x63, 0xC8,
	0x00, 0x00, 0x20, 0x7C, 0xB1, 0x0C, 0x00, 0x00, 0x04, 0x00, 0x08, 0x04, 0x02, 0x00, 0x00, 0x00,
	0x00, 0x4E, 0x00, 0xF0, 0x00, 0x00, 0x00, 0x00, 0x02, 0x40, 0x80, 0x00, 0x04, 0x00, 0x02, 0x09,
	0x02, 0x00, 0x78, 0x00, 0x0C, 0x08, 0x02, 0xC4, 0x21, 0x01, 0x00, 0x01, 0x08, 0x00, 0x10, 0x08,
	0x00, 0x20, 0x20, 0x83, 0x80, 0x00, 0x10, 0x40, 0x00, 0x20, 0x61, 0x81, 0x80, 0x0C, 0x00, 0x00,
	0x02, 0x00, 0x00, 0x00, 0x00, 0x43, 0xC0, 0x00, 0x00, 0x88, 0x01, 0x03, 0x0E, 0x00, 0x00, 0x00,
	0x38, 0x00, 0x00, 0x00, 0x20, 0x89, 0x5C, 0xD0, 0x00, 0x20, 0x02, 0x80, 0x00, 0x90, 0x00, 0x20,
	0x02, 0x00, 0x00, 0x00, 0x00, 0x00, 0xE0, 0x00, 0x00, 0x00, 0x00, 0x02, 0x08, 0x70, 0x20, 0x04,
	0x00, 0x02, 0x08, 0x00, 0x1C, 0x80, 0x10, 0x00, 0x00, 0x00, 0x00, 0x20, 0x00, 0x00, 0x08, 0x08,
	0xDF, 0x01, 0xA4, 0x00, 0x08, 0x64, 0x00, 0x01, 0x60, 0x00, 0x50, 0x00, 0x00, 0x00, 0x07, 0x0A,
	0x00, 0x00, 0x00, 0x00, 0x00, 0x00, 0x00, 0x80, 0x02, 0x20, 0x00, 0x00, 0x0B, 0xF4, 0xA0, 0x0A,
	0x18, 0x00, 0x00, 0x38, 0x00, 0x06, 0x00, 0x00, 0x80, 0x00, 0x00, 0x90, 0x80, 0x00, 0x00, 0x33,
	0x50, 0x00, 0x00, 0x05, 0x00, 0x00, 0x00, 0x00, 0x09, 0x04, 0x00, 0x00, 0x00, 0x30, 0x02, 0x08,
	0x30, 0x00, 0x04, 0x40, 0x00, 0x12, 0x3D, 0xEB, 0x01, 0xE2, 0x00, 0x00, 0x00, 0x44, 0x02, 0x84,
	0x00, 0x08, 0x20, 0xE0, 0x51, 0xC0, 0x00, 0x00, 0x0C, 0xC1, 0x68, 0x07, 0x80, 0x20, 0x00, 0x02,
	0x0E, 0x05, 0x1E, 0x00, 0x00, 0x00, 0x00, 0x00, 0x00, 0x00, 0x03, 0x40, 0x00, 0x00, 0x80, 0x88,
	0x01, 0x05, 0x00, 0x00, 0x08, 0x00, 0x28, 0x20, 0x00, 0x22, 0x00, 0x20, 0x54, 0xB1, 0x10, 0xF0,
	0x08, 0x00, 0x33, 0x70, 0x02, 0x2C, 0x02, 0x38, 0x00, 0xD1, 0xEB, 0x00, 0x08, 0x00, 0x00, 0x00,
	0x00, 0x02, 0x08, 0x58, 0x06, 0x00, 0x00, 0x00, 0x08, 0x00, 0x18, 0x00, 0xA0, 0x00, 0xC0, 0x00,
	0x0E, 0x38, 0x14, 0x20, 0x00, 0x00, 0x19, 0x80, 0xA6, 0x00, 0x80, 0x1C, 0xC1, 0x61, 0x60, 0x00,
	0x52, 0x04, 0x8E, 0x2E, 0x10, 0x00, 0x00, 0x00, 0x80, 0x00, 0x00, 0x00, 0x00, 0x00, 0x00, 0x00,
	0x04, 0x00, 0x00, 0x00, 0x00, 0x9B, 0x14, 0x10, 0x0B, 0x30, 0x03, 0xA0, 0x04, 0x00, 0x80, 0x02,
	0x0F, 0x10, 0x00, 0x04, 0x00, 0x33, 0xB8, 0x00, 0x00, 0x00, 0x40, 0x48, 0x40, 0x09, 0x08, 0xA0,
	0x11, 0x40, 0x00, 0x00, 0x00, 0x00, 0x00, 0x00, 0x00, 0x00, 0x50, 0x00, 0x00, 0x00, 0x50, 0xA0,
	0x01, 0x40, 0x86, 0x40, 0x05, 0x00, 0x40, 0x08, 0x20, 0x60, 0x00, 0xA0, 0x01, 0x40, 0x1C, 0xC7,
	0xE8, 0x07, 0x80, 0x05, 0x20, 0x80, 0x00, 0x13, 0x9B, 0x00, 0xB4, 0x00, 0x00, 0x00, 0x00, 0x07,
	0x00, 0x00, 0x00, 0x00, 0x00, 0x00, 0x00, 0x00, 0x00, 0x00, 0x00, 0x03, 0x34, 0xC3, 0xC2, 0x00,
	0x20, 0x3F, 0xC0, 0xAB, 0x00, 0x00, 0x00, 0x40, 0x00, 0xF0, 0x0E, 0x00, 0x00, 0x00, 0x00, 0x80,
	0x00, 0x00, 0x00, 0x10, 0x00, 0x00, 0x00, 0x02, 0x40, 0x80, 0x00, 0x00, 0x00, 0x00, 0x00, 0x00,
	0x00, 0x00, 0x00, 0x00, 0x00, 0x80, 0x60, 0x04, 0x02, 0x02, 0x02, 0x94, 0x18, 0x80, 0x01, 0xC0,
	0x00, 0x10, 0x08, 0x03, 0xE0, 0x00, 0x50, 0x00, 0x00, 0x00, 0xC0, 0x00, 0x00, 0x80, 0x00, 0x00,
	0x62, 0x00, 0x3F, 0x72, 0x00, 0x80, 0x11, 0x00, 0x82, 0x00, 0x00, 0x01, 0x03, 0x00, 0x00, 0x00,
	0x00, 0x00, 0x00, 0x00, 0x00, 0x00, 0x00, 0x00, 0x00, 0x00, 0x00, 0x00, 0x00, 0x00, 0x00, 0x00,
	0x00, 0x00, 0x00, 0x00, 0x00, 0x00, 0x00, 0x00, 0x00, 0x00, 0x00, 0x00, 0x00, 0x00, 0x00, 0x00,
	0x00, 0x00, 0x00, 0x00, 0x00, 0x00, 0x00, 0x00, 0x00, 0x00, 0x00, 0x00, 0x00, 0x00, 0x00, 0x00,
	0x00, 0x00, 0x00, 0x00, 0x00, 0x00, 0x00, 0x00, 0x00, 0x00, 0x00, 0x00, 0x00, 0x00, 0x00, 0x00,
	0x00, 0x00, 0x00, 0x00, 0x00, 0x00, 0x00, 0x00, 0x00, 0x00, 0x00, 0x00, 0x00, 0x00, 0x00, 0x00,
	0x00, 0x00, 0x00, 0x00, 0x00, 0x00, 0x00, 0x00, 0x00, 0x00, 0x00, 0x00, 0x00, 0x00, 0x00, 0x00,
	0x00, 0x00, 0x00, 0x00, 0x00, 0x00, 0x00, 0x00, 0x00, 0x00, 0x00, 0x00, 0x00, 0x00, 0x00, 0x00,
	0x00, 0x00, 0x00, 0x00, 0x00, 0x00, 0x00, 0x00, 0x00, 0x00, 0x00, 0x00, 0x00, 0x00, 0x00, 0x00,
	0x00, 0x00, 0x00, 0x00, 0x00, 0x00, 0x00, 0x00, 0x00, 0x00, 0x00, 0x00, 0x00, 0x00, 0x00, 0x00,
	0x00, 0x00, 0x00, 0x00, 0x00, 0x00, 0x00, 0x00, 0x00, 0x00, 0x00, 0x00, 0x00, 0x00, 0x00, 0x00,
	0x00, 0x00, 0x00, 0x00, 0x00, 0x00, 0x00, 0x00, 0x00, 0x00, 0x00, 0x00, 0x00, 0x00, 0x00, 0x00,
	0x00, 0x00, 0x00, 0x00, 0x00, 0x00, 0x00, 0x00, 0x00, 0x00, 0x00, 0x00, 0x00, 0x00, 0x00, 0x00,
	0x00, 0x00, 0x00, 0x00, 0x00, 0x00, 0x00, 0x00, 0x00, 0x00, 0x00, 0x00, 0x00, 0x00, 0x00, 0x00,
	0x00, 0x00, 0x00, 0x00, 0x00, 0x00, 0x00, 0x00, 0x00, 0x00, 0x00, 0x00, 0x00, 0x00, 0x00, 0x00,
	0x00, 0x00, 0x00, 0x00, 0x00, 0x00, 0x00, 0x00, 0x00, 0x00, 0x00, 0x00, 0x00, 0x00, 0x00, 0x00,
	0x00, 0x00, 0x00, 0x00, 0x00, 0x00, 0x00, 0x00, 0x00, 0x00, 0x00, 0x00, 0x00, 0x00, 0x00, 0x00,
	0x00, 0x00, 0x00, 0x00, 0x00, 0x00, 0x00, 0x00, 0x00, 0x00, 0x00, 0x00, 0x00, 0x00, 0x00, 0x00,
	0x00, 0x00, 0x00, 0x00, 0x00, 0x00, 0x00, 0x00, 0x00, 0x00, 0x00, 0x00, 0x00, 0x00, 0x00, 0x00,
	0x00, 0x00, 0x00, 0x00, 0x00, 0x00, 0x00, 0x00, 0x00, 0x00, 0x00, 0x00, 0x00, 0x00, 0x00, 0x00,
	0x00, 0x00, 0x00, 0x00, 0x00, 0x00, 0x00, 0x00, 0x00, 0x00, 0x00, 0x00, 0x00, 0x00, 0x00, 0x00,
	0x00, 0x00, 0x00, 0x00, 0x00, 0x00, 0x00, 0x00, 0x00, 0x00, 0x00, 0x00, 0x00, 0x00, 0x00, 0x00,
	0x00, 0x00, 0x00, 0x00, 0x00, 0x00, 0x00, 0x00, 0x00, 0x00, 0x00, 0x00, 0x00, 0x00, 0x00, 0x00,
	0x00, 0x00, 0x00, 0x00, 0x00, 0x00, 0x00, 0x00, 0x00, 0x00, 0x00, 0x00, 0x00, 0x00, 0x00, 0x00,
	0x00, 0x00, 0x00, 0x00, 0x00, 0x00, 0x00, 0x00, 0x00, 0x00, 0x00, 0x00, 0x00, 0x00, 0x00, 0x00,
	0x00, 0x00, 0x00, 0x00, 0x00, 0x00, 0x00, 0x00, 0x00, 0x00, 0x00, 0x00, 0x00, 0x00, 0x00, 0x00,
	0x00, 0x00, 0x00, 0x00, 0x00, 0x00, 0x00, 0x00, 0x00, 0x00, 0x00, 0x00, 0x00, 0x00, 0x00, 0x00,
	0x00, 0x00, 0x00, 0x00, 0x00, 0x00, 0x00, 0x00, 0x00, 0x00, 0x00, 0x00, 0x00, 0x00, 0x00, 0x00,
	0x00, 0x00, 0x00, 0x00, 0x00, 0x00, 0x00, 0x00, 0x00, 0x00, 0x00, 0x00, 0x00, 0x00, 0x00, 0x00,
	0x00, 0x00, 0x00, 0x00, 0x00, 0x00, 0x00, 0x00, 0x00, 0x00, 0x00, 0x00, 0x00, 0x00, 0x00, 0x00,
	0x00, 0x00, 0x00, 0x00, 0x00, 0x00, 0x00, 0x00, 0x00, 0x00, 0x00, 0x00, 0x00, 0x00, 0x00, 0x00,
	0x00, 0x00, 0x00, 0x00, 0x00, 0x00, 0x00, 0x00, 0x00, 0x00, 0x00, 0x00, 0x00, 0x00, 0x00, 0x00,
	0x00, 0x00, 0x00, 0x00, 0x00, 0x00, 0x00, 0x00, 0x00, 0x00, 0x00, 0x00, 0x00, 0x00, 0x00, 0x00,
	0x00, 0x00, 0x00, 0x00, 0x00, 0x00, 0x00, 0x00, 0x00, 0x00, 0x00, 0x00, 0x00, 0x00, 0x00, 0x00,
	0x00, 0x00, 0x00, 0x00, 0x00, 0x00, 0x00, 0x00, 0x00, 0x00, 0x00, 0x00, 0x00, 0x00, 0x00, 0x00,
	0x00, 0x00, 0x00, 0x00, 0x00, 0x00, 0x00, 0x00, 0x00, 0x00, 0x00, 0x00, 0x00, 0x00, 0x00, 0x00,
	0x00, 0x00, 0x00, 0x00, 0x00, 0x00, 0x00, 0x00, 0x00, 0x00, 0x00, 0x00, 0x00, 0x00, 0x00, 0x00,
	0x00, 0x00, 0x00, 0x00, 0x00, 0x00, 0x00, 0x00, 0x00, 0x00, 0x00, 0x00, 0x00, 0x00, 0x00, 0x00,
	0x00, 0x00, 0x00, 0x00, 0x00, 0x00, 0x00, 0x00, 0x00, 0x00, 0x00, 0x00, 0x00, 0x00, 0x00, 0x00,
	0x00, 0x00, 0x00, 0x00, 0x00, 0x00, 0x00, 0x00, 0x00, 0x00, 0x00, 0x00, 0x00, 0x00, 0x00, 0x00,
	0x00, 0x00, 0x00, 0x00, 0x00, 0x00, 0x00, 0x00, 0x00, 0x00, 0x00, 0x00, 0x00, 0x00, 0x00, 0x00,
	0x00, 0x00, 0x00, 0x00, 0x00, 0x00, 0x00, 0x00, 0x00, 0x00, 0x00, 0x00, 0x00, 0x00, 0x00, 0x00,
	0x00, 0x00, 0x00, 0x00, 0x00, 0x00, 0x00, 0x00, 0x00, 0x00, 0x00, 0x00, 0x00, 0x00, 0x00, 0x00,
	0x00, 0x00, 0x00, 0x00, 0x00, 0x00, 0x00, 0x00, 0x00, 0x00, 0x00, 0x00, 0x00, 0x00, 0x00, 0x00,
	0x00, 0x00, 0x00, 0x00, 0x00, 0x00, 0x00, 0x00, 0x00, 0x00, 0x00, 0x00, 0x00, 0x00, 0x00, 0x00,
	0x00, 0x00, 0x00, 0x00, 0x00, 0x00, 0x00, 0x00, 0x00, 0x00, 0x00, 0x00, 0x00, 0x00, 0x00, 0x00,
	0x00, 0x00, 0x00, 0x00, 0x00, 0x00, 0x00, 0x00, 0x00, 0x00, 0x00, 0x00, 0x00, 0x00, 0x00, 0x00,
	0x00, 0x00, 0x00, 0x00, 0x00, 0x00, 0x00, 0x00, 0x00, 0x00, 0x00, 0x00, 0x00, 0x00, 0x00, 0x00,
	0x00, 0x00, 0x00, 0x00, 0x00, 0x00, 0x00, 0x00, 0x00, 0x00, 0x00, 0x00, 0x00, 0x00, 0x00, 0x00,
	0x00, 0x00, 0x00, 0x00, 0x00, 0x00, 0x00, 0x00, 0x00, 0x00, 0x00, 0x00, 0x00, 0x00, 0x00, 0x00,
	0x00, 0x00, 0x00, 0x00, 0x00, 0x00, 0x00, 0x00, 0x00, 0x00, 0x00, 0x00, 0x00, 0x00, 0x00, 0x00,
	0x00, 0x00, 0x00, 0x00, 0x00, 0x00, 0x00, 0x00, 0x00, 0x00, 0x00, 0x00, 0x00, 0x00, 0x00, 0x00,
	0x00, 0x00, 0x00, 0x00, 0x00, 0x00, 0x00, 0x00, 0x00, 0x00, 0x00, 0x00, 0x00, 0x00, 0x00, 0x00,
	0x00, 0x00, 0x00, 0x00, 0x00, 0x00, 0x00, 0x00, 0x00, 0x00, 0x00, 0x00, 0x00, 0x00, 0x00, 0x00,
	0x00, 0x00, 0x00, 0x00, 0x00, 0x00, 0x00, 0x00, 0x00, 0x00, 0x00, 0x00, 0x00, 0x00, 0x00, 0x00,
	0x00, 0x00, 0x00, 0x00, 0x00, 0x00, 0x00, 0x00, 0x00, 0x00, 0x00, 0x00, 0x00, 0x00, 0x00, 0x00,
	0x00, 0x00, 0x00, 0x00, 0x00, 0x00, 0x00, 0x00, 0x00, 0x00, 0x00, 0x00, 0x00, 0x00, 0x00, 0x00,
	0x00, 0x00, 0x00, 0x00, 0x00, 0x00, 0x00, 0x00, 0x00, 0x00, 0x00, 0x00, 0x00, 0x00, 0x00, 0x00,
	0x00, 0x00, 0x00, 0x00, 0x00, 0x00, 0x00, 0x00, 0x00, 0x00, 0x00, 0x00, 0x00, 0x00, 0x00, 0x00,
	0x00, 0x00, 0x00, 0x00, 0x00, 0x00, 0x00, 0x00, 0x00, 0x00, 0x00, 0x00, 0x00, 0x00, 0x00, 0x00,
	0x00, 0x00, 0x00, 0x00, 0x00, 0x00, 0x00, 0x00, 0x00, 0x00, 0x00, 0x00, 0x00, 0x00, 0x00, 0x00,
	0x00, 0x00, 0x00, 0x00, 0x00, 0x00, 0x00, 0x00, 0x00, 0x00, 0x00, 0x00, 0x00, 0x00, 0x00, 0x00,
	0x00, 0x00, 0x00, 0x00, 0x00, 0x00, 0x00, 0x00, 0x00, 0x00, 0x00, 0x00, 0x00, 0x00, 0x00, 0x00,
	0x00, 0x00, 0x00, 0x00, 0x00, 0x00, 0x00, 0x00, 0x00, 0x00, 0x00, 0x00, 0x00, 0x00, 0x00, 0x00,
	0x00, 0x00, 0x00, 0x00, 0x00, 0x00, 0x00, 0x00, 0x00, 0x00, 0x00, 0x00, 0x00, 0x00, 0x00, 0x82,
	0x00, 0x80, 0x01, 0x03, 0x00, 0x00, 0x00, 0x00, 0x00, 0x00, 0x00, 0x00, 0x00, 0x00, 0x00, 0x00,
	0x00, 0x00, 0x00, 0x00, 0x00, 0x00, 0x00, 0x00, 0x00, 0x00, 0x00, 0x00, 0x00, 0x00, 0x00, 0x00,
	0x00, 0x00, 0x00, 0x00, 0x00, 0x00, 0x00, 0x00, 0x00, 0x00, 0x00, 0x00, 0x00, 0x00, 0x00, 0x00,
	0x00, 0x00, 0x00, 0x00, 0x00, 0x00, 0x00, 0x00, 0x00, 0x00, 0x00, 0x00, 0x00, 0x00, 0x00, 0x00,
	0x00, 0x00, 0x00, 0x00, 0x00, 0x00, 0x00, 0x00, 0x00, 0x00, 0x00, 0x00, 0x00, 0x00, 0x00, 0x00,
	0x00, 0x00, 0x00, 0x00, 0x00, 0x00, 0x00, 0x00, 0x00, 0x00, 0x00, 0x00, 0x00, 0x00, 0x00, 0x00,
	0x00, 0x00, 0x00, 0x00, 0x00, 0x00, 0x00, 0x00, 0x00, 0x00, 0x00, 0x00, 0x00, 0x00, 0x00, 0x00,
	0x00, 0x00, 0x00, 0x00, 0x00, 0x00, 0x00, 0x00, 0x00, 0x00, 0x00, 0x00, 0x00, 0x00, 0x00, 0x00,
	0x00, 0x00, 0x00, 0x00, 0x00, 0x00, 0x00, 0x00, 0x00, 0x00, 0x00, 0x00, 0x00, 0x00, 0x00, 0x00,
	0x00, 0x00, 0x00, 0x00, 0x00, 0x00, 0x00, 0x00, 0x00, 0x00, 0x00, 0x00, 0x00, 0x00, 0x00, 0x00,
	0x00, 0x00, 0x00, 0x00, 0x00, 0x00, 0x00, 0x00, 0x00, 0x00, 0x00, 0x00, 0x00, 0x00, 0x00, 0x00,
	0x00, 0x00, 0x00, 0x00, 0x00, 0x00, 0x00, 0x00, 0x00, 0x00, 0x00, 0x00, 0x00, 0x00, 0x00, 0x00,
	0x00, 0x00, 0x00, 0x00, 0x00, 0x00, 0x00, 0x00, 0x00, 0x00, 0x00, 0x00, 0x00, 0x00, 0x00, 0x00,
	0x00, 0x00, 0x00, 0x00, 0x00, 0x00, 0x00, 0x00, 0x00, 0x00, 0x00, 0x00, 0x00, 0x00, 0x00, 0x00,
	0x00, 0x00, 0x00, 0x00, 0x00, 0x00, 0x00, 0x00, 0x00, 0x00, 0x00, 0x00, 0x00, 0x00, 0x00, 0x00,
	0x00, 0x00, 0x00, 0x00, 0x00, 0x00, 0x00, 0x00, 0x00, 0x00, 0x00, 0x00, 0x00, 0x00, 0x00, 0x00,
	0x00, 0x00, 0x00, 0x00, 0x00, 0x00, 0x00, 0x00, 0x00, 0x00, 0x00, 0x00, 0x00, 0x00, 0x00, 0x00,
	0x00, 0x00, 0x00, 0x00, 0x00, 0x00, 0x00, 0x00, 0x00, 0x00, 0x00, 0x00, 0x00, 0x00, 0x00, 0x00,
	0x00, 0x00, 0x00, 0x00, 0x00, 0x00, 0x00, 0x00, 0x00, 0x00, 0x00, 0x00, 0x00, 0x00, 0x00, 0x00,
	0x00, 0x00, 0x00, 0x00, 0x00, 0x00, 0x00, 0x00, 0x00, 0x00, 0x00, 0x00, 0x00, 0x00, 0x00, 0x00,
	0x00, 0x00, 0x00, 0x00, 0x00, 0x00, 0x00, 0x00, 0x00, 0x00, 0x00, 0x00, 0x00, 0x00, 0x00, 0x00,
	0x00, 0x00, 0x00, 0x00, 0x00, 0x00, 0x00, 0x00, 0x00, 0x00, 0x00, 0x00, 0x00, 0x00, 0x00, 0x00,
	0x00, 0x00, 0x00, 0x00, 0x00, 0x00, 0x00, 0x00, 0x00, 0x00, 0x00, 0x00, 0x00, 0x00, 0x00, 0x00,
	0x00, 0x00, 0x00, 0x00, 0x00, 0x00, 0x00, 0x00, 0x00, 0x00, 0x00, 0x00, 0x00, 0x00, 0x00, 0x00,
	0x00, 0x00, 0x00, 0x00, 0x00, 0x00, 0x00, 0x00, 0x00, 0x00, 0x00, 0x00, 0x00, 0x00, 0x00, 0x00,
	0x00, 0x00, 0x00, 0x00, 0x00, 0x00, 0x00, 0x00, 0x00, 0x00, 0x00, 0x00, 0x00, 0x00, 0x00, 0x00,
	0x00, 0x00, 0x00, 0x00, 0x00, 0x00, 0x00, 0x00, 0x00, 0x00, 0x00, 0x00, 0x00, 0x00, 0x00, 0x00,
	0x00, 0x00, 0x00, 0x00, 0x00, 0x00, 0x00, 0x00, 0x00, 0x00, 0x00, 0x00, 0x00, 0x00, 0x00, 0x00,
	0x00, 0x00, 0x00, 0x00, 0x00, 0x00, 0x00, 0x00, 0x00, 0x00, 0x00, 0x00, 0x00, 0x00, 0x00, 0x00,
	0x00, 0x00, 0x00, 0x00, 0x00, 0x00, 0x00, 0x00, 0x00, 0x00, 0x00, 0x00, 0x00, 0x00, 0x00, 0x00,
	0x00, 0x00, 0x00, 0x00, 0x00, 0x00, 0x00, 0x00, 0x00, 0x00, 0x00, 0x00, 0x00, 0x00, 0x00, 0x00,
	0x00, 0x00, 0x00, 0x00, 0x00, 0x00, 0x00, 0x00, 0x00, 0x00, 0x00, 0x00, 0x00, 0x00, 0x00, 0x00,
	0x00, 0x00, 0x00, 0x00, 0x00, 0x00, 0x00, 0x00, 0x00, 0x00, 0x00, 0x00, 0x00, 0x00, 0x00, 0x00,
	0x00, 0x00, 0x00, 0x00, 0x00, 0x00, 0x00, 0x00, 0x00, 0x00, 0x00, 0x00, 0x00, 0x00, 0x00, 0x00,
	0x00, 0x00, 0x00, 0x00, 0x00, 0x00, 0x00, 0x00, 0x00, 0x00, 0x00, 0x00, 0x00, 0x00, 0x00, 0x00,
	0x00, 0x00, 0x00, 0x00, 0x00, 0x00, 0x00, 0x00, 0x00, 0x00, 0x00, 0x00, 0x00, 0x00, 0x00, 0x00,
	0x00, 0x00, 0x00, 0x00, 0x00, 0x00, 0x00, 0x00, 0x00, 0x00, 0x00, 0x00, 0x00, 0x00, 0x00, 0x00,
	0x00, 0x00, 0x00, 0x00, 0x00, 0x00, 0x00, 0x00, 0x00, 0x00, 0x00, 0x00, 0x00, 0x00, 0x00, 0x00,
	0x00, 0x00, 0x00, 0x00, 0x00, 0x00, 0x00, 0x00, 0x00, 0x00, 0x00, 0x00, 0x00, 0x00, 0x00, 0x00,
	0x00, 0x00, 0x00, 0x00, 0x00, 0x00, 0x00, 0x00, 0x00, 0x00, 0x00, 0x00, 0x00, 0x00, 0x00, 0x00,
	0x00, 0x00, 0x00, 0x00, 0x00, 0x00, 0x00, 0x00, 0x00, 0x00, 0x00, 0x00, 0x00, 0x00, 0x00, 0x00,
	0x00, 0x00, 0x00, 0x00, 0x00, 0x00, 0x00, 0x00, 0x00, 0x00, 0x00, 0x00, 0x00, 0x00, 0x00, 0x00,
	0x00, 0x00, 0x00, 0x00, 0x00, 0x00, 0x00, 0x00, 0x00, 0x00, 0x00, 0x00, 0x00, 0x00, 0x00, 0x00,
	0x00, 0x00, 0x00, 0x00, 0x00, 0x00, 0x00, 0x00, 0x00, 0x00, 0x00, 0x00, 0x00, 0x00, 0x00, 0x00,
	0x00, 0x00, 0x00, 0x00, 0x00, 0x00, 0x00, 0x00, 0x00, 0x00, 0x00, 0x00, 0x00, 0x00, 0x00, 0x00,
	0x00, 0x00, 0x00, 0x00, 0x00, 0x00, 0x00, 0x00, 0x00, 0x00, 0x00, 0x00, 0x00, 0x00, 0x00, 0x00,
	0x00, 0x00, 0x00, 0x00, 0x00, 0x00, 0x00, 0x00, 0x00, 0x00, 0x00, 0x00, 0x00, 0x00, 0x00, 0x00,
	0x00, 0x00, 0x00, 0x00, 0x00, 0x00, 0x00, 0x00, 0x00, 0x00, 0x00, 0x00, 0x00, 0x00, 0x00, 0x00,
	0x00, 0x00, 0x00, 0x00, 0x00, 0x00, 0x00, 0x00, 0x00, 0x00, 0x00, 0x00, 0x00, 0x00, 0x00, 0x00,
	0x00, 0x00, 0x00, 0x00, 0x00, 0x00, 0x00, 0x00, 0x00, 0x00, 0x00, 0x00, 0x00, 0x00, 0x00, 0x00,
	0x00, 0x00, 0x00, 0x00, 0x00, 0x00, 0x00, 0x00, 0x00, 0x00, 0x00, 0x00, 0x00, 0x00, 0x00, 0x00,
	0x00, 0x00, 0x00, 0x00, 0x00, 0x00, 0x00, 0x00, 0x00, 0x00, 0x00, 0x00, 0x00, 0x00, 0x00, 0x00,
	0x00, 0x00, 0x00, 0x00, 0x00, 0x00, 0x00, 0x00, 0x00, 0x00, 0x00, 0x00, 0x00, 0x00, 0x00, 0x00,
	0x00, 0x00, 0x00, 0x00, 0x00, 0x00, 0x00, 0x00, 0x00, 0x00, 0x00, 0x00, 0x00, 0x00, 0x00, 0x00,
	0x00, 0x00, 0x00, 0x00, 0x00, 0x00, 0x00, 0x00, 0x00, 0x00, 0x00, 0x00, 0x00, 0x00, 0x00, 0x00,
	0x00, 0x00, 0x00, 0x00, 0x00, 0x00, 0x00, 0x00, 0x00, 0x00, 0x00, 0x00, 0x00, 0x00, 0x00, 0x00,
	0x00, 0x00, 0x00, 0x00, 0x00, 0x00, 0x00, 0x00, 0x00, 0x00, 0x00, 0x00, 0x00, 0x00, 0x00, 0x00,
	0x00, 0x00, 0x00, 0x00, 0x00, 0x00, 0x00, 0x00, 0x00, 0x00, 0x00, 0x00, 0x00, 0x00, 0x00, 0x00,
	0x00, 0x00, 0x00, 0x00, 0x00, 0x00, 0x00, 0x00, 0x00, 0x00, 0x00, 0x00, 0x00, 0x00, 0x00, 0x00,
	0x00, 0x00, 0x00, 0x00, 0x00, 0x00, 0x00, 0x00, 0x00, 0x00, 0x00, 0x00, 0x00, 0x00, 0x00, 0x00,
	0x00, 0x00, 0x00, 0x00, 0x00, 0x00, 0x00, 0x00, 0x00, 0x00, 0x00, 0x00, 0x00, 0x00, 0x00, 0x00,
	0x00, 0x00, 0x00, 0x00, 0x00, 0x00, 0x00, 0x00, 0x00, 0x00, 0x00, 0x00, 0x00, 0x00, 0x00, 0x00,
	0x00, 0x00, 0x00, 0x00, 0x00, 0x00, 0x00, 0x00, 0x00, 0x00, 0x00, 0x00, 0x00, 0x00, 0x00, 0x00,
	0x00, 0x00, 0x00, 0x00, 0x00, 0x00, 0x00, 0x00, 0x00, 0x00, 0x00, 0x00, 0x00, 0x00, 0x00, 0x00,
	0x00, 0x00, 0x00, 0x00, 0x00, 0x00, 0x11, 0x01, 0x82, 0x00, 0x00, 0x01, 0x03, 0x00, 0x00, 0x00,
	0x00, 0x00, 0x00, 0x00, 0x00, 0x00, 0x00, 0x00, 0x00, 0x00, 0x00, 0x00, 0x00, 0x00, 0x00, 0x00,
	0x00, 0x00, 0x00, 0x00, 0x00, 0x00, 0x00, 0x00, 0x00, 0x00, 0x00, 0x00, 0x00, 0x00, 0x00, 0x00,
	0x00, 0x00, 0x00, 0x00, 0x00, 0x00, 0x00, 0x00, 0x00, 0x00, 0x00, 0x00, 0x00, 0x00, 0x00, 0x00,
	0x00, 0x00, 0x00, 0x00, 0x00, 0x00, 0x00, 0x00, 0x00, 0x00, 0x00, 0x00, 0x00, 0x00, 0x00, 0x00,
	0x00, 0x00, 0x00, 0x00, 0x00, 0x00, 0x00, 0x00, 0x00, 0x00, 0x00, 0x00, 0x00, 0x00, 0x00, 0x00,
	0x00, 0x00, 0x00, 0x00, 0x00, 0x00, 0x00, 0x00, 0x00, 0x00, 0x00, 0x00, 0x00, 0x00, 0x00, 0x00,
	0x00, 0x00, 0x00, 0x00, 0x00, 0x00, 0x00, 0x00, 0x00, 0x00, 0x00, 0x00, 0x00, 0x00, 0x00, 0x00,
	0x00, 0x00, 0x00, 0x00, 0x00, 0x00, 0x00, 0x00, 0x00, 0x00, 0x00, 0x00, 0x00, 0x00, 0x00, 0x00,
	0x00, 0x00, 0x00, 0x00, 0x00, 0x00, 0x00, 0x00, 0x00, 0x00, 0x00, 0x00, 0x00, 0x00, 0x00, 0x00,
	0x00, 0x00, 0x00, 0x00, 0x00, 0x00, 0x00, 0x00, 0x00, 0x00, 0x00, 0x00, 0x00, 0x00, 0x00, 0x00,
	0x00, 0x00, 0x00, 0x00, 0x00, 0x00, 0x00, 0x00, 0x00, 0x00, 0x00, 0x00, 0x00, 0x00, 0x00, 0x00,
	0x00, 0x00, 0x00, 0x00, 0x00, 0x00, 0x00, 0x00, 0x00, 0x00, 0x00, 0x00, 0x00, 0x00, 0x00, 0x00,
	0x00, 0x00, 0x00, 0x00, 0x00, 0x00, 0x00, 0x00, 0x00, 0x00, 0x00, 0x00, 0x00, 0x00, 0x00, 0x00,
	0x00, 0x00, 0x00, 0x00, 0x00, 0x00, 0x00, 0x00, 0x00, 0x00, 0x00, 0x00, 0x00, 0x00, 0x00, 0x00,
	0x00, 0x00, 0x00, 0x00, 0x00, 0x00, 0x00, 0x00, 0x00, 0x00, 0x00, 0x00, 0x00, 0x00, 0x00, 0x00,
	0x00, 0x00, 0x00, 0x00, 0x00, 0x00, 0x00, 0x00, 0x00, 0x00, 0x00, 0x00, 0x00, 0x00, 0x00, 0x00,
	0x00, 0x00, 0x00, 0x00, 0x00, 0x00, 0x00, 0x00, 0x00, 0x00, 0x00, 0x00, 0x00, 0x00, 0x00, 0x00,
	0x00, 0x00, 0x00, 0x00, 0x00, 0x00, 0x00, 0x00, 0x00, 0x00, 0x00, 0x00, 0x00, 0x00, 0x00, 0x00,
	0x00, 0x00, 0x00, 0x00, 0x00, 0x00, 0x00, 0x00, 0x00, 0x00, 0x00, 0x00, 0x00, 0x00, 0x00, 0x00,
	0x00, 0x00, 0x00, 0x00, 0x00, 0x00, 0x00, 0x00, 0x00, 0x00, 0x00, 0x00, 0x00, 0x00, 0x00, 0x00,
	0x00, 0x00, 0x00, 0x00, 0x00, 0x00, 0x00, 0x00, 0x00, 0x00, 0x00, 0x00, 0x00, 0x00, 0x00, 0x00,
	0x00, 0x00, 0x00, 0x00, 0x00, 0x00, 0x00, 0x00, 0x00, 0x00, 0x00, 0x00, 0x00, 0x00, 0x00, 0x00,
	0x00, 0x00, 0x00, 0x00, 0x00, 0x00, 0x00, 0x00, 0x00, 0x00, 0x00, 0x00, 0x00, 0x00, 0x00, 0x00,
	0x00, 0x00, 0x00, 0x00, 0x00, 0x00, 0x00, 0x00, 0x00, 0x00, 0x00, 0x00, 0x00, 0x00, 0x00, 0x00,
	0x00, 0x00, 0x00, 0x00, 0x00, 0x00, 0x00, 0x00, 0x00, 0x00, 0x00, 0x00, 0x00, 0x00, 0x00, 0x00,
	0x00, 0x00, 0x00, 0x00, 0x00, 0x00, 0x00, 0x00, 0x00, 0x00, 0x00, 0x00, 0x00, 0x00, 0x00, 0x00,
	0x00, 0x00, 0x00, 0x00, 0x00, 0x00, 0x00, 0x00, 0x00, 0x00, 0x00, 0x00, 0x00, 0x00, 0x00, 0x00,
	0x00, 0x00, 0x00, 0x00, 0x00, 0x00, 0x00, 0x00, 0x00, 0x00, 0x00, 0x00, 0x00, 0x00, 0x00, 0x00,
	0x00, 0x00, 0x00, 0x00, 0x00, 0x00, 0x00, 0x00, 0x00, 0x00, 0x00, 0x00, 0x00, 0x00, 0x00, 0x00,
	0x00, 0x00, 0x00, 0x00, 0x00, 0x00, 0x00, 0x00, 0x00, 0x00, 0x00, 0x00, 0x00, 0x00, 0x00, 0x00,
	0x00, 0x00, 0x00, 0x00, 0x00, 0x00, 0x00, 0x00, 0x00, 0x00, 0x00, 0x00, 0x00, 0x00, 0x00, 0x00,
	0x00, 0x00, 0x00, 0x00, 0x00, 0x00, 0x00, 0x00, 0x00, 0x00, 0x00, 0x00, 0x00, 0x00, 0x00, 0x00,
	0x00, 0x00, 0x00, 0x00, 0x00, 0x00, 0x00, 0x00, 0x00, 0x00, 0x00, 0x00, 0x00, 0x00, 0x00, 0x00,
	0x00, 0x00, 0x00, 0x00, 0x00, 0x00, 0x00, 0x00, 0x00, 0x00, 0x00, 0x00, 0x00, 0x00, 0x00, 0x00,
	0x00, 0x00, 0x00, 0x00, 0x00, 0x00, 0x00, 0x00, 0x00, 0x00, 0x00, 0x00, 0x00, 0x00, 0x00, 0x00,
	0x00, 0x00, 0x00, 0x00, 0x00, 0x00, 0x00, 0x00, 0x00, 0x00, 0x00, 0x00, 0x00, 0x00, 0x00, 0x00,
	0x00, 0x00, 0x00, 0x00, 0x00, 0x00, 0x00, 0x00, 0x00, 0x00, 0x00, 0x00, 0x00, 0x00, 0x00, 0x00,
	0x00, 0x00, 0x00, 0x00, 0x00, 0x00, 0x00, 0x00, 0x00, 0x00, 0x00, 0x00, 0x00, 0x00, 0x00, 0x00,
	0x00, 0x00, 0x00, 0x00, 0x00, 0x00, 0x00, 0x00, 0x00, 0x00, 0x00, 0x00, 0x00, 0x00, 0x00, 0x00,
	0x00, 0x00, 0x00, 0x00, 0x00, 0x00, 0x00, 0x00, 0x00, 0x00, 0x00, 0x00, 0x00, 0x00, 0x00, 0x00,
	0x00, 0x00, 0x00, 0x00, 0x00, 0x00, 0x00, 0x00, 0x00, 0x00, 0x00, 0x00, 0x00, 0x00, 0x00, 0x00,
	0x00, 0x00, 0x00, 0x00, 0x00, 0x00, 0x00, 0x00, 0x00, 0x00, 0x00, 0x00, 0x00, 0x00, 0x00, 0x00,
	0x00, 0x00, 0x00, 0x00, 0x00, 0x00, 0x00, 0x00, 0x00, 0x00, 0x00, 0x00, 0x00, 0x00, 0x00, 0x00,
	0x00, 0x00, 0x00, 0x00, 0x00, 0x00, 0x00, 0x00, 0x00, 0x00, 0x00, 0x00, 0x00, 0x00, 0x00, 0x00,
	0x00, 0x00, 0x00, 0x00, 0x00, 0x00, 0x00, 0x00, 0x00, 0x00, 0x00, 0x00, 0x00, 0x00, 0x00, 0x00,
	0x00, 0x00, 0x00, 0x00, 0x00, 0x00, 0x00, 0x00, 0x00, 0x00, 0x00, 0x00, 0x00, 0x00, 0x00, 0x00,
	0x00, 0x00, 0x00, 0x00, 0x00, 0x00, 0x00, 0x00, 0x00, 0x00, 0x00, 0x00, 0x00, 0x00, 0x00, 0x00,
	0x00, 0x00, 0x00, 0x00, 0x00, 0x00, 0x00, 0x00, 0x00, 0x00, 0x00, 0x00, 0x00, 0x00, 0x00, 0x00,
	0x00, 0x00, 0x00, 0x00, 0x00, 0x00, 0x00, 0x00, 0x00, 0x00, 0x00, 0x00, 0x00, 0x00, 0x00, 0x00,
	0x00, 0x00, 0x00, 0x00, 0x00, 0x00, 0x00, 0x00, 0x00, 0x00, 0x00, 0x00, 0x00, 0x00, 0x00, 0x00,
	0x00, 0x00, 0x00, 0x00, 0x00, 0x00, 0x00, 0x00, 0x00, 0x00, 0x00, 0x00, 0x00, 0x00, 0x00, 0x00,
	0x00, 0x00, 0x00, 0x00, 0x00, 0x00, 0x00, 0x00, 0x00, 0x00, 0x00, 0x00, 0x00, 0x00, 0x00, 0x00,
	0x00, 0x00, 0x00, 0x00, 0x00, 0x00, 0x00, 0x00, 0x00, 0x00, 0x00, 0x00, 0x00, 0x00, 0x00, 0x00,
	0x00, 0x00, 0x00, 0x00, 0x00, 0x00, 0x00, 0x00, 0x00, 0x00, 0x00, 0x00, 0x00, 0x00, 0x00, 0x00,
	0x00, 0x00, 0x00, 0x00, 0x00, 0x00, 0x00, 0x00, 0x00, 0x00, 0x00, 0x00, 0x00, 0x00, 0x00, 0x00,
	0x00, 0x00, 0x00, 0x00, 0x00, 0x00, 0x00, 0x00, 0x00, 0x00, 0x00, 0x00, 0x00, 0x00, 0x00, 0x00,
	0x00, 0x00, 0x00, 0x00, 0x00, 0x00, 0x00, 0x00, 0x00, 0x00, 0x00, 0x00, 0x00, 0x00, 0x00, 0x00,
	0x00, 0x00, 0x00, 0x00, 0x00, 0x00, 0x00, 0x00, 0x00, 0x00, 0x00, 0x00, 0x00, 0x00, 0x00, 0x00,
	0x00, 0x00, 0x00, 0x00, 0x00, 0x00, 0x00, 0x00, 0x00, 0x00, 0x00, 0x00, 0x00, 0x00, 0x00, 0x00,
	0x00, 0x00, 0x00, 0x00, 0x00, 0x00, 0x00, 0x00, 0x00, 0x00, 0x00, 0x00, 0x00, 0x00, 0x00, 0x00,
	0x00, 0x00, 0x00, 0x00, 0x00, 0x00, 0x00, 0x00, 0x00, 0x00, 0x00, 0x00, 0x00, 0x00, 0x00, 0x00,
	0x00, 0x00, 0x00, 0x00, 0x00, 0x00, 0x00, 0x00, 0x00, 0x00, 0x00, 0x00, 0x00, 0x00, 0x00, 0x00,
	0x00, 0x00, 0x00, 0x00, 0x00, 0x00, 0x00, 0x00, 0x00, 0x00, 0x00, 0x00, 0x00, 0x00, 0x00, 0x00,
	0x00, 0x00, 0x00, 0x00, 0x00, 0x00, 0x00, 0x00, 0x00, 0x00, 0x00, 0x00, 0x00, 0x00, 0x00, 0x82,
	0x00, 0x80, 0x01, 0x03, 0x00, 0x00, 0x00, 0x00, 0x00, 0x00, 0x00, 0x00, 0x00, 0x00, 0x00, 0x00,
	0x00, 0x00, 0x00, 0x00, 0x00, 0x00, 0x00, 0x00, 0x00, 0x00, 0x00, 0x00, 0x00, 0x00, 0x00, 0x00,
	0x00, 0x00, 0x00, 0x00, 0x00, 0x00, 0x00, 0x00, 0x00, 0x00, 0x00, 0x00, 0x00, 0x00, 0x00, 0x00,
	0x00, 0x00, 0x00, 0x00, 0x00, 0x00, 0x00, 0x00, 0x00, 0x00, 0x00, 0x00, 0x00, 0x00, 0x00, 0x00,
	0x00, 0x00, 0x00, 0x00, 0x00, 0x00, 0x00, 0x00, 0x00, 0x00, 0x00, 0x00, 0x00, 0x00, 0x00, 0x00,
	0x00, 0x00, 0x00, 0x00, 0x00, 0x00, 0x00, 0x00, 0x00, 0x00, 0x00, 0x00, 0x00, 0x00, 0x00, 0x00,
	0x00, 0x00, 0x00, 0x00, 0x00, 0x00, 0x00, 0x00, 0x00, 0x00, 0x00, 0x00, 0x00, 0x00, 0x00, 0x00,
	0x00, 0x00, 0x00, 0x00, 0x00, 0x00, 0x00, 0x00, 0x00, 0x00, 0x00, 0x00, 0x00, 0x00, 0x00, 0x00,
	0x00, 0x00, 0x00, 0x00, 0x00, 0x00, 0x00, 0x00, 0x00, 0x00, 0x00, 0x00, 0x00, 0x00, 0x00, 0x00,
	0x00, 0x00, 0x00, 0x00, 0x00, 0x00, 0x00, 0x00, 0x00, 0x00, 0x00, 0x00, 0x00, 0x00, 0x00, 0x00,
	0x00, 0x00, 0x00, 0x00, 0x00, 0x00, 0x00, 0x00, 0x00, 0x00, 0x00, 0x00, 0x00, 0x00, 0x00, 0x00,
	0x00, 0x00, 0x00, 0x00, 0x00, 0x00, 0x00, 0x00, 0x00, 0x00, 0x00, 0x00, 0x00, 0x00, 0x00, 0x00,
	0x00, 0x00, 0x00, 0x00, 0x00, 0x00, 0x00, 0x00, 0x00, 0x00, 0x00, 0x00, 0x00, 0x00, 0x00, 0x00,
	0x00, 0x00, 0x00, 0x00, 0x00, 0x00, 0x00, 0x00, 0x00, 0x00, 0x00, 0x00, 0x00, 0x00, 0x00, 0x00,
	0x00, 0x00, 0x00, 0x00, 0x00, 0x00, 0x00, 0x00, 0x00, 0x00, 0x00, 0x00, 0x00, 0x00, 0x00, 0x00,
	0x00, 0x00, 0x00, 0x00, 0x00, 0x00, 0x00, 0x00, 0x00, 0x00, 0x00, 0x00, 0x00, 0x00, 0x00, 0x00,
	0x00, 0x00, 0x00, 0x00, 0x00, 0x00, 0x00, 0x00, 0x00, 0x00, 0x00, 0x00, 0x00, 0x00, 0x00, 0x00,
	0x00, 0x00, 0x00, 0x00, 0x00, 0x00, 0x00, 0x00, 0x00, 0x00, 0x00, 0x00, 0x00, 0x00, 0x00, 0x00,
	0x00, 0x00, 0x00, 0x00, 0x00, 0x00, 0x00, 0x00, 0x00, 0x00, 0x00, 0x00, 0x00, 0x00, 0x00, 0x00,
	0x00, 0x00, 0x00, 0x00, 0x00, 0x00, 0x00, 0x00, 0x00, 0x00, 0x00, 0x00, 0x00, 0x00, 0x00, 0x00,
	0x00, 0x00, 0x00, 0x00, 0x00, 0x00, 0x00, 0x00, 0x00, 0x00, 0x00, 0x00, 0x00, 0x00, 0x00, 0x00,
	0x00, 0x00, 0x00, 0x00, 0x00, 0x00, 0x00, 0x00, 0x00, 0x00, 0x00, 0x00, 0x00, 0x00, 0x00, 0x00,
	0x00, 0x00, 0x00, 0x00, 0x00, 0x00, 0x00, 0x00, 0x00, 0x00, 0x00, 0x00, 0x00, 0x00, 0x00, 0x00,
	0x00, 0x00, 0x00, 0x00, 0x00, 0x00, 0x00, 0x00, 0x00, 0x00, 0x00, 0x00, 0x00, 0x00, 0x00, 0x00,
	0x00, 0x00, 0x00, 0x00, 0x00, 0x00, 0x00, 0x00, 0x00, 0x00, 0x00, 0x00, 0x00, 0x00, 0x00, 0x00,
	0x00, 0x00, 0x00, 0x00, 0x00, 0x00, 0x00, 0x00, 0x00, 0x00, 0x00, 0x00, 0x00, 0x00, 0x00, 0x00,
	0x00, 0x00, 0x00, 0x00, 0x00, 0x00, 0x00, 0x00, 0x00, 0x00, 0x00, 0x00, 0x00, 0x00, 0x00, 0x00,
	0x00, 0x00, 0x00, 0x00, 0x00, 0x00, 0x00, 0x00, 0x00, 0x00, 0x00, 0x00, 0x00, 0x00, 0x00, 0x00,
	0x00, 0x00, 0x00, 0x00, 0x00, 0x00, 0x00, 0x00, 0x00, 0x00, 0x00, 0x00, 0x00, 0x00, 0x00, 0x00,
	0x00, 0x00, 0x00, 0x00, 0x00, 0x00, 0x00, 0x00, 0x00, 0x00, 0x00, 0x00, 0x00, 0x00, 0x00, 0x00,
	0x00, 0x00, 0x00, 0x00, 0x00, 0x00, 0x00, 0x00, 0x00, 0x00, 0x00, 0x00, 0x00, 0x00, 0x00, 0x00,
	0x00, 0x00, 0x00, 0x00, 0x00, 0x00, 0x00, 0x00, 0x00, 0x00, 0x00, 0x00, 0x00, 0x00, 0x00, 0x00,
	0x00, 0x00, 0x00, 0x00, 0x00, 0x00, 0x00, 0x00, 0x00, 0x00, 0x00, 0x00, 0x00, 0x00, 0x00, 0x00,
	0x00, 0x00, 0x00, 0x00, 0x00, 0x00, 0x00, 0x00, 0x00, 0x00, 0x00, 0x00, 0x00, 0x00, 0x00, 0x00,
	0x00, 0x00, 0x00, 0x00, 0x00, 0x00, 0x00, 0x00, 0x00, 0x00, 0x00, 0x00, 0x00, 0x00, 0x00, 0x00,
	0x00, 0x00, 0x00, 0x00, 0x00, 0x00, 0x00, 0x00, 0x00, 0x00, 0x00, 0x00, 0x00, 0x00, 0x00, 0x00,
	0x00, 0x00, 0x00, 0x00, 0x00, 0x00, 0x00, 0x00, 0x00, 0x00, 0x00, 0x00, 0x00, 0x00, 0x00, 0x00,
	0x00, 0x00, 0x00, 0x00, 0x00, 0x00, 0x00, 0x00, 0x00, 0x00, 0x00, 0x00, 0x00, 0x00, 0x00, 0x00,
	0x00, 0x00, 0x00, 0x00, 0x00, 0x00, 0x00, 0x00, 0x00, 0x00, 0x00, 0x00, 0x00, 0x00, 0x00, 0x00,
	0x00, 0x00, 0x00, 0x00, 0x00, 0x00, 0x00, 0x00, 0x00, 0x00, 0x00, 0x00, 0x00, 0x00, 0x00, 0x00,
	0x00, 0x00, 0x00, 0x00, 0x00, 0x00, 0x00, 0x00, 0x00, 0x00, 0x00, 0x00, 0x00, 0x00, 0x00, 0x00,
	0x00, 0x00, 0x00, 0x00, 0x00, 0x00, 0x00, 0x00, 0x00, 0x00, 0x00, 0x00, 0x00, 0x00, 0x00, 0x00,
	0x00, 0x00, 0x00, 0x00, 0x00, 0x00, 0x00, 0x00, 0x00, 0x00, 0x00, 0x00, 0x00, 0x00, 0x00, 0x00,
	0x00, 0x00, 0x00, 0x00, 0x00, 0x00, 0x00, 0x00, 0x00, 0x00, 0x00, 0x00, 0x00, 0x00, 0x00, 0x00,
	0x00, 0x00, 0x00, 0x00, 0x00, 0x00, 0x00, 0x00, 0x00, 0x00, 0x00, 0x00, 0x00, 0x00, 0x00, 0x00,
	0x00, 0x00, 0x00, 0x00, 0x00, 0x00, 0x00, 0x00, 0x00, 0x00, 0x00, 0x00, 0x00, 0x00, 0x00, 0x00,
	0x00, 0x00, 0x00, 0x00, 0x00, 0x00, 0x00, 0x00, 0x00, 0x00, 0x00, 0x00, 0x00, 0x00, 0x00, 0x00,
	0x00, 0x00, 0x00, 0x00, 0x00, 0x00, 0x00, 0x00, 0x00, 0x00, 0x00, 0x00, 0x00, 0x00, 0x00, 0x00,
	0x00, 0x00, 0x00, 0x00, 0x00, 0x00, 0x00, 0x00, 0x00, 0x00, 0x00, 0x00, 0x00, 0x00, 0x00, 0x00,
	0x00, 0x00, 0x00, 0x00, 0x00, 0x00, 0x00, 0x00, 0x00, 0x00, 0x00, 0x00, 0x00, 0x00, 0x00, 0x00,
	0x00, 0x00, 0x00, 0x00, 0x00, 0x00, 0x00, 0x00, 0x00, 0x00, 0x00, 0x00, 0x00, 0x00, 0x00, 0x00,
	0x00, 0x00, 0x00, 0x00, 0x00, 0x00, 0x00, 0x00, 0x00, 0x00, 0x00, 0x00, 0x00, 0x00, 0x00, 0x00,
	0x00, 0x00, 0x00, 0x00, 0x00, 0x00, 0x00, 0x00, 0x00, 0x00, 0x00, 0x00, 0x00, 0x00, 0x00, 0x00,
	0x00, 0x00, 0x00, 0x00, 0x00, 0x00, 0x00, 0x00, 0x00, 0x00, 0x00, 0x00, 0x00, 0x00, 0x00, 0x00,
	0x00, 0x00, 0x00, 0x00, 0x00, 0x00, 0x00, 0x00, 0x00, 0x00, 0x00, 0x00, 0x00, 0x00, 0x00, 0x00,
	0x00, 0x00, 0x00, 0x00, 0x00, 0x00, 0x00, 0x00, 0x00, 0x00, 0x00, 0x00, 0x00, 0x00, 0x00, 0x00,
	0x00, 0x00, 0x00, 0x00, 0x00, 0x00, 0x00, 0x00, 0x00, 0x00, 0x00, 0x00, 0x00, 0x00, 0x00, 0x00,
	0x00, 0x00, 0x00, 0x00, 0x00, 0x00, 0x00, 0x00, 0x00, 0x00, 0x00, 0x00, 0x00, 0x00, 0x00, 0x00,
	0x00, 0x00, 0x00, 0x00, 0x00, 0x00, 0x00, 0x00, 0x00, 0x00, 0x00, 0x00, 0x00, 0x00, 0x00, 0x00,
	0x00, 0x00, 0x00, 0x00, 0x00, 0x00, 0x00, 0x00, 0x00, 0x00, 0x00, 0x00, 0x00, 0x00, 0x00, 0x00,
	0x00, 0x00, 0x00, 0x00, 0x00, 0x00, 0x00, 0x00, 0x00, 0x00, 0x00, 0x00, 0x00, 0x00, 0x00, 0x00,
	0x00, 0x00, 0x00, 0x00, 0x00, 0x00, 0x00, 0x00, 0x00, 0x00, 0x00, 0x00, 0x00, 0x00, 0x00, 0x00,
	0x00, 0x00, 0x00, 0x00, 0x00, 0x00, 0x00, 0x00, 0x00, 0x00, 0x00, 0x00, 0x00, 0x00, 0x00, 0x00,
	0x00, 0x00, 0x00, 0x00, 0x00, 0x00, 0x00, 0x00, 0x00, 0x00, 0x00, 0x00, 0x00, 0x00, 0x00, 0x00,
	0x00, 0x00, 0x00, 0x00, 0x00, 0x00, 0x11, 0x02, 0x82, 0x00, 0x00, 0x01, 0x03, 0x00, 0x00, 0x00,
	0x00, 0x00, 0x00, 0x00, 0x00, 0x00, 0x00, 0x00, 0x00, 0x00, 0x00, 0x00, 0x00, 0x00, 0x00, 0x00,
	0x00, 0x00, 0x00, 0x00, 0x00, 0x00, 0x00, 0x00, 0x00, 0x00, 0x00, 0x00, 0x00, 0x00, 0x00, 0x00,
	0x00, 0x00, 0x00, 0x00, 0x00, 0x00, 0x00, 0x00, 0x00, 0x00, 0x00, 0x00, 0x00, 0x00, 0x00, 0x00,
	0x00, 0x00, 0x00, 0x00, 0x00, 0x00, 0x00, 0x00, 0x00, 0x00, 0x00, 0x00, 0x00, 0x00, 0x00, 0x00,
	0x00, 0x00, 0x00, 0x00, 0x00, 0x00, 0x00, 0x00, 0x00, 0x00, 0x00, 0x00, 0x00, 0x00, 0x00, 0x00,
	0x00, 0x00, 0x00, 0x00, 0x00, 0x00, 0x00, 0x00, 0x00, 0x00, 0x00, 0x00, 0x00, 0x00, 0x00, 0x00,
	0x00, 0x00, 0x00, 0x00, 0x00, 0x00, 0x00, 0x00, 0x00, 0x00, 0x00, 0x00, 0x00, 0x00, 0x00, 0x00,
	0x00, 0x00, 0x00, 0x00, 0x00, 0x00, 0x00, 0x00, 0x00, 0x00, 0x00, 0x00, 0x00, 0x00, 0x00, 0x00,
	0x00, 0x00, 0x00, 0x00, 0x00, 0x00, 0x00, 0x00, 0x00, 0x00, 0x00, 0x00, 0x00, 0x00, 0x00, 0x00,
	0x00, 0x00, 0x00, 0x00, 0x00, 0x00, 0x00, 0x00, 0x00, 0x00, 0x00, 0x00, 0x00, 0x00, 0x00, 0x00,
	0x00, 0x00, 0x00, 0x00, 0x00, 0x00, 0x00, 0x00, 0x00, 0x00, 0x00, 0x00, 0x00, 0x00, 0x00, 0x00,
	0x00, 0x00, 0x00, 0x00, 0x00, 0x00, 0x00, 0x00, 0x00, 0x00, 0x00, 0x00, 0x00, 0x00, 0x00, 0x00,
	0x00, 0x00, 0x00, 0x00, 0x00, 0x00, 0x00, 0x00, 0x00, 0x00, 0x00, 0x00, 0x00, 0x00, 0x00, 0x00,
	0x00, 0x00, 0x00, 0x00, 0x00, 0x00, 0x00, 0x00, 0x00, 0x00, 0x00, 0x00, 0x00, 0x00, 0x00, 0x00,
	0x00, 0x00, 0x00, 0x00, 0x00, 0x00, 0x00, 0x00, 0x00, 0x00, 0x00, 0x00, 0x00, 0x00, 0x00, 0x00,
	0x00, 0x00, 0x00, 0x00, 0x00, 0x00, 0x00, 0x00, 0x00, 0x00, 0x00, 0x00, 0x00, 0x00, 0x00, 0x00,
	0x00, 0x00, 0x00, 0x00, 0x00, 0x00, 0x00, 0x00, 0x00, 0x00, 0x00, 0x00, 0x00, 0x00, 0x00, 0x00,
	0x00, 0x00, 0x00, 0x00, 0x00, 0x00, 0x00, 0x00, 0x00, 0x00, 0x00, 0x00, 0x00, 0x00, 0x00, 0x00,
	0x00, 0x00, 0x00, 0x00, 0x00, 0x00, 0x00, 0x00, 0x00, 0x00, 0x00, 0x00, 0x00, 0x00, 0x00, 0x00,
	0x00, 0x00, 0x00, 0x00, 0x00, 0x00, 0x00, 0x00, 0x00, 0x00, 0x00, 0x00, 0x00, 0x00, 0x00, 0x00,
	0x00, 0x00, 0x00, 0x00, 0x00, 0x00, 0x00, 0x00, 0x00, 0x00, 0x00, 0x00, 0x00, 0x00, 0x00, 0x00,
	0x00, 0x00, 0x00, 0x00, 0x00, 0x00, 0x00, 0x00, 0x00, 0x00, 0x00, 0x00, 0x00, 0x00, 0x00, 0x00,
	0x00, 0x00, 0x00, 0x00, 0x00, 0x00, 0x00, 0x00, 0x00, 0x00, 0x00, 0x00, 0x00, 0x00, 0x00, 0x00,
	0x00, 0x00, 0x00, 0x00, 0x00, 0x00, 0x00, 0x00, 0x00, 0x00, 0x00, 0x00, 0x00, 0x00, 0x00, 0x00,
	0x00, 0x00, 0x00, 0x00, 0x00, 0x00, 0x00, 0x00, 0x00, 0x00, 0x00, 0x00, 0x00, 0x00, 0x00, 0x00,
	0x00, 0x00, 0x00, 0x00, 0x00, 0x00, 0x00, 0x00, 0x00, 0x00, 0x00, 0x00, 0x00, 0x00, 0x00, 0x00,
	0x00, 0x00, 0x00, 0x00, 0x00, 0x00, 0x00, 0x00, 0x00, 0x00, 0x00, 0x00, 0x00, 0x00, 0x00, 0x00,
	0x00, 0x00, 0x00, 0x00, 0x00, 0x00, 0x00, 0x00, 0x00, 0x00, 0x00, 0x00, 0x00, 0x00, 0x00, 0x00,
	0x00, 0x00, 0x00, 0x00, 0x00, 0x00, 0x00, 0x00, 0x00, 0x00, 0x00, 0x00, 0x00, 0x00, 0x00, 0x00,
	0x00, 0x00, 0x00, 0x00, 0x00, 0x00, 0x00, 0x00, 0x00, 0x00, 0x00, 0x00, 0x00, 0x00, 0x00, 0x00,
	0x00, 0x00, 0x00, 0x00, 0x00, 0x00, 0x00, 0x00, 0x00, 0x00, 0x00, 0x00, 0x00, 0x00, 0x00, 0x00,
	0x00, 0x00, 0x00, 0x00, 0x00, 0x00, 0x00, 0x00, 0x00, 0x00, 0x00, 0x00, 0x00, 0x00, 0x00, 0x00,
	0x00, 0x00, 0x00, 0x00, 0x00, 0x00, 0x00, 0x00, 0x00, 0x00, 0x00, 0x00, 0x00, 0x00, 0x00, 0x00,
	0x00, 0x00, 0x00, 0x00, 0x00, 0x00, 0x00, 0x00, 0x00, 0x00, 0x00, 0x00, 0x00, 0x00, 0x00, 0x00,
	0x00, 0x00, 0x00, 0x00, 0x00, 0x00, 0x00, 0x00, 0x00, 0x00, 0x00, 0x00, 0x00, 0x00, 0x00, 0x00,
	0x00, 0x00, 0x00, 0x00, 0x00, 0x00, 0x00, 0x00, 0x00, 0x00, 0x00, 0x00, 0x00, 0x00, 0x00, 0x00,
	0x00, 0x00, 0x00, 0x00, 0x00, 0x00, 0x00, 0x00, 0x00, 0x00, 0x00, 0x00, 0x00, 0x00, 0x00, 0x00,
	0x00, 0x00, 0x00, 0x00, 0x00, 0x00, 0x00, 0x00, 0x00, 0x00, 0x00, 0x00, 0x00, 0x00, 0x00, 0x00,
	0x00, 0x00, 0x00, 0x00, 0x00, 0x00, 0x00, 0x00, 0x00, 0x00, 0x00, 0x00, 0x00, 0x00, 0x00, 0x00,
	0x00, 0x00, 0x00, 0x00, 0x00, 0x00, 0x00, 0x00, 0x00, 0x00, 0x00, 0x00, 0x00, 0x00, 0x00, 0x00,
	0x00, 0x00, 0x00, 0x00, 0x00, 0x00, 0x00, 0x00, 0x00, 0x00, 0x00, 0x00, 0x00, 0x00, 0x00, 0x00,
	0x00, 0x00, 0x00, 0x00, 0x00, 0x00, 0x00, 0x00, 0x00, 0x00, 0x00, 0x00, 0x00, 0x00, 0x00, 0x00,
	0x00, 0x00, 0x00, 0x00, 0x00, 0x00, 0x00, 0x00, 0x00, 0x00, 0x00, 0x00, 0x00, 0x00, 0x00, 0x00,
	0x00, 0x00, 0x00, 0x00, 0x00, 0x00, 0x00, 0x00, 0x00, 0x00, 0x00, 0x00, 0x00, 0x00, 0x00, 0x00,
	0x00, 0x00, 0x00, 0x00, 0x00, 0x00, 0x00, 0x00, 0x00, 0x00, 0x00, 0x00, 0x00, 0x00, 0x00, 0x00,
	0x00, 0x00, 0x00, 0x00, 0x00, 0x00, 0x00, 0x00, 0x00, 0x00, 0x00, 0x00, 0x00, 0x00, 0x00, 0x00,
	0x00, 0x00, 0x00, 0x00, 0x00, 0x00, 0x00, 0x00, 0x00, 0x00, 0x00, 0x00, 0x00, 0x00, 0x00, 0x00,
	0x00, 0x00, 0x00, 0x00, 0x00, 0x00, 0x00, 0x00, 0x00, 0x00, 0x00, 0x00, 0x00, 0x00, 0x00, 0x00,
	0x00, 0x00, 0x00, 0x00, 0x00, 0x00, 0x00, 0x00, 0x00, 0x00, 0x00, 0x00, 0x00, 0x00, 0x00, 0x00,
	0x00, 0x00, 0x00, 0x00, 0x00, 0x00, 0x00, 0x00, 0x00, 0x00, 0x00, 0x00, 0x00, 0x00, 0x00, 0x00,
	0x00, 0x00, 0x00, 0x00, 0x00, 0x00, 0x00, 0x00, 0x00, 0x00, 0x00, 0x00, 0x00, 0x00, 0x00, 0x00,
	0x00, 0x00, 0x00, 0x00, 0x00, 0x00, 0x00, 0x00, 0x00, 0x00, 0x00, 0x00, 0x00, 0x00, 0x00, 0x00,
	0x00, 0x00, 0x00, 0x00, 0x00, 0x00, 0x00, 0x00, 0x00, 0x00, 0x00, 0x00, 0x00, 0x00, 0x00, 0x00,
	0x00, 0x00, 0x00, 0x00, 0x00, 0x00, 0x00, 0x00, 0x00, 0x00, 0x00, 0x00, 0x00, 0x00, 0x00, 0x00,
	0x00, 0x00, 0x00, 0x00, 0x00, 0x00, 0x00, 0x00, 0x00, 0x00, 0x00, 0x00, 0x00, 0x00, 0x00, 0x00,
	0x00, 0x00, 0x00, 0x00, 0x00, 0x00, 0x00, 0x00, 0x00, 0x00, 0x00, 0x00, 0x00, 0x00, 0x00, 0x00,
	0x00, 0x00, 0x00, 0x00, 0x00, 0x00, 0x00, 0x00, 0x00, 0x00, 0x00, 0x00, 0x00, 0x00, 0x00, 0x00,
	0x00, 0x00, 0x00, 0x00, 0x00, 0x00, 0x00, 0x00, 0x00, 0x00, 0x00, 0x00, 0x00, 0x00, 0x00, 0x00,
	0x00, 0x00, 0x00, 0x00, 0x00, 0x00, 0x00, 0x00, 0x00, 0x00, 0x00, 0x00, 0x00, 0x00, 0x00, 0x00,
	0x00, 0x00, 0x00, 0x00, 0x00, 0x00, 0x00, 0x00, 0x00, 0x00, 0x00, 0x00, 0x00, 0x00, 0x00, 0x00,
	0x00, 0x00, 0x00, 0x00, 0x00, 0x00, 0x00, 0x00, 0x00, 0x00, 0x00, 0x00, 0x00, 0x00, 0x00, 0x00,
	0x00, 0x00, 0x00, 0x00, 0x00, 0x00, 0x00, 0x00, 0x00, 0x00, 0x00, 0x00, 0x00, 0x00, 0x00, 0x00,
	0x00, 0x00, 0x00, 0x00, 0x00, 0x00, 0x00, 0x00, 0x00, 0x00, 0x00, 0x00, 0x00, 0x00, 0x00, 0x00,
	0x00, 0x00, 0x00, 0x00, 0x00, 0x00, 0x00, 0x00, 0x00, 0x00, 0x00, 0x00, 0x00, 0x00, 0x00, 0x82,
	0x00, 0x80, 0x01, 0x03, 0x00, 0x00, 0x00, 0x00, 0x00, 0x00, 0x00, 0x00, 0x00, 0x00, 0x00, 0x00,
	0x00, 0x00, 0x00, 0x00, 0x00, 0x00, 0x00, 0x00, 0x00, 0x00, 0x00, 0x00, 0x00, 0x00, 0x00, 0x00,
	0x00, 0x00, 0x00, 0x00, 0x00, 0x00, 0x00, 0x00, 0x00, 0x00, 0x00, 0x00, 0x00, 0x00, 0x00, 0x00,
	0x00, 0x00, 0x00, 0x00, 0x00, 0x00, 0x00, 0x00, 0x00, 0x00, 0x00, 0x00, 0x00, 0x00, 0x00, 0x00,
	0x00, 0x00, 0x00, 0x00, 0x00, 0x00, 0x00, 0x00, 0x00, 0x00, 0x00, 0x00, 0x00, 0x00, 0x00, 0x00,
	0x00, 0x00, 0x00, 0x00, 0x00, 0x00, 0x00, 0x00, 0x00, 0x00, 0x00, 0x00, 0x00, 0x00, 0x00, 0x00,
	0x00, 0x00, 0x00, 0x00, 0x00, 0x00, 0x00, 0x00, 0x00, 0x00, 0x00, 0x00, 0x00, 0x00, 0x00, 0x00,
	0x00, 0x00, 0x00, 0x00, 0x00, 0x00, 0x00, 0x00, 0x00, 0x00, 0x00, 0x00, 0x00, 0x00, 0x00, 0x00,
	0x00, 0x00, 0x00, 0x00, 0x00, 0x00, 0x00, 0x00, 0x00, 0x00, 0x00, 0x00, 0x00, 0x00, 0x00, 0x00,
	0x00, 0x00, 0x00, 0x00, 0x00, 0x00, 0x00, 0x00, 0x00, 0x00, 0x00, 0x00, 0x00, 0x00, 0x00, 0x00,
	0x00, 0x00, 0x00, 0x00, 0x00, 0x00, 0x00, 0x00, 0x00, 0x00, 0x00, 0x00, 0x00, 0x00, 0x00, 0x00,
	0x00, 0x00, 0x00, 0x00, 0x00, 0x00, 0x00, 0x00, 0x00, 0x00, 0x00, 0x00, 0x00, 0x00, 0x00, 0x00,
	0x00, 0x00, 0x00, 0x00, 0x00, 0x00, 0x00, 0x00, 0x00, 0x00, 0x00, 0x00, 0x00, 0x00, 0x00, 0x00,
	0x00, 0x00, 0x00, 0x00, 0x00, 0x00, 0x00, 0x00, 0x00, 0x00, 0x00, 0x00, 0x00, 0x00, 0x00, 0x00,
	0x00, 0x00, 0x00, 0x00, 0x00, 0x00, 0x00, 0x00, 0x00, 0x00, 0x00, 0x00, 0x00, 0x00, 0x00, 0x00,
	0x00, 0x00, 0x00, 0x00, 0x00, 0x00, 0x00, 0x00, 0x00, 0x00, 0x00, 0x00, 0x00, 0x00, 0x00, 0x00,
	0x00, 0x00, 0x00, 0x00, 0x00, 0x00, 0x00, 0x00, 0x00, 0x00, 0x00, 0x00, 0x00, 0x00, 0x00, 0x00,
	0x00, 0x00, 0x00, 0x00, 0x00, 0x00, 0x00, 0x00, 0x00, 0x00, 0x00, 0x00, 0x00, 0x00, 0x00, 0x00,
	0x00, 0x00, 0x00, 0x00, 0x00, 0x00, 0x00, 0x00, 0x00, 0x00, 0x00, 0x00, 0x00, 0x00, 0x00, 0x00,
	0x00, 0x00, 0x00, 0x00, 0x00, 0x00, 0x00, 0x00, 0x00, 0x00, 0x00, 0x00, 0x00, 0x00, 0x00, 0x00,
	0x00, 0x00, 0x00, 0x00, 0x00, 0x00, 0x00, 0x00, 0x00, 0x00, 0x00, 0x00, 0x00, 0x00, 0x00, 0x00,
	0x00, 0x00, 0x00, 0x00, 0x00, 0x00, 0x00, 0x00, 0x00, 0x00, 0x00, 0x00, 0x00, 0x00, 0x00, 0x00,
	0x00, 0x00, 0x00, 0x00, 0x00, 0x00, 0x00, 0x00, 0x00, 0x00, 0x00, 0x00, 0x00, 0x00, 0x00, 0x00,
	0x00, 0x00, 0x00, 0x00, 0x00, 0x00, 0x00, 0x00, 0x00, 0x00, 0x00, 0x00, 0x00, 0x00, 0x00, 0x00,
	0x00, 0x00, 0x00, 0x00, 0x00, 0x00, 0x00, 0x00, 0x00, 0x00, 0x00, 0x00, 0x00, 0x00, 0x00, 0x00,
	0x00, 0x00, 0x00, 0x00, 0x00, 0x00, 0x00, 0x00, 0x00, 0x00, 0x00, 0x00, 0x00, 0x00, 0x00, 0x00,
	0x00, 0x00, 0x00, 0x00, 0x00, 0x00, 0x00, 0x00, 0x00, 0x00, 0x00, 0x00, 0x00, 0x00, 0x00, 0x00,
	0x00, 0x00, 0x00, 0x00, 0x00, 0x00, 0x00, 0x00, 0x00, 0x00, 0x00, 0x00, 0x00, 0x00, 0x00, 0x00,
	0x00, 0x00, 0x00, 0x00, 0x00, 0x00, 0x00, 0x00, 0x00, 0x00, 0x00, 0x00, 0x00, 0x00, 0x00, 0x00,
	0x00, 0x00, 0x00, 0x00, 0x00, 0x00, 0x00, 0x00, 0x00, 0x00, 0x00, 0x00, 0x00, 0x00, 0x00, 0x00,
	0x00, 0x00, 0x00, 0x00, 0x00, 0x00, 0x00, 0x00, 0x00, 0x00, 0x00, 0x00, 0x00, 0x00, 0x00, 0x00,
	0x00, 0x00, 0x00, 0x00, 0x00, 0x00, 0x00, 0x00, 0x00, 0x00, 0x00, 0x00, 0x00, 0x00, 0x00, 0x00,
	0x00, 0x00, 0x00, 0x00, 0x00, 0x00, 0x00, 0x00, 0x00, 0x00, 0x00, 0x00, 0x00, 0x00, 0x00, 0x00,
	0x00, 0x00, 0x00, 0x00, 0x00, 0x00, 0x00, 0x00, 0x00, 0x00, 0x00, 0x00, 0x00, 0x00, 0x00, 0x00,
	0x00, 0x00, 0x00, 0x00, 0x00, 0x00, 0x00, 0x00, 0x00, 0x00, 0x00, 0x00, 0x00, 0x00, 0x00, 0x00,
	0x00, 0x00, 0x00, 0x00, 0x00, 0x00, 0x00, 0x00, 0x00, 0x00, 0x00, 0x00, 0x00, 0x00, 0x00, 0x00,
	0x00, 0x00, 0x00, 0x00, 0x00, 0x00, 0x00, 0x00, 0x00, 0x00, 0x00, 0x00, 0x00, 0x00, 0x00, 0x00,
	0x00, 0x00, 0x00, 0x00, 0x00, 0x00, 0x00, 0x00, 0x00, 0x00, 0x00, 0x00, 0x00, 0x00, 0x00, 0x00,
	0x00, 0x00, 0x00, 0x00, 0x00, 0x00, 0x00, 0x00, 0x00, 0x00, 0x00, 0x00, 0x00, 0x00, 0x00, 0x00,
	0x00, 0x00, 0x00, 0x00, 0x00, 0x00, 0x00, 0x00, 0x00, 0x00, 0x00, 0x00, 0x00, 0x00, 0x00, 0x00,
	0x00, 0x00, 0x00, 0x00, 0x00, 0x00, 0x00, 0x00, 0x00, 0x00, 0x00, 0x00, 0x00, 0x00, 0x00, 0x00,
	0x00, 0x00, 0x00, 0x00, 0x00, 0x00, 0x00, 0x00, 0x00, 0x00, 0x00, 0x00, 0x00, 0x00, 0x00, 0x00,
	0x00, 0x00, 0x00, 0x00, 0x00, 0x00, 0x00, 0x00, 0x00, 0x00, 0x00, 0x00, 0x00, 0x00, 0x00, 0x00,
	0x00, 0x00, 0x00, 0x00, 0x00, 0x00, 0x00, 0x00, 0x00, 0x00, 0x00, 0x00, 0x00, 0x00, 0x00, 0x00,
	0x00, 0x00, 0x00, 0x00, 0x00, 0x00, 0x00, 0x00, 0x00, 0x00, 0x00, 0x00, 0x00, 0x00, 0x00, 0x00,
	0x00, 0x00, 0x00, 0x00, 0x00, 0x00, 0x00, 0x00, 0x00, 0x00, 0x00, 0x00, 0x00, 0x00, 0x00, 0x00,
	0x00, 0x00, 0x00, 0x00, 0x00, 0x00, 0x00, 0x00, 0x00, 0x00, 0x00, 0x00, 0x00, 0x00, 0x00, 0x00,
	0x00, 0x00, 0x00, 0x00, 0x00, 0x00, 0x00, 0x00, 0x00, 0x00, 0x00, 0x00, 0x00, 0x00, 0x00, 0x00,
	0x00, 0x00, 0x00, 0x00, 0x00, 0x00, 0x00, 0x00, 0x00, 0x00, 0x00, 0x00, 0x00, 0x00, 0x00, 0x00,
	0x00, 0x00, 0x00, 0x00, 0x00, 0x00, 0x00, 0x00, 0x00, 0x00, 0x00, 0x00, 0x00, 0x00, 0x00, 0x00,
	0x00, 0x00, 0x00, 0x00, 0x00, 0x00, 0x00, 0x00, 0x00, 0x00, 0x00, 0x00, 0x00, 0x00, 0x00, 0x00,
	0x00, 0x00, 0x00, 0x00, 0x00, 0x00, 0x00, 0x00, 0x00, 0x00, 0x00, 0x00, 0x00, 0x00, 0x00, 0x00,
	0x00, 0x00, 0x00, 0x00, 0x00, 0x00, 0x00, 0x00, 0x00, 0x00, 0x00, 0x00, 0x00, 0x00, 0x00, 0x00,
	0x00, 0x00, 0x00, 0x00, 0x00, 0x00, 0x00, 0x00, 0x00, 0x00, 0x00, 0x00, 0x00, 0x00, 0x00, 0x00,
	0x00, 0x00, 0x00, 0x00, 0x00, 0x00, 0x00, 0x00, 0x00, 0x00, 0x00, 0x00, 0x00, 0x00, 0x00, 0x00,
	0x00, 0x00, 0x00, 0x00, 0x00, 0x00, 0x00, 0x00, 0x00, 0x00, 0x00, 0x00, 0x00, 0x00, 0x00, 0x00,
	0x00, 0x00, 0x00, 0x00, 0x00, 0x00, 0x00, 0x00, 0x00, 0x00, 0x00, 0x00, 0x00, 0x00, 0x00, 0x00,
	0x00, 0x00, 0x00, 0x00, 0x00, 0x00, 0x00, 0x00, 0x00, 0x00, 0x00, 0x00, 0x00, 0x00, 0x00, 0x00,
	0x00, 0x00, 0x00, 0x00, 0x00, 0x00, 0x00, 0x00, 0x00, 0x00, 0x00, 0x00, 0x00, 0x00, 0x00, 0x00,
	0x00, 0x00, 0x00, 0x00, 0x00, 0x00, 0x00, 0x00, 0x00, 0x00, 0x00, 0x00, 0x00, 0x00, 0x00, 0x00,
	0x00, 0x00, 0x00, 0x00, 0x00, 0x00, 0x00, 0x00, 0x00, 0x00, 0x00, 0x00, 0x00, 0x00, 0x00, 0x00,
	0x00, 0x00, 0x00, 0x00, 0x00, 0x00, 0x00, 0x00, 0x00, 0x00, 0x00, 0x00, 0x00, 0x00, 0x00, 0x00,
	0x00, 0x00, 0x00, 0x00, 0x00, 0x00, 0x00, 0x00, 0x00, 0x00, 0x00, 0x00, 0x00, 0x00, 0x00, 0x00,
	0x00, 0x00, 0x00, 0x00, 0x00, 0x00, 0x00, 0x00, 0x00, 0x00, 0x00, 0x00, 0x00, 0x00, 0x00, 0x00,
	0x00, 0x00, 0x00, 0x00, 0x00, 0x00, 0x11, 0x03, 0x82, 0x00, 0x00, 0x01, 0x03, 0x00, 0x00, 0x00,
	0x00, 0x00, 0x00, 0x00, 0x00, 0x00, 0x00, 0x00, 0x00, 0x00, 0x00, 0x00, 0x00, 0x00, 0x00, 0x00,
	0x00, 0x00, 0x00, 0x00, 0x00, 0x00, 0x00, 0x00, 0x00, 0x00, 0x00, 0x00, 0x00, 0x00, 0x00, 0x00,
	0x00, 0x00, 0x00, 0x00, 0x00, 0x00, 0x00, 0x00, 0x00, 0x00, 0x00, 0x00, 0x00, 0x00, 0x00, 0x00,
	0x00, 0x00, 0x00, 0x00, 0x00, 0x00, 0x00, 0x00, 0x00, 0x00, 0x00, 0x00, 0x00, 0x00, 0x00, 0x00,
	0x00, 0x00, 0x00, 0x00, 0x00, 0x00, 0x00, 0x00, 0x00, 0x00, 0x00, 0x00, 0x00, 0x00, 0x00, 0x00,
	0x00, 0x00, 0x00, 0x00, 0x00, 0x00, 0x00, 0x00, 0x00, 0x00, 0x00, 0x00, 0x00, 0x00, 0x00, 0x00,
	0x00, 0x00, 0x00, 0x00, 0x00, 0x00, 0x00, 0x00, 0x00, 0x00, 0x00, 0x00, 0x00, 0x00, 0x00, 0x00,
	0x00, 0x00, 0x00, 0x00, 0x00, 0x00, 0x00, 0x00, 0x00, 0x00, 0x00, 0x00, 0x00, 0x00, 0x00, 0x00,
	0x00, 0x00, 0x00, 0x00, 0x00, 0x00, 0x00, 0x00, 0x00, 0x00, 0x00, 0x00, 0x00, 0x00, 0x00, 0x00,
	0x00, 0x00, 0x00, 0x00, 0x00, 0x00, 0x00, 0x00, 0x00, 0x00, 0x00, 0x00, 0x00, 0x00, 0x00, 0x00,
	0x00, 0x00, 0x00, 0x00, 0x00, 0x00, 0x00, 0x00, 0x00, 0x00, 0x00, 0x00, 0x00, 0x00, 0x00, 0x00,
	0x00, 0x00, 0x00, 0x00, 0x00, 0x00, 0x00, 0x00, 0x00, 0x00, 0x00, 0x00, 0x00, 0x00, 0x00, 0x00,
	0x00, 0x00, 0x00, 0x00, 0x00, 0x00, 0x00, 0x00, 0x00, 0x00, 0x00, 0x00, 0x00, 0x00, 0x00, 0x00,
	0x00, 0x00, 0x00, 0x00, 0x00, 0x00, 0x00, 0x00, 0x00, 0x00, 0x00, 0x00, 0x00, 0x00, 0x00, 0x00,
	0x00, 0x00, 0x00, 0x00, 0x00, 0x00, 0x00, 0x00, 0x00, 0x00, 0x00, 0x00, 0x00, 0x00, 0x00, 0x00,
	0x00, 0x00, 0x00, 0x00, 0x00, 0x00, 0x00, 0x00, 0x00, 0x00, 0x00, 0x00, 0x00, 0x00, 0x00, 0x00,
	0x00, 0x00, 0x00, 0x00, 0x00, 0x00, 0x00, 0x00, 0x00, 0x00, 0x00, 0x00, 0x00, 0x00, 0x00, 0x00,
	0x00, 0x00, 0x00, 0x00, 0x00, 0x00, 0x00, 0x00, 0x00, 0x00, 0x00, 0x00, 0x00, 0x00, 0x00, 0x00,
	0x00, 0x00, 0x00, 0x00, 0x00, 0x00, 0x00, 0x00, 0x00, 0x00, 0x00, 0x00, 0x00, 0x00, 0x00, 0x00,
	0x00, 0x00, 0x00, 0x00, 0x00, 0x00, 0x00, 0x00, 0x00, 0x00, 0x00, 0x00, 0x00, 0x00, 0x00, 0x00,
	0x00, 0x00, 0x00, 0x00, 0x00, 0x00, 0x00, 0x00, 0x00, 0x00, 0x00, 0x00, 0x00, 0x00, 0x00, 0x00,
	0x00, 0x00, 0x00, 0x00, 0x00, 0x00, 0x00, 0x00, 0x00, 0x00, 0x00, 0x00, 0x00, 0x00, 0x00, 0x00,
	0x00, 0x00, 0x00, 0x00, 0x00, 0x00, 0x00, 0x00, 0x00, 0x00, 0x00, 0x00, 0x00, 0x00, 0x00, 0x00,
	0x00, 0x00, 0x00, 0x00, 0x00, 0x00, 0x00, 0x00, 0x00, 0x00, 0x00, 0x00, 0x00, 0x00, 0x00, 0x00,
	0x00, 0x00, 0x00, 0x00, 0x00, 0x00, 0x00, 0x00, 0x00, 0x00, 0x00, 0x00, 0x00, 0x00, 0x00, 0x00,
	0x00, 0x00, 0x00, 0x00, 0x00, 0x00, 0x00, 0x00, 0x00, 0x00, 0x00, 0x00, 0x00, 0x00, 0x00, 0x00,
	0x00, 0x00, 0x00, 0x00, 0x00, 0x00, 0x00, 0x00, 0x00, 0x00, 0x00, 0x00, 0x00, 0x00, 0x00, 0x00,
	0x00, 0x00, 0x00, 0x00, 0x00, 0x00, 0x00, 0x00, 0x00, 0x00, 0x00, 0x00, 0x00, 0x00, 0x00, 0x00,
	0x00, 0x00, 0x00, 0x00, 0x00, 0x00, 0x00, 0x00, 0x00, 0x00, 0x00, 0x00, 0x00, 0x00, 0x00, 0x00,
	0x00, 0x00, 0x00, 0x00, 0x00, 0x00, 0x00, 0x00, 0x00, 0x00, 0x00, 0x00, 0x00, 0x00, 0x00, 0x00,
	0x00, 0x00, 0x00, 0x00, 0x00, 0x00, 0x00, 0x00, 0x00, 0x00, 0x00, 0x00, 0x00, 0x00, 0x00, 0x00,
	0x00, 0x00, 0x00, 0x00, 0x00, 0x00, 0x00, 0x00, 0x00, 0x00, 0x00, 0x00, 0x00, 0x00, 0x00, 0x00,
	0x00, 0x00, 0x00, 0x00, 0x00, 0x00, 0x00, 0x00, 0x00, 0x00, 0x00, 0x00, 0x00, 0x00, 0x00, 0x00,
	0x00, 0x00, 0x00, 0x00, 0x00, 0x00, 0x00, 0x00, 0x00, 0x00, 0x00, 0x00, 0x00, 0x00, 0x00, 0x00,
	0x00, 0x00, 0x00, 0x00, 0x00, 0x00, 0x00, 0x00, 0x00, 0x00, 0x00, 0x00, 0x00, 0x00, 0x00, 0x00,
	0x00, 0x00, 0x00, 0x00, 0x00, 0x00, 0x00, 0x00, 0x00, 0x00, 0x00, 0x00, 0x00, 0x00, 0x00, 0x00,
	0x00, 0x00, 0x00, 0x00, 0x00, 0x00, 0x00, 0x00, 0x00, 0x00, 0x00, 0x00, 0x00, 0x00, 0x00, 0x00,
	0x00, 0x00, 0x00, 0x00, 0x00, 0x00, 0x00, 0x00, 0x00, 0x00, 0x00, 0x00, 0x00, 0x00, 0x00, 0x00,
	0x00, 0x00, 0x00, 0x00, 0x00, 0x00, 0x00, 0x00, 0x00, 0x00, 0x00, 0x00, 0x00, 0x00, 0x00, 0x00,
	0x00, 0x00, 0x00, 0x00, 0x00, 0x00, 0x00, 0x00, 0x00, 0x00, 0x00, 0x00, 0x00, 0x00, 0x00, 0x00,
	0x00, 0x00, 0x00, 0x00, 0x00, 0x00, 0x00, 0x00, 0x00, 0x00, 0x00, 0x00, 0x00, 0x00, 0x00, 0x00,
	0x00, 0x00, 0x00, 0x00, 0x00, 0x00, 0x00, 0x00, 0x00, 0x00, 0x00, 0x00, 0x00, 0x00, 0x00, 0x00,
	0x00, 0x00, 0x00, 0x00, 0x00, 0x00, 0x00, 0x00, 0x00, 0x00, 0x00, 0x00, 0x00, 0x00, 0x00, 0x00,
	0x00, 0x00, 0x00, 0x00, 0x00, 0x00, 0x00, 0x00, 0x00, 0x00, 0x00, 0x00, 0x00, 0x00, 0x00, 0x00,
	0x00, 0x00, 0x00, 0x00, 0x00, 0x00, 0x00, 0x00, 0x00, 0x00, 0x00, 0x00, 0x00, 0x00, 0x00, 0x00,
	0x00, 0x00, 0x00, 0x00, 0x00, 0x00, 0x00, 0x00, 0x00, 0x00, 0x00, 0x00, 0x00, 0x00, 0x00, 0x00,
	0x00, 0x00, 0x00, 0x00, 0x00, 0x00, 0x00, 0x00, 0x00, 0x00, 0x00, 0x00, 0x00, 0x00, 0x00, 0x00,
	0x00, 0x00, 0x00, 0x00, 0x00, 0x00, 0x00, 0x00, 0x00, 0x00, 0x00, 0x00, 0x00, 0x00, 0x00, 0x00,
	0x00, 0x00, 0x00, 0x00, 0x00, 0x00, 0x00, 0x00, 0x00, 0x00, 0x00, 0x00, 0x00, 0x00, 0x00, 0x00,
	0x00, 0x00, 0x00, 0x00, 0x00, 0x00, 0x00, 0x00, 0x00, 0x00, 0x00, 0x00, 0x00, 0x00, 0x00, 0x00,
	0x00, 0x00, 0x00, 0x00, 0x00, 0x00, 0x00, 0x00, 0x00, 0x00, 0x00, 0x00, 0x00, 0x00, 0x00, 0x00,
	0x00, 0x00, 0x00, 0x00, 0x00, 0x00, 0x00, 0x00, 0x00, 0x00, 0x00, 0x00, 0x00, 0x00, 0x00, 0x00,
	0x00, 0x00, 0x00, 0x00, 0x00, 0x00, 0x00, 0x00, 0x00, 0x00, 0x00, 0x00, 0x00, 0x00, 0x00, 0x00,
	0x00, 0x00, 0x00, 0x00, 0x00, 0x00, 0x00, 0x00, 0x00, 0x00, 0x00, 0x00, 0x00, 0x00, 0x00, 0x00,
	0x00, 0x00, 0x00, 0x00, 0x00, 0x00, 0x00, 0x00, 0x00, 0x00, 0x00, 0x00, 0x00, 0x00, 0x00, 0x00,
	0x00, 0x00, 0x00, 0x00, 0x00, 0x00, 0x00, 0x00, 0x00, 0x00, 0x00, 0x00, 0x00, 0x00, 0x00, 0x00,
	0x00, 0x00, 0x00, 0x00, 0x00, 0x00, 0x00, 0x00, 0x00, 0x00, 0x00, 0x00, 0x00, 0x00, 0x00, 0x00,
	0x00, 0x00, 0x00, 0x00, 0x00, 0x00, 0x00, 0x00, 0x00, 0x00, 0x00, 0x00, 0x00, 0x00, 0x00, 0x00,
	0x00, 0x00, 0x00, 0x00, 0x00, 0x00, 0x00, 0x00, 0x00, 0x00, 0x00, 0x00, 0x00, 0x00, 0x00, 0x00,
	0x00, 0x00, 0x00, 0x00, 0x00, 0x00, 0x00, 0x00, 0x00, 0x00, 0x00, 0x00, 0x00, 0x00, 0x00, 0x00,
	0x00, 0x00, 0x00, 0x00, 0x00, 0x00, 0x00, 0x00, 0x00, 0x00, 0x00, 0x00, 0x00, 0x00, 0x00, 0x00,
	0x00, 0x00, 0x00, 0x00, 0x00, 0x00, 0x00, 0x00, 0x00, 0x00, 0x00, 0x00, 0x00, 0x00, 0x00, 0x00,
	0x00, 0x00, 0x00, 0x00, 0x00, 0x00, 0x00, 0x00, 0x00, 0x00, 0x00, 0x00, 0x00, 0x00, 0x00, 0x00,
	0x00, 0x00, 0x00, 0x00, 0x00, 0x00, 0x00, 0x00, 0x00, 0x00, 0x00, 0x00, 0x00, 0x00, 0x00, 0x82,
	0x00, 0x80, 0x01, 0x03, 0x00, 0x00, 0x00, 0x00, 0x00, 0x00, 0x00, 0x00, 0x00, 0x00, 0x00, 0x00,
	0x00, 0x00, 0x00, 0x00, 0x00, 0x00, 0x00, 0x00, 0x00, 0x00, 0x00, 0x00, 0x00, 0x00, 0x00, 0x00,
	0x00, 0x00, 0x00, 0x00, 0x00, 0x00, 0x00, 0x00, 0x00, 0x00, 0x00, 0x00, 0x00, 0x00, 0x00, 0x00,
	0x00, 0x00, 0x00, 0x00, 0x00, 0x00, 0x00, 0x00, 0x00, 0x00, 0x00, 0x00, 0x00, 0x00, 0x00, 0x00,
	0x00, 0x00, 0x00, 0x00, 0x00, 0x00, 0x00, 0x00, 0x00, 0x00, 0x00, 0x00, 0x00, 0x00, 0x00, 0x00,
	0x00, 0x00, 0x00, 0x00, 0x00, 0x00, 0x00, 0x00, 0x00, 0x00, 0x00, 0x00, 0x00, 0x00, 0x00, 0x00,
	0x00, 0x00, 0x00, 0x00, 0x00, 0x00, 0x00, 0x00, 0x00, 0x00, 0x00, 0x00, 0x00, 0x00, 0x00, 0x00,
	0x00, 0x00, 0x00, 0x00, 0x00, 0x00, 0x00, 0x00, 0x00, 0x00, 0x00, 0x00, 0x00, 0x00, 0x00, 0x00,
	0x00, 0x00, 0x00, 0x00, 0x00, 0x00, 0x00, 0x00, 0x00, 0x00, 0x00, 0x00, 0x00, 0x00, 0x00, 0x00,
	0x00, 0x00, 0x00, 0x00, 0x00, 0x00, 0x00, 0x00, 0x00, 0x00, 0x00, 0x00, 0x00, 0x00, 0x00, 0x00,
	0x00, 0x00, 0x00, 0x00, 0x00, 0x00, 0x00, 0x00, 0x00, 0x00, 0x00, 0x00, 0x00, 0x00, 0x00, 0x00,
	0x00, 0x00, 0x00, 0x00, 0x00, 0x00, 0x00, 0x00, 0x00, 0x00, 0x00, 0x00, 0x00, 0x00, 0x00, 0x00,
	0x00, 0x00, 0x00, 0x00, 0x00, 0x00, 0x00, 0x00, 0x00, 0x00, 0x00, 0x00, 0x00, 0x00, 0x00, 0x00,
	0x00, 0x00, 0x00, 0x00, 0x00, 0x00, 0x00, 0x00, 0x00, 0x00, 0x00, 0x00, 0x00, 0x00, 0x00, 0x00,
	0x00, 0x00, 0x00, 0x00, 0x00, 0x00, 0x00, 0x00, 0x00, 0x00, 0x00, 0x00, 0x00, 0x00, 0x00, 0x00,
	0x00, 0x00, 0x00, 0x00, 0x00, 0x00, 0x00, 0x00, 0x00, 0x00, 0x00, 0x00, 0x00, 0x00, 0x00, 0x00,
	0x00, 0x00, 0x00, 0x00, 0x00, 0x00, 0x00, 0x00, 0x00, 0x00, 0x00, 0x00, 0x00, 0x00, 0x00, 0x00,
	0x00, 0x00, 0x00, 0x00, 0x00, 0x00, 0x00, 0x00, 0x00, 0x00, 0x00, 0x00, 0x00, 0x00, 0x00, 0x00,
	0x00, 0x00, 0x00, 0x00, 0x00, 0x00, 0x00, 0x00, 0x00, 0x00, 0x00, 0x00, 0x00, 0x00, 0x00, 0x00,
	0x00, 0x00, 0x00, 0x00, 0x00, 0x00, 0x00, 0x00, 0x00, 0x00, 0x00, 0x00, 0x00, 0x00, 0x00, 0x00,
	0x00, 0x00, 0x00, 0x00, 0x00, 0x00, 0x00, 0x00, 0x00, 0x00, 0x00, 0x00, 0x00, 0x00, 0x00, 0x00,
	0x00, 0x00, 0x00, 0x00, 0x00, 0x00, 0x00, 0x00, 0x00, 0x00, 0x00, 0x00, 0x00, 0x00, 0x00, 0x00,
	0x00, 0x00, 0x00, 0x00, 0x00, 0x00, 0x00, 0x00, 0x00, 0x00, 0x00, 0x00, 0x00, 0x00, 0x00, 0x00,
	0x00, 0x00, 0x00, 0x00, 0x00, 0x00, 0x00, 0x00, 0x00, 0x00, 0x00, 0x00, 0x00, 0x00, 0x00, 0x00,
	0x00, 0x00, 0x00, 0x00, 0x00, 0x00, 0x00, 0x00, 0x00, 0x00, 0x00, 0x00, 0x00, 0x00, 0x00, 0x00,
	0x00, 0x00, 0x00, 0x00, 0x00, 0x00, 0x00, 0x00, 0x00, 0x00, 0x00, 0x00, 0x00, 0x00, 0x00, 0x00,
	0x00, 0x00, 0x00, 0x00, 0x00, 0x00, 0x00, 0x00, 0x00, 0x00, 0x00, 0x00, 0x00, 0x00, 0x00, 0x00,
	0x00, 0x00, 0x00, 0x00, 0x00, 0x00, 0x00, 0x00, 0x00, 0x00, 0x00, 0x00, 0x00, 0x00, 0x00, 0x00,
	0x00, 0x00, 0x00, 0x00, 0x00, 0x00, 0x00, 0x00, 0x00, 0x00, 0x00, 0x00, 0x00, 0x00, 0x00, 0x00,
	0x00, 0x00, 0x00, 0x00, 0x00, 0x00, 0x00, 0x00, 0x00, 0x00, 0x00, 0x00, 0x00, 0x00, 0x00, 0x00,
	0x00, 0x00, 0x00, 0x00, 0x00, 0x00, 0x00, 0x00, 0x00, 0x00, 0x00, 0x00, 0x00, 0x00, 0x00, 0x00,
	0x00, 0x00, 0x00, 0x00, 0x00, 0x00, 0x00, 0x00, 0x00, 0x00, 0x00, 0x00, 0x00, 0x00, 0x00, 0x00,
	0x00, 0x00, 0x00, 0x00, 0x00, 0x00, 0x00, 0x00, 0x00, 0x00, 0x00, 0x00, 0x00, 0x00, 0x00, 0x00,
	0x00, 0x00, 0x00, 0x00, 0x00, 0x00, 0x00, 0x00, 0x00, 0x00, 0x00, 0x00, 0x00, 0x00, 0x00, 0x00,
	0x00, 0x00, 0x00, 0x00, 0x00, 0x00, 0x00, 0x00, 0x00, 0x00, 0x00, 0x00, 0x00, 0x00, 0x00, 0x00,
	0x00, 0x00, 0x00, 0x00, 0x00, 0x00, 0x00, 0x00, 0x00, 0x00, 0x00, 0x00, 0x00, 0x00, 0x00, 0x00,
	0x00, 0x00, 0x00, 0x00, 0x00, 0x00, 0x00, 0x00, 0x00, 0x00, 0x00, 0x00, 0x00, 0x00, 0x00, 0x00,
	0x00, 0x00, 0x00, 0x00, 0x00, 0x00, 0x00, 0x00, 0x00, 0x00, 0x00, 0x00, 0x00, 0x00, 0x00, 0x00,
	0x00, 0x00, 0x00, 0x00, 0x00, 0x00, 0x00, 0x00, 0x00, 0x00, 0x00, 0x00, 0x00, 0x00, 0x00, 0x00,
	0x00, 0x00, 0x00, 0x00, 0x00, 0x00, 0x00, 0x00, 0x00, 0x00, 0x00, 0x00, 0x00, 0x00, 0x00, 0x00,
	0x00, 0x00, 0x00, 0x00, 0x00, 0x00, 0x00, 0x00, 0x00, 0x00, 0x00, 0x00, 0x00, 0x00, 0x00, 0x00,
	0x00, 0x00, 0x00, 0x00, 0x00, 0x00, 0x00, 0x00, 0x00, 0x00, 0x00, 0x00, 0x00, 0x00, 0x00, 0x00,
	0x00, 0x00, 0x00, 0x00, 0x00, 0x00, 0x00, 0x00, 0x00, 0x00, 0x00, 0x00, 0x00, 0x00, 0x00, 0x00,
	0x00, 0x00, 0x00, 0x00, 0x00, 0x00, 0x00, 0x00, 0x00, 0x00, 0x00, 0x00, 0x00, 0x00, 0x00, 0x00,
	0x00, 0x00, 0x00, 0x00, 0x00, 0x00, 0x00, 0x00, 0x00, 0x00, 0x00, 0x00, 0x00, 0x00, 0x00, 0x00,
	0x00, 0x00, 0x00, 0x00, 0x00, 0x00, 0x00, 0x00, 0x00, 0x00, 0x00, 0x00, 0x00, 0x00, 0x00, 0x00,
	0x00, 0x00, 0x00, 0x00, 0x00, 0x00, 0x00, 0x00, 0x00, 0x00, 0x00, 0x00, 0x00, 0x00, 0x00, 0x00,
	0x00, 0x00, 0x00, 0x00, 0x00, 0x00, 0x00, 0x00, 0x00, 0x00, 0x00, 0x00, 0x00, 0x00, 0x00, 0x00,
	0x00, 0x00, 0x00, 0x00, 0x00, 0x00, 0x00, 0x00, 0x00, 0x00, 0x00, 0x00, 0x00, 0x00, 0x00, 0x00,
	0x00, 0x00, 0x00, 0x00, 0x00, 0x00, 0x00, 0x00, 0x00, 0x00, 0x00, 0x00, 0x00, 0x00, 0x00, 0x00,
	0x00, 0x00, 0x00, 0x00, 0x00, 0x00, 0x00, 0x00, 0x00, 0x00, 0x00, 0x00, 0x00, 0x00, 0x00, 0x00,
	0x00, 0x00, 0x00, 0x00, 0x00, 0x00, 0x00, 0x00, 0x00, 0x00, 0x00, 0x00, 0x00, 0x00, 0x00, 0x00,
	0x00, 0x00, 0x00, 0x00, 0x00, 0x00, 0x00, 0x00, 0x00, 0x00, 0x00, 0x00, 0x00, 0x00, 0x00, 0x00,
	0x00, 0x00, 0x00, 0x00, 0x00, 0x00, 0x00, 0x00, 0x00, 0x00, 0x00, 0x00, 0x00, 0x00, 0x00, 0x00,
	0x00, 0x00, 0x00, 0x00, 0x00, 0x00, 0x00, 0x00, 0x00, 0x00, 0x00, 0x00, 0x00, 0x00, 0x00, 0x00,
	0x00, 0x00, 0x00, 0x00, 0x00, 0x00, 0x00, 0x00, 0x00, 0x00, 0x00, 0x00, 0x00, 0x00, 0x00, 0x00,
	0x00, 0x00, 0x00, 0x00, 0x00, 0x00, 0x00, 0x00, 0x00, 0x00, 0x00, 0x00, 0x00, 0x00, 0x00, 0x00,
	0x00, 0x00, 0x00, 0x00, 0x00, 0x00, 0x00, 0x00, 0x00, 0x00, 0x00, 0x00, 0x00, 0x00, 0x00, 0x00,
	0x00, 0x00, 0x00, 0x00, 0x00, 0x00, 0x00, 0x00, 0x00, 0x00, 0x00, 0x00, 0x00, 0x00, 0x00, 0x00,
	0x00, 0x00, 0x00, 0x00, 0x00, 0x00, 0x00, 0x00, 0x00, 0x00, 0x00, 0x00, 0x00, 0x00, 0x00, 0x00,
	0x00, 0x00, 0x00, 0x00, 0x00, 0x00, 0x00, 0x00, 0x00, 0x00, 0x00, 0x00, 0x00, 0x00, 0x00, 0x00,
	0x00, 0x00, 0x00, 0x00, 0x00, 0x00, 0x00, 0x00, 0x00, 0x00, 0x00, 0x00, 0x00, 0x00, 0x00, 0x00,
	0x00, 0x00, 0x00, 0x00, 0x00, 0x00, 0x00, 0x00, 0x00, 0x00, 0x00, 0x00, 0x00, 0x00, 0x00, 0x00,
	0x00, 0x00, 0x00, 0x00, 0x00, 0x00, 0x00, 0x00, 0x00, 0x00, 0x00, 0x00, 0x00, 0x00, 0x00, 0x00,
	0x00, 0x00, 0x00, 0x00, 0x00, 0x00, 0x22, 0x24, 0x38, 0x01, 0x06, 0x00,
};

#ifdef __cplusplus
}
#endif

#endif // __cariboulite_fpga_firmware_h__
